
> qmonster-creator@0.1.0 build
> tsc -b && npm run build -w @qmonster/creator-web


> @qmonster/creator-web@0.1.0 build
> vite build

vite v8.2.2 building client environment for production...
transforming...
✓ 3444 modules transformed.
rendering chunks...
computing gzip size...
dist/v09-user-review.html                                                                     0.47 kB │ gzip:   0.27 kB
dist/render-test.html                                                                         0.49 kB │ gzip:   0.31 kB
dist/v09-preview-test.html                                                                    0.63 kB │ gzip:   0.33 kB
dist/production-render-test.html                                                              0.77 kB │ gzip:   0.41 kB
dist/acceptance-render.html                                                                   0.97 kB │ gzip:   0.46 kB
dist/index.html                                                                               1.13 kB │ gzip:   0.52 kB
dist/catalog-report.html                                                                      1.14 kB │ gzip:   0.51 kB
dist/assets/tail_none-DVv273Le.png                                                            4.16 kB
dist/assets/mouthRegion-Dl-rwe5J.webp                                                         4.26 kB
dist/assets/pattern_l_aurora-constellation-D5VMlrT9.webp                                      4.29 kB
dist/assets/mutationTailTip-DgU3kg9f.webp                                                     4.40 kB
dist/assets/blob-accent-yZipE2c-.png                                                          4.47 kB
dist/assets/blob-accent-BuFPqiAM.png                                                          4.50 kB
dist/assets/effect_r_firefly-drift-KUC4EIiw.webp                                              4.60 kB
dist/assets/mouthShape_n_curious-o-BN_10iAs.webp                                              4.67 kB
dist/assets/mouthShape_n_calm-line-C5ERxUeA.webp                                              4.67 kB
dist/assets/mouthShape_r_moon-pout-D_ac0JoB.webp                                              4.69 kB
dist/assets/mouthShape_n_kitten-grin-DHoVxmth.webp                                            4.69 kB
dist/assets/floating-accent-B14PrxRI.png                                                      4.69 kB
dist/assets/biped-accent-DxgadVAz.png                                                         4.70 kB
dist/assets/mouthShape_n_tiny-smile-BfAj8YdF.webp                                             4.70 kB
dist/assets/mouthShape_n_bean-smile-lC9TDq7X.webp                                             4.72 kB
dist/assets/effect_r_tiny-hearts-BmqZoGgf.webp                                                4.72 kB
dist/assets/biped-accent-BZD1c-4Z.png                                                         4.73 kB
dist/assets/mouthShape_l_prism-smile-Bq89IHkx.webp                                            4.74 kB
dist/assets/floating-accent-F6kh6Dto.png                                                      4.76 kB
dist/assets/mouthShape_r_heart-muzzle-S_16hmgx.webp                                           4.78 kB
dist/assets/mouthShape_r_fang-smile-BecIjUzN.webp                                             4.79 kB
dist/assets/mouthShape_r_ribbon-grin-CDXaK-bi.webp                                            4.80 kB
dist/assets/mouthShape_n_soft-pout-AeiZgMUQ.webp                                              4.80 kB
dist/assets/clip-BTIYvy9Y.webp                                                                4.81 kB
dist/assets/mouthShape_n_shy-smile-C8m4E4TW.webp                                              4.81 kB
dist/assets/mouthShape_n_open-happy-B71KIt2O.webp                                             4.82 kB
dist/assets/blob-accent-BA5J7nNs.png                                                          4.95 kB
dist/assets/floating-accent-DzIeA0rU.png                                                      5.05 kB
dist/assets/clip-B_iSPKF7.webp                                                                5.06 kB
dist/assets/biped-accent-DLtaxfDD.png                                                         5.12 kB
dist/assets/clip-CTINoen9.webp                                                                5.23 kB
dist/assets/headShape_r_lynx-tuft-CWDr07gQ.webp                                               5.33 kB
dist/assets/effect_r_moon-motes-Dqg9heBV.webp                                                 5.34 kB
dist/assets/blob-secondary-BkW_EGGi.png                                                       5.36 kB
dist/assets/headShape_n_neat-crown-D87UHrI-.webp                                              5.37 kB
dist/assets/clip-CHB8ovDa.webp                                                                5.42 kB
dist/assets/headShape_n_narrow-bib-Bsdp-RIy.webp                                              5.42 kB
dist/assets/headShape_r_crescent-cheek-DK49Us08.webp                                          5.42 kB
dist/assets/headShape_n_oval-cheek-B_CE7R4X.webp                                              5.43 kB
dist/assets/headShape_r_folded-ear-fluff-gJKSOIet.webp                                        5.43 kB
dist/assets/headShape_n_plush-jowl-C356G-Us.webp                                              5.44 kB
dist/assets/clip-Dc2HmjtB.webp                                                                5.44 kB
dist/assets/oralDetail_n_tongue-tip-zlngOqVx.webp                                             5.45 kB
dist/assets/headShape_n_round-cheek-0UmdgQFr.webp                                             5.46 kB
dist/assets/headShape_n_tiny-tuft-gGbVOiV7.webp                                               5.47 kB
dist/assets/headShape_n_soft-brow-Dvg0Y-AG.webp                                               5.48 kB
dist/assets/tail_n_cream-tip-BWU6NY9e.webp                                                    5.48 kB
dist/assets/headShape_r_velvet-brow-DsAkP6jx.webp                                             5.49 kB
dist/assets/tail_n_three-rings-DgIFSXq9.webp                                                  5.49 kB
dist/assets/headShape_l_moon-crown-DhRriHkP.webp                                              5.50 kB
dist/assets/oralDetail_n_dark-tongue-BWts0Okr.webp                                            5.50 kB
dist/assets/clip-Jp2D2lWg.webp                                                                5.50 kB
dist/assets/tail_n_two-rings-Dd334XiW.webp                                                    5.50 kB
dist/assets/tail_n_solid-tip-CTUTg8Fg.webp                                                    5.51 kB
dist/assets/tail_n_pale-gradient-CNDooESY.webp                                                5.51 kB
dist/assets/tail_n_dark-gradient-B04HC_z7.webp                                                5.52 kB
dist/assets/oralDetail_r_berry-tongue-uBwJHmyn.webp                                           5.52 kB
dist/assets/tail_n_dark-tip-BB5vCOte.webp                                                     5.53 kB
dist/assets/mutationBack-Dv0IlwXw.webp                                                        5.54 kB
dist/assets/tail_n_soft-stripe-Dg8aQTXD.webp                                                  5.54 kB
dist/assets/floating-secondary-CjPK4-1H.png                                                   5.57 kB
dist/assets/blob-secondary-CRKcx2zT.png                                                       5.60 kB
dist/assets/clip-BU9Y1LUQ.webp                                                                5.61 kB
dist/assets/blob-secondary-BzVl2T1A.png                                                       5.62 kB
dist/assets/oralDetail_l_galaxy-tongue-CBsX0SVA.webp                                          5.63 kB
dist/assets/tail_r_comet-stripe-CrSdH3YX.webp                                                 5.65 kB
dist/assets/tail_r_pompom-mark-BFrW4pDm.webp                                                  5.68 kB
dist/assets/tail_r_ribbon-bands-D5pT-dKF.webp                                                 5.68 kB
dist/assets/tail_r_fern-tip-BE8Lccl3.webp                                                     5.72 kB
dist/assets/oralDetail_n_pink-tongue-CH9KP64L.webp                                            5.80 kB
dist/assets/floating-secondary-DK9IDzfy.png                                                   5.81 kB
dist/assets/floating-secondary-CIlNjJs1.png                                                   5.81 kB
dist/assets/biped-secondary-DfrDws1i.png                                                      5.92 kB
dist/assets/floating-primary-CP9bgRJs.png                                                     5.95 kB
dist/assets/headAppendage_n_ear-button-BTh4kpyt.webp                                          5.97 kB
dist/assets/clip-tTrFrLdw.webp                                                                5.98 kB
dist/assets/tail_l_aurora-tail-DC9gNMoD.webp                                                  6.00 kB
dist/assets/biped-secondary-DeQ_tN_r.png                                                      6.13 kB
dist/assets/headAppendage_n_star-pin-CK5CZ7j5.webp                                            6.14 kB
dist/assets/biped-secondary-Ba2Pm3wl.png                                                      6.14 kB
dist/assets/arms_r_cloud-cuff-CMEW0zAb.webp                                                   6.19 kB
dist/assets/arms_l_starlight-forepaws-Dp4MYONa.webp                                           6.20 kB
dist/assets/headAppendage_n_tiny-clip-B-7vCkWf.webp                                           6.23 kB
dist/assets/arms_n_soft-claw-D4PHkLDZ.webp                                                    6.23 kB
dist/assets/arms_n_tiny-pad-ClUWGPks.webp                                                     6.24 kB
dist/assets/arms_n_plain-mitten-BWb3mm2W.webp                                                 6.24 kB
dist/assets/headAppendage_r_moth-bow-CQVPedfY.webp                                            6.28 kB
dist/assets/arms_r_crystal-cap-oeotAVJN.webp                                                  6.28 kB
dist/assets/headAppendage_r_sprout-ear-Bl8I0zzG.webp                                          6.29 kB
dist/assets/arms_r_luminous-claw-C1J-eOzr.webp                                                6.31 kB
dist/assets/arms_r_heart-pad-BF9jJq9g.webp                                                    6.33 kB
dist/assets/blob-primary-CLLIpss0.png                                                         6.33 kB
dist/assets/arms_n_tabby-cuff-BU96ewjy.webp                                                   6.34 kB
dist/assets/arms_n_dark-paw-CdaEjOIV.webp                                                     6.34 kB
dist/assets/arms_n_fluffy-wrist-eAOx6tRn.webp                                                 6.34 kB
dist/assets/arms_n_pale-paw-C8WFZJ8z.webp                                                     6.37 kB
dist/assets/arms_n_cream-cuff-P7Z7lZCD.webp                                                   6.38 kB
dist/assets/blob-primary-BaHvt60U.png                                                         6.47 kB
dist/assets/floating-primary-D8h9ZTDX.png                                                     6.48 kB
dist/assets/biped-primary-DlS8__Ls.png                                                        6.58 kB
dist/assets/floating-primary-BwLW323g.png                                                     6.60 kB
dist/assets/biped-primary-CujrrCJ4.png                                                        6.63 kB
dist/assets/headAppendage_l_floating-moon-charm-CIrgfUGa.webp                                 6.66 kB
dist/assets/blob-primary-BAi2sQU4.png                                                         6.89 kB
dist/assets/frontPawDetail-B8HQUi8m.webp                                                      6.90 kB
dist/assets/biped-primary-5Ffi07Du.png                                                        7.24 kB
dist/assets/eyes_n_sleepy-kw0vVz_O.webp                                                       7.25 kB
dist/assets/headAccessory-C9VCScHl.webp                                                       7.30 kB
dist/assets/headAppendage_n_inner-ear-BOCzdNnz.webp                                           7.34 kB
dist/assets/mutationEar-C8nLaj2G.webp                                                         7.45 kB
dist/assets/headAppendage_n_leaf-clip-D1sWMySR.webp                                           7.51 kB
dist/assets/headAppendage_r_crystal-rim-iTMLYQih.webp                                         7.53 kB
dist/assets/headAppendage_n_felt-flower-D75n07nn.webp                                         7.67 kB
dist/assets/headAppendage_n_soft-bow-012yazAC.webp                                            7.68 kB
dist/assets/headAppendage_n_ribbon-knot-nCcEcbeH.webp                                         7.78 kB
dist/assets/eyes_n_round-black-SJGKmfdR.webp                                                  7.97 kB
dist/assets/headAppendage_r_moon-clip-CoIwxy6k.webp                                           7.98 kB
dist/assets/eyes_n_amber-C5Pjuz6N.webp                                                        8.04 kB
dist/assets/eyes_r_mismatched-gem-BKNSNT8Z.webp                                               8.07 kB
dist/assets/eyes_n_violet-Co6375gW.webp                                                       8.21 kB
dist/assets/eyes_r_star-pupil-Dtw-4EK3.webp                                                   8.23 kB
dist/assets/eyes_l_nebula-iris-DhVnR4Xc.webp                                                  8.31 kB
dist/assets/eyes_r_honey-glow-BbDjCyZL.webp                                                   8.39 kB
dist/assets/eyes_n_gentle-D2TygFiy.webp                                                       8.52 kB
dist/assets/eyes_n_blue-BJtoxoI1.webp                                                         8.58 kB
dist/assets/eyes_n_green-CEcJmQiz.webp                                                        8.69 kB
dist/assets/pattern_r_leaf-stripe-Cr5U6yGF.webp                                               8.71 kB
dist/assets/eyes_r_crescent-CGIVapFg.webp                                                     8.72 kB
dist/assets/eyes_n_curious-BchUFB5d.webp                                                      8.73 kB
dist/assets/pattern_n_back-stripe-D24hsKAX.webp                                               8.76 kB
dist/assets/pattern_n_soft-tabby-BQDxL1To.webp                                                8.81 kB
dist/assets/tailSurface-arIpVhhl.webp                                                         8.81 kB
dist/assets/pattern_n_two-tone-DJjjk8SI.webp                                                  8.83 kB
dist/assets/faceSafeZone-CZa1QG37.webp                                                        9.71 kB
dist/assets/pattern_n_points-6TnZ2hM_.webp                                                    9.84 kB
dist/assets/pattern_n_socks-DkkIi5yD.webp                                                     9.90 kB
dist/assets/hindPawDetail-5N-hj1PA.webp                                                      10.57 kB
dist/assets/extraAppendage_n_back-star-BfhicEQa.webp                                         10.98 kB
dist/assets/extraAppendage_r_moon-bell-54jZdgeq.webp                                         11.07 kB
dist/assets/extraAppendage_n_collar-bead-YxI1WkV2.webp                                       11.17 kB
dist/assets/extraAppendage_n_soft-ribbon-DyKeZa9m.webp                                       11.19 kB
dist/assets/extraAppendage_r_whisker-fan-BgcQRcam.webp                                       11.22 kB
dist/assets/extraAppendage_r_crystal-ribbon-CMomCca3.webp                                    11.23 kB
dist/assets/extraAppendage_n_plush-charm-rcXtfi_i.webp                                       11.34 kB
dist/assets/extraAppendage_n_back-button--XThZndM.webp                                       11.42 kB
dist/assets/extraAppendage_r_cheek-plume-DPvuCYZN.webp                                       11.53 kB
dist/assets/extraAppendage_n_tiny-bell-B0ZFyqLG.webp                                         11.65 kB
dist/assets/extraAppendage_n_small-bow-B-Yrz8os.webp                                         11.88 kB
dist/assets/extraAppendage_l_halo-arc-DDUQjigc.webp                                          11.89 kB
dist/assets/extraAppendage_n_mini-leaf-BqFlcchh.webp                                         12.16 kB
dist/assets/effectField-1NSsnVM_.webp                                                        13.91 kB
dist/assets/bodyFrame_n_oval-bib-B9pfL3oB.webp                                               14.93 kB
dist/assets/bodyFrame_n_long-bib-CsC0diEz.webp                                               15.10 kB
dist/assets/headSurface-TfQ-24D5.webp                                                        15.84 kB
dist/assets/effect_n_none-BGcXIYBr.png                                                       16.40 kB
dist/assets/head_feline_round-neck-contour-DnI_V4JG.png                                      16.43 kB
dist/assets/body_feline_sit_plush-neck-contour-hAvcqyAs.png                                  16.43 kB
dist/assets/body_feline_sit_plush-tailRoot-contour-DPw4-oS8.png                              16.43 kB
dist/assets/body_feline_sit_round-tailRoot-contour-BGffQNrN.png                              16.43 kB
dist/assets/tail_feline_long-tailRoot-contour-hJLqp040.png                                   16.43 kB
dist/assets/tail_feline_curl-tailRoot-contour-DbWA3DKn.png                                   16.44 kB
dist/assets/tail_cat_long-tailRoot-foreground-Bug7Ov0h.png                                   16.53 kB
dist/assets/tail_cat_long-tailRoot-background-2YYIeusq.png                                   16.58 kB
dist/assets/tail_cat_long-tailRoot-foreground-yI0x6Lgb.png                                   16.58 kB
dist/assets/tail_cat_long-tailRoot-background-Chasw0yv.png                                   16.61 kB
dist/assets/body_feline_sit_round-neck-foreground-UlzBQgPL.png                               16.70 kB
dist/assets/tail_cat_long-tailRoot-contour-BtPZpvHC.png                                      16.71 kB
dist/assets/tail_cat_long-tailRoot-contour-pXC9WQez.png                                      16.73 kB
dist/assets/blob-accent-CPrq10wL.png                                                         16.96 kB
dist/assets/floating-accent-BC7JkyrD.png                                                     17.01 kB
dist/assets/body_feline_sit_plush-neck-foreground-BWOVUZ3-.png                               17.23 kB
dist/assets/floating-accent-wpNK3g8X.png                                                     17.24 kB
dist/assets/blob-accent-CGhyUdod.png                                                         17.27 kB
dist/assets/tail_feline_long-tailRoot-background-CdYleUoY.png                                17.71 kB
dist/assets/floating-accent-DY-B5S61.png                                                     18.60 kB
dist/assets/tail_feline_star_tip-tailRoot-background-xi9M0Zoj.png                            18.60 kB
dist/assets/blob-accent-C80ZX-dv.png                                                         18.89 kB
dist/assets/legs_n_pale-pad-B06ifE1e.png                                                     18.99 kB
dist/assets/legs_n_round-pad-D-Aesi4v.png                                                    18.99 kB
dist/assets/legs_n_tabby-ankle-CB6PXXBi.png                                                  18.99 kB
dist/assets/legs_n_cream-sock-CWPnc_8r.png                                                   19.00 kB
dist/assets/legs_r_pebble-glow-DaNiO1Ks.png                                                  19.07 kB
dist/assets/legs_r_crystal-toe-TyO8sD0N.png                                                  19.08 kB
dist/assets/legs_r_plume-ankle-4WOMl5zy.png                                                  19.09 kB
dist/assets/legs_n_fluffy-ankle-B5lIRnJk.png                                                 19.12 kB
dist/assets/legs_l_comet-hindpaws-B9A4MsfR.png                                               19.14 kB
dist/assets/legs_n_soft-toe-B3cBNGN6.png                                                     19.14 kB
dist/assets/legs_n_dark-pad-fYiuyPs9.png                                                     19.16 kB
dist/assets/legs_r_hopper-pad-YsmjzFhQ.png                                                   19.16 kB
dist/assets/legs_n_plain-sock-aaeCbzrH.png                                                   19.17 kB
dist/assets/head_feline_round-neck-background-DwWZD22o.png                                   19.19 kB
dist/assets/oralRegion-D9DlBXt1.png                                                          19.19 kB
dist/assets/pattern_n_plain-D2HRY3jh.webp                                                    19.29 kB
dist/assets/tail_feline_curl-tailRoot-background-CjrNeCtz.png                                19.41 kB
dist/assets/bodyFrame_n_round-belly-D5lbNFJe.webp                                            19.70 kB
dist/assets/body_feline_sit_round-tailRoot-background-C19XgElc.png                           19.72 kB
dist/assets/body_biped_peanut-extraRight-background-DyqDuVDF.png                             19.80 kB
dist/assets/body_blob_round-tailRoot-foreground-DtpzxNKG.png                                 19.80 kB
dist/assets/body_biped_peanut-extraLeft-background-CH4fS1FC.png                              19.80 kB
dist/assets/body_floating_drop-tailRoot-foreground-Nr_b_thR.png                              19.80 kB
dist/assets/body_biped_tall-extraRight-background-DZGkuOMJ.png                               19.81 kB
dist/assets/body_biped_peanut-extraRight-foreground-CmIE6aaw.png                             19.81 kB
dist/assets/body_biped_tall-extraLeft-background-DJIjLHMV.png                                19.81 kB
dist/assets/body_biped_peanut-extraLeft-foreground-DXmwRhmc.png                              19.82 kB
dist/assets/body_floating_drop-tailRoot-background-ChrYNF7_.png                              19.83 kB
dist/assets/body_floating_drop-extraRight-background-CTGdtdVZ.png                            19.83 kB
dist/assets/body_blob_round-tailRoot-background-Dw357WqU.png                                 19.83 kB
dist/assets/extra_side_fins-extraLeft-foreground-CqK2-wo0.png                                19.83 kB
dist/assets/extra_side_fins-extraLeft-background-BWaLzzrN.png                                19.84 kB
dist/assets/extra_side_fins-extraRight-background-Wb5fV0kr.png                               19.84 kB
dist/assets/extra_side_fins-extraRight-foreground-CZdwYKBy.png                               19.84 kB
dist/assets/body_biped_tall-tailRoot-foreground-BApe6Qoq.png                                 19.84 kB
dist/assets/body_biped_peanut-extraRight-contour-DeiZaFXV.png                                19.84 kB
dist/assets/body_biped_peanut-extraLeft-contour-BxnFN8ON.png                                 19.84 kB
dist/assets/body_biped_peanut-tailRoot-foreground-j9fmK5kZ.png                               19.85 kB
dist/assets/body_floating_drop-tailRoot-contour-CXJiYtbM.png                                 19.85 kB
dist/assets/body_biped_tall-extraLeft-foreground-CMUM8qlC.png                                19.85 kB
dist/assets/body_blob_round-tailRoot-contour-Cxoh0JSt.png                                    19.85 kB
dist/assets/body_floating_drop-extraLeft-background-CBzrUGZO.png                             19.85 kB
dist/assets/body_biped_tall-extraRight-foreground-CFtnRtB3.png                               19.86 kB
dist/assets/body_blob_round-extraRight-background-5yHfSKOk.png                               19.86 kB
dist/assets/body_blob_round-extraLeft-background-CHtpN6aF.png                                19.86 kB
dist/assets/extra_side_fins-extraLeft-contour-CtCZM6ME.png                                   19.88 kB
dist/assets/extra_side_fins-extraRight-contour-Brfr4mJ8.png                                  19.88 kB
dist/assets/body_biped_tall-extraRight-contour-Ct7esb1P.png                                  19.89 kB
dist/assets/body_blob_wide-tailRoot-foreground-Dg_CA7z0.png                                  19.89 kB
dist/assets/body_biped_tall-extraLeft-contour-CdHqXimi.png                                   19.89 kB
dist/assets/tail_fish_fan-tailRoot-foreground-B4GA9xVf.png                                   19.90 kB
dist/assets/tail_fish_fan-tailRoot-background-Bz4G4peH.png                                   19.90 kB
dist/assets/body_floating_drop-extraLeft-foreground-CUDI907y.png                             19.90 kB
dist/assets/body_biped_peanut-tailRoot-background-B6ChmM8U.png                               19.91 kB
dist/assets/body_blob_wide-extraLeft-background-X281g8zj.png                                 19.91 kB
dist/assets/body_floating_drop-extraRight-foreground-ClGcYM5y.png                            19.91 kB
dist/assets/extra_side_fins-extraLeft-background-BxPq79uE.png                                19.91 kB
dist/assets/body_biped_tall-tailRoot-background-CdcfCh6P.png                                 19.91 kB
dist/assets/body_blob_wide-extraRight-background-BN4oU9G-.png                                19.91 kB
dist/assets/body_blob_wide-extraRight-foreground-C-6SI4c0.png                                19.91 kB
dist/assets/extra_side_fins-extraLeft-foreground-CGbSI-X4.png                                19.91 kB
dist/assets/extra_side_fins-extraRight-background-42SI4u2K.png                               19.91 kB
dist/assets/body_blob_wide-extraLeft-foreground-DMSAcXWi.png                                 19.91 kB
dist/assets/extra_side_fins-extraRight-foreground-DfSo4umk.png                               19.91 kB
dist/assets/tail_fish_fan-tailRoot-foreground-NAjI6ieZ.png                                   19.91 kB
dist/assets/tail_fish_fan-tailRoot-background-DhD2oxd_.png                                   19.91 kB
dist/assets/body_blob_wide-tailRoot-background-Cho58_sN.png                                  19.92 kB
dist/assets/body_blob_round-extraLeft-foreground-DUQH0WUE.png                                19.94 kB
dist/assets/body_blob_round-extraRight-foreground-DtmJFdiZ.png                               19.94 kB
dist/assets/body_floating_drop-extraRight-contour-DVOOVV0X.png                               19.96 kB
dist/assets/body_biped_tall-tailRoot-contour-C7a4vtiQ.png                                    19.96 kB
dist/assets/body_biped_peanut-tailRoot-contour-DTx-OvmJ.png                                  19.98 kB
dist/assets/body_floating_drop-extraLeft-contour-Dg5rT9QW.png                                19.98 kB
dist/assets/arms_paddle-shoulderRight-background-s4p_Fth9.png                                20.01 kB
dist/assets/arms_long_noodle-shoulderRight-background-plDHkx_P.png                           20.01 kB
dist/assets/arms_paddle-shoulderRight-background-DNYBCVR-.png                                20.01 kB
dist/assets/arms_paddle-shoulderRight-foreground-Cb0Q8-ct.png                                20.01 kB
dist/assets/arms_paddle-shoulderRight-foreground-ByshtK05.png                                20.02 kB
dist/assets/arms_long_noodle-shoulderRight-foreground-DvSv9AxC.png                           20.02 kB
dist/assets/body_blob_round-extraLeft-contour-CqU1D5yd.png                                   20.02 kB
dist/assets/arms_paddle-shoulderLeft-background-DLdgfUsN.png                                 20.02 kB
dist/assets/arms_paddle-shoulderLeft-foreground-BFm3offc.png                                 20.02 kB
dist/assets/arms_paddle-shoulderLeft-background-DP90kxHe.png                                 20.02 kB
dist/assets/arms_paddle-shoulderLeft-foreground-f2G9lHVP.png                                 20.03 kB
dist/assets/tail_fish_fan-tailRoot-contour-BOYgKKYS.png                                      20.03 kB
dist/assets/body_blob_round-extraRight-contour-BzYwcntO.png                                  20.03 kB
dist/assets/body_blob_wide-extraLeft-contour-DYsacxIp.png                                    20.03 kB
dist/assets/body_blob_wide-extraRight-contour-ChH3JVWb.png                                   20.03 kB
dist/assets/body_blob_wide-tailRoot-contour-CjYJyyAs.png                                     20.03 kB
dist/assets/extra_side_fins-extraLeft-contour-CBKPbYLP.png                                   20.03 kB
dist/assets/extra_side_fins-extraRight-contour-BBlhVb-G.png                                  20.03 kB
dist/assets/tail_fish_fan-tailRoot-contour-CCFYxUBq.png                                      20.05 kB
dist/assets/arms_paddle-shoulderRight-background-DrVc_HAU.png                                20.09 kB
dist/assets/arms_paddle-shoulderRight-foreground-CaLzn6ch.png                                20.09 kB
dist/assets/arms_paddle-shoulderLeft-background-CPByXnIJ.png                                 20.10 kB
dist/assets/arms_paddle-shoulderLeft-foreground-CVgtqvnd.png                                 20.10 kB
dist/assets/bodyFrame_n_broad-chest-DJ_d8oI_.webp                                            20.11 kB
dist/assets/legs_webbed-hipLeft-background-Cm8dTwxy.png                                      20.16 kB
dist/assets/legs_webbed-hipRight-background-D4cxnj--.png                                     20.17 kB
dist/assets/legs_webbed-hipLeft-foreground-DPslVt2G.png                                      20.17 kB
dist/assets/legs_webbed-hipRight-foreground-BB1K2el_.png                                     20.17 kB
dist/assets/body_blob_round-hipLeft-contour-DpI0f7_G.png                                     20.20 kB
dist/assets/body_blob_round-hipRight-contour-3C58g6LH.png                                    20.20 kB
dist/assets/body_floating_drop-hipLeft-contour-0OYBwok4.png                                  20.21 kB
dist/assets/body_floating_drop-hipRight-contour-CJZLCMIZ.png                                 20.21 kB
dist/assets/legs_webbed-hipRight-contour-CI4phbzV.png                                        20.21 kB
dist/assets/body_blob_wide-hipRight-contour-Ds9WxT2B.png                                     20.21 kB
dist/assets/legs_webbed-hipLeft-contour-BMTMPPr_.png                                         20.21 kB
dist/assets/body_blob_wide-hipLeft-contour-7rjBWJxP.png                                      20.21 kB
dist/assets/legs_stub_feet-hipLeft-background-Dang6Tcv.png                                   20.22 kB
dist/assets/legs_stub_feet-hipRight-background-D_jGU-ji.png                                  20.23 kB
dist/assets/head_round_dome-neck-contour-CBAJ6UXr.png                                        20.23 kB
dist/assets/head_round_dome-neck-contour-y3q4A7He.png                                        20.23 kB
dist/assets/legs_stub_feet-hipLeft-foreground-D0fNhVif.png                                   20.23 kB
dist/assets/legs_stub_feet-hipRight-foreground-CQVoXKZA.png                                  20.23 kB
dist/assets/body_blob_round-hipLeft-foreground-q7sGZzpV.png                                  20.24 kB
dist/assets/body_blob_round-hipRight-foreground-BTi-9cio.png                                 20.24 kB
dist/assets/body_floating_drop-hipRight-background-0_xspuLh.png                              20.24 kB
dist/assets/body_floating_drop-hipLeft-foreground-CV9m4Kd5.png                               20.25 kB
dist/assets/body_floating_drop-hipRight-foreground-CO2doVc7.png                              20.25 kB
dist/assets/body_blob_round-hipLeft-background-7jWvjVNA.png                                  20.25 kB
dist/assets/arms_paddle-shoulderRight-contour-B1HtIS46.png                                   20.25 kB
dist/assets/body_floating_drop-hipLeft-background-BsK-ZhC0.png                               20.25 kB
dist/assets/body_blob_round-hipRight-background-CesDMCab.png                                 20.25 kB
dist/assets/body_blob_wide-hipRight-background-L632OIpR.png                                  20.25 kB
dist/assets/arms_paddle-shoulderRight-contour-DoT6ETov.png                                   20.25 kB
dist/assets/arms_long_noodle-shoulderRight-contour-BDKr9OhD.png                              20.25 kB
dist/assets/body_blob_wide-hipLeft-foreground-CWWZvUi4.png                                   20.25 kB
dist/assets/body_blob_wide-hipRight-foreground-BZcmtm4p.png                                  20.25 kB
dist/assets/body_blob_wide-hipLeft-background-DDZLhY9D.png                                   20.26 kB
dist/assets/arms_paddle-shoulderLeft-contour-Bjmtt-bK.png                                    20.26 kB
dist/assets/arms_paddle-shoulderLeft-contour-Dfhq8Gp_.png                                    20.26 kB
dist/assets/body_biped_tall-hipLeft-contour-B5i7pU0-.png                                     20.28 kB
dist/assets/legs_stub_feet-hipRight-contour-C-kZPzqe.png                                     20.28 kB
dist/assets/body_biped_tall-hipRight-contour-CdarE5uK.png                                    20.28 kB
dist/assets/legs_stub_feet-hipLeft-contour-CxlwTveT.png                                      20.28 kB
dist/assets/body_biped_tall-neck-contour-B7awqby7.png                                        20.29 kB
dist/assets/legs_webbed-hipRight-contour-DxQKjInL.png                                        20.29 kB
dist/assets/legs_webbed-hipLeft-contour-CIhbR58T.png                                         20.30 kB
dist/assets/body_biped_tall-neck-contour-DXr5IpwP.png                                        20.30 kB
dist/assets/head_round_dome-neck-contour-C9DYwNF9.png                                        20.30 kB
dist/assets/body_biped_peanut-hipRight-contour-COnHIloI.png                                  20.32 kB
dist/assets/body_biped_peanut-hipLeft-contour-B8ZcCKni.png                                   20.32 kB
dist/assets/legs_mushroom-hipLeft-contour-gBv81hu3.png                                       20.32 kB
dist/assets/legs_mushroom-hipRight-contour-CVobBncp.png                                      20.32 kB
dist/assets/body_biped_peanut-neck-contour-CwsKYAA5.png                                      20.34 kB
dist/assets/body_biped_peanut-neck-contour-DyC6AVVA.png                                      20.36 kB
dist/assets/arms_long_noodle-shoulderRight-contour-CVxh60qH.png                              20.36 kB
dist/assets/arms_long_noodle-shoulderLeft-contour-i8Zg52jZ.png                               20.36 kB
dist/assets/body_blob_wide-shoulderLeft-contour-DrNjy8mJ.png                                 20.38 kB
dist/assets/body_blob_wide-shoulderRight-contour-DLm10Jnx.png                                20.38 kB
dist/assets/head_mushroom_cap-neck-contour-2Tg6B4mg.png                                      20.38 kB
dist/assets/body_floating_drop-shoulderLeft-contour-ByEIbM7M.png                             20.39 kB
dist/assets/body_floating_drop-shoulderRight-contour-CPma_foc.png                            20.39 kB
dist/assets/body_blob_round-shoulderLeft-contour-BRXVQloh.png                                20.39 kB
dist/assets/body_blob_round-shoulderRight-contour-DLhmoCst.png                               20.39 kB
dist/assets/body_biped_tall-shoulderLeft-contour-qyfwppjf.png                                20.39 kB
dist/assets/body_biped_tall-shoulderRight-contour-CNKwRXrX.png                               20.39 kB
dist/assets/arms_paddle-shoulderRight-contour-CJ5Ufwn1.png                                   20.41 kB
dist/assets/arms_short_plush-shoulderLeft-contour-su2Qw6jS.png                               20.41 kB
dist/assets/body_blob_wide-shoulderLeft-foreground-DVV-YmGA.png                              20.42 kB
dist/assets/body_blob_wide-shoulderRight-foreground-BYx-n4Yu.png                             20.42 kB
dist/assets/body_floating_drop-shoulderRight-background-B60Gishl.png                         20.42 kB
dist/assets/arms_paddle-shoulderLeft-contour-DP-cRjZm.png                                    20.42 kB
dist/assets/body_blob_round-shoulderLeft-background-DfFSVJCw.png                             20.42 kB
dist/assets/arms_short_plush-shoulderRight-contour-D_ALZQoh.png                              20.42 kB
dist/assets/body_floating_drop-shoulderLeft-foreground-hxrKFND_.png                          20.42 kB
dist/assets/body_floating_drop-shoulderRight-foreground-CjaKuEve.png                         20.42 kB
dist/assets/body_blob_round-shoulderLeft-foreground-0gaJJFqC.png                             20.42 kB
dist/assets/body_blob_round-shoulderRight-foreground-Dmy2e3HX.png                            20.42 kB
dist/assets/body_floating_drop-shoulderLeft-background-CgtgA58m.png                          20.42 kB
dist/assets/body_blob_round-shoulderRight-background-Dudwyrmj.png                            20.43 kB
dist/assets/body_blob_wide-shoulderLeft-background-BTmXxwAO.png                              20.43 kB
dist/assets/body_blob_wide-shoulderRight-background-Z_dY7qLe.png                             20.43 kB
dist/assets/body_floating_drop-neck-contour-Cpg4E6m-.png                                     20.46 kB
dist/assets/body_biped_peanut-shoulderLeft-contour-Dhsw9s1-.png                              20.46 kB
dist/assets/body_biped_peanut-shoulderRight-contour-DtljzvN_.png                             20.46 kB
dist/assets/biped-accent-BMQITz8N.png                                                        20.50 kB
dist/assets/head_mushroom_cap-neck-background-CQsin-1N.png                                   20.50 kB
dist/assets/biped-accent-FXRWLQKP.png                                                        20.55 kB
dist/assets/bodyFrame_n_soft-chest-CYmErN77.webp                                             20.56 kB
dist/assets/body_blob_wide-neck-contour-YwknO-Lg.png                                         20.58 kB
dist/assets/body_feline_sit_round-tailRoot-foreground-COpJKl7U.png                           20.64 kB
dist/assets/head_angler_bulb-neck-background-DW0Ps7qC.png                                    20.76 kB
dist/assets/pattern_n_tiny-spots-X6np9G38.png                                                20.79 kB
dist/assets/bodyFrame_r_heart-haunch-ykj9AEny.webp                                           20.86 kB
dist/assets/head_angler_bulb-neck-background-DRg1SVrT.png                                    20.89 kB
dist/assets/bodyFrame_r_velvet-mane-BDzDrACb.webp                                            20.89 kB
dist/assets/eyesRegion-Cjxi7jQi.png                                                          20.97 kB
dist/assets/body_feline_sit_plush-tailRoot-foreground-C05paYgZ.png                           20.99 kB
dist/assets/head_mushroom_cap-neck-background-W585ESGr.png                                   21.03 kB
dist/assets/oralDetail_n_tongue-tip-DC0ij_xV.png                                             21.06 kB
dist/assets/head_round_dome-neck-background-DqTM7C35.png                                     21.11 kB
dist/assets/head_round_dome-neck-background-CWQRTN1b.png                                     21.16 kB
dist/assets/head_shadow_hood-neck-background-C_m_fb8M.png                                    21.20 kB
dist/assets/oralDetail_r_berry-tongue-CnZ2HPHf.png                                           21.21 kB
dist/assets/oralDetail_n_tiny-tooth-DiG4Lk9R.png                                             21.26 kB
dist/assets/blob-secondary-D-cBjTfh.png                                                      21.27 kB
dist/assets/head_mushroom_cap-neck-background-MEvWv6VV.png                                   21.27 kB
dist/assets/head_feline_tufted-neck-background-vo0dicCJ.png                                  21.29 kB
dist/assets/oralDetail_n_dark-tongue-CWoDjCgv.png                                            21.29 kB
dist/assets/effect_r_star-trail-CbrO_cdR.png                                                 21.31 kB
dist/assets/bodyFrame_n_compact-cub-CtOJFLTL.webp                                            21.32 kB
dist/assets/head_shadow_hood-neck-background-D9nx599B.png                                    21.32 kB
dist/assets/head_mushroom_cap-neck-background-DCtWSiLk.png                                   21.32 kB
dist/assets/oralDetail_r_pearl-tooth-BidcMuKq.png                                            21.32 kB
dist/assets/oralDetail_n_soft-gum-C_rG9lw2.png                                               21.38 kB
dist/assets/effect_r_tiny-hearts-Bvi605Pd.png                                                21.40 kB
dist/assets/bodyFrame_r_cloud-chest-DSS3F_rk.webp                                            21.41 kB
dist/assets/bodyFrame_n_pear-shade-rJGs3I42.webp                                             21.47 kB
dist/assets/head_shadow_hood-neck-background-DKYhUkdX.png                                    21.49 kB
dist/assets/head_round_dome-neck-background-DalS0b-J.png                                     21.49 kB
dist/assets/floating-secondary-Dgz_mksc.png                                                  21.49 kB
dist/assets/bodyFrame_l_aurora-ruff-aJ-1fN1H.webp                                            21.52 kB
dist/assets/effect_n_tiny-dust-CDy3ZPhm.png                                                  21.55 kB
dist/assets/oralDetail_n_tiny-lip-BWs0Pe50.png                                               21.58 kB
dist/assets/effect_n_soft-bokeh-DftNgkvN.png                                                 21.58 kB
dist/assets/bodyFrame_n_tiny-belly-kOnh8Bec.webp                                             21.60 kB
dist/assets/oralDetail_l_galaxy-tongue-CDHCw6sG.png                                          21.63 kB
dist/assets/oralDetail_n_double-tooth-DLBAX9Td.png                                           21.64 kB
dist/assets/oralDetail_n_cream-fang-BXs4rAP3.png                                             21.64 kB
dist/assets/oralDetail_r_glow-whisker-root-DDw0xjiJ.png                                      21.66 kB
dist/assets/oralDetail_r_gold-fang-THmTty9j.png                                              21.70 kB
dist/assets/tail_feline_long-tailRoot-foreground-DgK7Y-2F.png                                21.72 kB
dist/assets/head_round_dome-neck-foreground-qAblIM8D.png                                     21.80 kB
dist/assets/mouthRegion-CbcTB2Zr.png                                                         21.81 kB
dist/assets/blob-secondary-J1_UGDcN.png                                                      21.82 kB
dist/assets/floating-secondary-BDR5DxUv.png                                                  21.84 kB
dist/assets/head_round_dome-neck-foreground-BiF7sA1t.png                                     21.85 kB
dist/assets/head_angler_bulb-neck-background--qsiGgXQ.png                                    21.86 kB
dist/assets/pattern_r_heart-dapple-o6aDND8o.png                                              21.86 kB
dist/assets/head_feline_round-neck-foreground-LUmj802p.png                                   21.88 kB
dist/assets/oralDetail_n_pink-tongue-SGtk_aCF.png                                            21.90 kB
dist/assets/tail_feline_star_tip-tailRoot-foreground-BLADKoH5.png                            21.93 kB
dist/assets/floating-secondary-DNvLc28s.png                                                  21.97 kB
dist/assets/head_angler_bulb-neck-foreground-Dd_LTHir.png                                    21.98 kB
dist/assets/head_shadow_hood-neck-foreground-BBWT6hs2.png                                    22.06 kB
dist/assets/headAppendage_n_ear-button-BAY9A2Jj.png                                          22.07 kB
dist/assets/head_mushroom_cap-neck-foreground-i1KDct2P.png                                   22.10 kB
dist/assets/headAppendage_n_leaf-clip-DWRqRxHq.png                                           22.10 kB
dist/assets/headAppendage_n_tiny-clip-dbyMJYr2.png                                           22.13 kB
dist/assets/blob-secondary-D9J5WIYh.png                                                      22.18 kB
dist/assets/headAppendage_r_moth-bow-DsuFPhre.png                                            22.30 kB
dist/assets/headAppendage_r_sprout-ear-OWbc4fy9.png                                          22.32 kB
dist/assets/headAppendage_n_inner-ear-DQiuHQMF.png                                           22.33 kB
dist/assets/biped-accent-CxbyVhZ-.png                                                        22.34 kB
dist/assets/pattern_r_constellation-By5DzR6q.png                                             22.37 kB
dist/assets/headAppendage_l_floating-moon-charm-1q85Mznx.png                                 22.37 kB
dist/assets/headAppendage_n_felt-flower-D98OmHdH.png                                         22.40 kB
dist/assets/mouthShape_n_tiny-smile-1yAnMgeR.png                                             22.41 kB
dist/assets/mutationTailTip-CS-MCinV.png                                                     22.42 kB
dist/assets/head_angler_bulb-neck-foreground-CcGplUtP.png                                    22.44 kB
dist/assets/headAppendage_n_star-pin-YbkIzmCX.png                                            22.44 kB
dist/assets/pattern_n_forehead-mark-BH5_uhu5.png                                             22.47 kB
dist/assets/mouthShape_n_calm-line-CgQ9pVWY.png                                              22.50 kB
dist/assets/mouthShape_n_curious-o-hTEH3itH.png                                              22.51 kB
dist/assets/pattern_r_moon-swirl--p_y_Gfp.png                                                22.51 kB
dist/assets/mouthShape_n_bean-smile-BzRzANcr.png                                             22.56 kB
dist/assets/head_feline_tufted-neck-foreground-BOX_3WYV.png                                  22.57 kB
dist/assets/mouthShape_n_shy-smile-DePalHA3.png                                              22.59 kB
dist/assets/mouthShape_r_ribbon-grin-CPNYpImH.png                                            22.59 kB
dist/assets/headAppendage_r_moon-clip-DHOQIvKj.png                                           22.60 kB
dist/assets/mouthShape_n_kitten-grin-BWgziOiq.png                                            22.61 kB
dist/assets/mouthShape_r_moon-pout-Cp1kNL-r.png                                              22.62 kB
dist/assets/mouthShape_n_open-happy-0fYXTp3C.png                                             22.62 kB
dist/assets/headAppendage_n_soft-bow-B1fmQEVK.png                                            22.63 kB
dist/assets/mouthShape_n_soft-pout-vqyLV5om.png                                              22.64 kB
dist/assets/headAppendage_r_crystal-rim-BjBoC7Pp.png                                         22.66 kB
dist/assets/mouthShape_r_heart-muzzle-DCl34g5J.png                                           22.69 kB
dist/assets/biped-primary-DbfawKbA.png                                                       22.69 kB
dist/assets/mouthShape_l_prism-smile-DIdbPKFm.png                                            22.70 kB
dist/assets/headAppendage_n_ribbon-knot-CRrNC6aS.png                                         22.70 kB
dist/assets/mouthShape_r_fang-smile-uGe8BHms.png                                             22.73 kB
dist/assets/biped-secondary-BfI8K17m.png                                                     22.84 kB
dist/assets/biped-primary-McSPzSMT.png                                                       22.84 kB
dist/assets/head_shadow_hood-neck-foreground-6kx6bQ32.png                                    23.00 kB
dist/assets/pattern_l_aurora-constellation-DIQ0a2L4.png                                      23.02 kB
dist/assets/head_round_dome-neck-foreground-CP2XalRm.png                                     23.09 kB
dist/assets/effect_r_firefly-drift-AkQbgrcE.png                                              23.19 kB
dist/assets/head_shadow_hood-neck-foreground-BAge35tQ.png                                    23.36 kB
dist/assets/head_mushroom_cap-neck-foreground-DOrhfcyV.png                                   23.43 kB
dist/assets/head_mushroom_cap-neck-foreground-cIwQtprz.png                                   23.47 kB
dist/assets/biped-secondary-Cw8oT9oP.png                                                     23.50 kB
dist/assets/blob-primary-CcIUjE0q.png                                                        23.52 kB
dist/assets/floating-primary-ICXb4RY5.png                                                    23.65 kB
dist/assets/body_feline_sit_round-neck-background-CXKhelNj.png                               23.66 kB
dist/assets/blob-primary-CMl31qoj.png                                                        23.66 kB
dist/assets/floating-primary-B1ZMFNHC.png                                                    23.81 kB
dist/assets/head_angler_bulb-neck-foreground-BAu0m9t3.png                                    23.88 kB
dist/assets/biped-secondary-B4WnQOc6.png                                                     24.10 kB
dist/assets/mutationBack-ETKqgU2d.png                                                        24.35 kB
dist/assets/headShape_n_neat-crown-D3RCpr4G.png                                              24.43 kB
dist/assets/headShape_r_lynx-tuft-BeYggS25.png                                               24.44 kB
dist/assets/headShape_n_tiny-tuft-BETDsjls.png                                               24.54 kB
dist/assets/headShape_r_folded-ear-fluff-CXO8nwqp.png                                        24.61 kB
dist/assets/headShape_r_crescent-cheek-ngWwm8NB.png                                          24.63 kB
dist/assets/headShape_n_narrow-bib-ClsZEYy8.png                                              24.63 kB
dist/assets/headShape_n_oval-cheek-C2CadQ-I.png                                              24.64 kB
dist/assets/headShape_n_plush-jowl-s_EVkUqL.png                                              24.64 kB
dist/assets/headShape_n_soft-brow-JM0_XMYV.png                                               24.65 kB
dist/assets/tail_cat_long-YttguTTg.webp                                                      24.66 kB
dist/assets/headShape_n_round-cheek-CfxrIbCP.png                                             24.69 kB
dist/assets/headShape_r_velvet-brow-DLenrFsf.png                                             24.70 kB
dist/assets/headShape_l_moon-crown-Drwa_7LY.png                                              24.72 kB
dist/assets/tail_n_pale-gradient-C5M4-8aC.png                                                25.17 kB
dist/assets/effect_r_moon-motes-CHCk4cj6.png                                                 25.17 kB
dist/assets/tail_n_two-rings-Bqn0KoIJ.png                                                    25.18 kB
dist/assets/tail_n_dark-tip-DkSO7dgc.png                                                     25.20 kB
dist/assets/biped-primary-6JGmN7Nr.png                                                       25.21 kB
dist/assets/tail_n_cream-tip-DJnep3LH.png                                                    25.24 kB
dist/assets/tail_n_solid-tip-D222AKxO.png                                                    25.27 kB
dist/assets/tail_n_dark-gradient-BaOQ0Ady.png                                                25.27 kB
dist/assets/tail_n_soft-stripe-CZLh1Z8y.png                                                  25.28 kB
dist/assets/tail_n_three-rings-DMIJ_9iQ.png                                                  25.28 kB
dist/assets/arms_r_cloud-cuff-CyxBelyV.png                                                   25.28 kB
dist/assets/arms_r_crystal-cap-CyL8ioPw.png                                                  25.38 kB
dist/assets/arms_n_tiny-pad-C89DPGf0.png                                                     25.43 kB
dist/assets/arms_l_starlight-forepaws-DlIQF7H1.png                                           25.43 kB
dist/assets/arms_r_heart-pad-BXw-C-Yr.png                                                    25.46 kB
dist/assets/arms_n_soft-claw-C-K6tmZ-.png                                                    25.48 kB
dist/assets/head_mushroom_cap-neck-foreground-CWZxa1En.png                                   25.58 kB
dist/assets/tail_r_ribbon-bands-CWbsc1jU.png                                                 25.61 kB
dist/assets/arms_n_plain-mitten-C7ofsPXf.png                                                 25.63 kB
dist/assets/tail_r_comet-stripe-DOIQUCjF.png                                                 25.64 kB
dist/assets/arms_n_dark-paw-BrQEdLq9.png                                                     25.66 kB
dist/assets/arms_n_pale-paw-DPid7F2K.png                                                     25.67 kB
dist/assets/tail_r_fern-tip-Da280U4-.png                                                     25.74 kB
dist/assets/tail_r_pompom-mark-D6X1Ery5.png                                                  25.75 kB
dist/assets/arms_r_luminous-claw-BKM5YPW3.png                                                25.79 kB
dist/assets/effect_l_orbiting-stardust-i7TcgfJA.webp                                         25.80 kB
dist/assets/arms_n_cream-cuff-CUrgKkF7.png                                                   25.81 kB
dist/assets/arms_n_tabby-cuff-Ut_bFjjU.png                                                   25.86 kB
dist/assets/arms_n_fluffy-wrist-Bg7Y5aTW.png                                                 25.87 kB
dist/assets/body_feline_sit_plush-tailRoot-background-CeMLVDSk.png                           26.08 kB
dist/assets/floating-primary-Bto1AqOQ.png                                                    26.08 kB
dist/assets/tail_l_aurora-tail-De4_HoBh.png                                                  26.23 kB
dist/assets/blob-primary-DEdBeK0S.png                                                        26.45 kB
dist/assets/eyes_n_sleepy-tTQoZ3_P.png                                                       26.76 kB
dist/assets/frontPawDetail-DSd4i1P3.png                                                      26.94 kB
dist/assets/tail_feline_curl-tailRoot-foreground-wMap1uYq.png                                27.29 kB
dist/assets/headAccessory-qmxm7nDa.png                                                       27.52 kB
dist/assets/mutationEar-CvL0kYnK.png                                                         27.56 kB
dist/assets/eyes_n_round-black-D19GsTG7.png                                                  27.70 kB
dist/assets/eyes_r_mismatched-gem-DDbo9J98.png                                               27.71 kB
dist/assets/eyes_n_amber-D_YJ8ybJ.png                                                        27.77 kB
dist/assets/eyes_r_star-pupil-cB6Yv4ah.png                                                   27.95 kB
dist/assets/eyes_r_honey-glow-Cm87QoXC.png                                                   28.00 kB
dist/assets/eyes_l_nebula-iris-COVZD4bv.png                                                  28.08 kB
dist/assets/eyes_n_violet-BpWF7Sug.png                                                       28.09 kB
dist/assets/tail_cat_long-BJXld60o.webp                                                      28.19 kB
dist/assets/extraAppendage_n_collar-bead-C7_D6okG.png                                        28.54 kB
dist/assets/eyes_n_gentle-CqfZirDP.png                                                       28.56 kB
dist/assets/eyes_n_green-DoqX7JA-.png                                                        28.76 kB
dist/assets/bodySurface-BMtFQUx0.webp                                                        28.77 kB
dist/assets/eyes_r_crescent-BIZPptdn.png                                                     28.78 kB
dist/assets/eyes_n_curious-TnRBz2jk.png                                                      28.78 kB
dist/assets/eyes_n_blue-Cy4BhqEJ.png                                                         28.81 kB
dist/assets/extraAppendage_n_back-button-D8TtcbQb.png                                        28.96 kB
dist/assets/extraAppendage_n_back-star-BUFErQn9.png                                          28.97 kB
dist/assets/extraAppendage_r_crystal-ribbon-CpKRPmz4.png                                     29.53 kB
dist/assets/extraAppendage_n_soft-ribbon-B1cQY3u-.png                                        29.67 kB
dist/assets/extraAppendage_r_moon-bell-DEXfksjd.png                                          29.71 kB
dist/assets/body_feline_sit_plush-neck-background-DYSun2ml.png                               29.84 kB
dist/assets/extraAppendage_r_cheek-plume-BDWMXJsf.png                                        29.85 kB
dist/assets/extraAppendage_n_tiny-bell-DsUKVvbq.png                                          29.89 kB
dist/assets/extraAppendage_r_whisker-fan-CRlMv8Vp.png                                        30.03 kB
dist/assets/extraAppendage_n_plush-charm-suHeQHgE.png                                        30.18 kB
dist/assets/extraAppendage_l_halo-arc-Djbl_yCp.png                                           30.37 kB
dist/assets/tail_dog_long-C1VYuHX1.webp                                                      30.41 kB
dist/assets/tail_dog_long-CxpohVNO.webp                                                      30.44 kB
dist/assets/extraAppendage_n_small-bow-CD8GTptl.png                                          30.73 kB
dist/assets/extraAppendage_n_mini-leaf-Be5bAHqf.png                                          30.74 kB
dist/assets/tailSurface-ByDuQroH.png                                                         31.62 kB
dist/assets/color_feline_fungal-secondary-CRDNlTKr.png                                       31.86 kB
dist/assets/tail_dog_long-BwhQf5DH.webp                                                      32.21 kB
dist/assets/color_feline_deep_sea-secondary-H8xypU3q.png                                     32.47 kB
dist/assets/tail_cat_long-05S_FfW8.webp                                                      32.63 kB
dist/assets/pattern_n_points-BexcKjzD.png                                                    32.79 kB
dist/assets/pattern_n_socks-B474XJTF.png                                                     32.90 kB
dist/assets/pattern_n_soft-tabby-sFyHKQR_.png                                                32.97 kB
dist/assets/pattern_n_back-stripe-DFiAYYsG.png                                               32.99 kB
dist/assets/pattern_r_leaf-stripe-DIxiC7je.png                                               33.12 kB
dist/assets/color_feline_shadow-secondary-Ol54yoZn.png                                       33.28 kB
dist/assets/pattern_n_two-tone-Dst1Aqjd.png                                                  33.29 kB
dist/assets/color_feline_fungal-primary-C7iNGDRg.png                                         33.46 kB
dist/assets/faceSafeZone-B71YrmC1.png                                                        33.71 kB
dist/assets/clip-C4Ne1sUb.png                                                                34.10 kB
dist/assets/hindPawDetail-dtOFaTWM.png                                                       34.57 kB
dist/assets/effect_n_breath-mist-0_feimi3.webp                                               34.83 kB
dist/assets/clip-B-Z-353B.png                                                                35.04 kB
dist/assets/color_feline_deep_sea-primary-Dr0yxvlw.png                                       35.08 kB
dist/assets/color_feline_shadow-primary-DPlTbkjQ.png                                         35.11 kB
dist/assets/clip-BsLoB4tI.png                                                                35.14 kB
dist/assets/clip-3D2fNXWf.png                                                                35.79 kB
dist/assets/clip-DiWjq5nn.png                                                                35.80 kB
dist/assets/clip-BFqigcqw.png                                                                35.99 kB
dist/assets/clip-vRFYGZEq.png                                                                36.46 kB
dist/assets/clip-BxmpAbsd.png                                                                36.67 kB
dist/assets/color_feline_fungal-accent-vk0-PoWG.png                                          38.45 kB
dist/assets/surfaceMaterial_r_moss-velvet-C82oCvuf.webp                                      39.86 kB
dist/assets/color_feline_deep_sea-accent-Cl1VgtZR.png                                        40.43 kB
dist/assets/surfaceMaterial_n_fleece-DA454gA3.webp                                           40.56 kB
dist/assets/surfaceMaterial_r_luminous-plush-DrqjFzp_.webp                                   40.67 kB
dist/assets/surfaceMaterial_r_pearl-satin-DZEhH7ep.webp                                      40.69 kB
dist/assets/surfaceMaterial_n_long-plush-DtP752YM.webp                                       40.84 kB
dist/assets/color_feline_shadow-accent-BkExigp1.png                                          41.49 kB
dist/assets/effectField-DAQJYokg.png                                                         42.52 kB
dist/assets/surfaceMaterial_n_suede-soft-CGJF-0Fx.webp                                       43.07 kB
dist/assets/surfaceMaterial_l_opal-coat-CmOAGxPe.webp                                        43.45 kB
dist/assets/surfaceMaterial_n_satin-soft-Bh85Atpe.webp                                       43.69 kB
dist/assets/surfaceMaterial_n_short-plush-C5ttWbPV.webp                                      43.70 kB
dist/assets/surfaceMaterial_n_cloud-soft-B1zqalfe.webp                                       44.24 kB
dist/assets/surfaceMaterial_n_velvet-r_Zw_eyl.webp                                           44.41 kB
dist/assets/surfaceMaterial_r_crystal-fleece-WubJkpK2.webp                                   44.59 kB
dist/assets/surfaceMaterial_n_wool-soft-o-I8rgRf.webp                                        44.76 kB
dist/assets/effect_n_floor-spark-mXsXuA8m.webp                                               45.02 kB
dist/assets/headSurface-BI2S8G1t.png                                                         46.32 kB
dist/assets/bodyFrame_n_long-bib-D0TETfWA.png                                                46.72 kB
dist/assets/bodyFrame_n_soft-chest-BlWbgtZp.png                                              46.94 kB
dist/assets/bodyFrame_n_round-belly-Cg8W1efb.png                                             47.18 kB
dist/assets/bodyFrame_n_broad-chest-xzj1uVIY.png                                             47.51 kB
dist/assets/bodyFrame_n_oval-bib-CuEhj-ez.png                                                47.75 kB
dist/assets/tail_cat_long-Dvh2PIIl.png                                                       47.95 kB
dist/assets/bodyFrame_r_heart-haunch-hO70RtA2.png                                            48.16 kB
dist/assets/bodyFrame_r_velvet-mane-BjmJi8Qz.png                                             49.53 kB
dist/assets/bodyFrame_r_cloud-chest-BfgEuM7_.png                                             50.30 kB
dist/assets/bodyFrame_l_aurora-ruff-CfWOodmC.png                                             50.58 kB
dist/assets/bodyFrame_n_compact-cub-Cm--4qDI.png                                             51.18 kB
dist/assets/bodyFrame_n_tiny-belly-F8pFWQKB.png                                              51.54 kB
dist/assets/bodyFrame_n_pear-shade-Buap3INa.png                                              51.60 kB
dist/assets/tail_cat_long-LURTv3oi.png                                                       53.01 kB
dist/assets/effect_n_breath-mist-prN1u_Gy.png                                                53.43 kB
dist/assets/colorScheme_n_cocoa-BDZWD2qm.webp                                                55.09 kB
dist/assets/colorScheme_n_ginger-CrPwVxBf.webp                                               55.18 kB
dist/assets/colorScheme_n_silver-PiDcI6S0.webp                                               55.75 kB
dist/assets/colorScheme_n_lavender-VkD60ctz.webp                                             55.84 kB
dist/assets/colorScheme_r_apricot-cream-D-1pTbnI.webp                                        55.90 kB
dist/assets/colorScheme_r_mint-peach-guHL_i4Q.webp                                           56.44 kB
dist/assets/colorScheme_r_lavender-cocoa-LHTFeGOZ.webp                                       56.51 kB
dist/assets/colorScheme_r_ink-silver-B39dMmGj.webp                                           56.55 kB
dist/assets/colorScheme_n_mint-ook7P0Bt.webp                                                 56.78 kB
dist/assets/colorScheme_n_white-Bt-2_2IY.webp                                                57.32 kB
dist/assets/colorScheme_l_moonstone-spectrum-Xh5rRXkc.webp                                   57.93 kB
dist/assets/tail_dog_long-B2Ctm737.png                                                       58.33 kB
dist/assets/tail_dog_long-Cdu8RXSE.png                                                       60.97 kB
dist/assets/colorScheme_n_cream-B0KZV4qF.webp                                                61.94 kB
dist/assets/pattern_n_plain-Dsm-nvOX.png                                                     62.86 kB
dist/assets/colorScheme_n_charcoal-CZXdEqLE.webp                                             63.80 kB
dist/assets/effect_n_ear-glint-CVa97nnw.webp                                                 65.43 kB
dist/assets/tail_cat_long-eKMCfk6H.png                                                       65.96 kB
dist/assets/effect_n_paw-glow-Dvtf7vql.webp                                                  66.97 kB
dist/assets/effect_n_floor-spark-CSiEzPdD.png                                                67.24 kB
dist/assets/effect_l_orbiting-stardust-CzP44Lue.png                                          69.29 kB
dist/assets/tail_dog_long-D19JyGSw.png                                                       70.21 kB
dist/assets/bodySurface-C1A5N_rw.png                                                         77.09 kB
dist/assets/effect_bioluminescent_orbs-DmUFPSmM.webp                                         77.83 kB
dist/assets/effect_n_tail-spark-DeHP-hXU.webp                                                79.98 kB
dist/assets/alpha-C4wQEAcp.png                                                               80.25 kB
dist/assets/alpha-BC7pkhR7.png                                                               81.28 kB
dist/assets/alpha-CtvnJBIv.png                                                               81.31 kB
dist/assets/alpha-CxNUnqCW.png                                                               82.73 kB
dist/assets/effect_n_paw-glow-K_ZfSChC.png                                                   83.93 kB
dist/assets/alpha-BaGYRHeS.png                                                               84.65 kB
dist/assets/tail_cat_long-floating-tailRoot-COL-xFXe.webp                                    84.71 kB
dist/assets/alpha-D4jGnSTg.png                                                               85.30 kB
dist/assets/head_shadow_hood-neck-foreground-B27vutp4.png                                    85.99 kB
dist/assets/head_shadow_hood-neck-background-WEaXneRA.png                                    86.12 kB
dist/assets/alpha-BwO-e2jw.png                                                               86.59 kB
dist/assets/tail_cat_long-biped-tailRoot-W2Zdh-il.webp                                       87.33 kB
dist/assets/alpha-CcugaWVS.png                                                               88.01 kB
dist/assets/hip-xb8byZ1d.webp                                                                88.47 kB
dist/assets/pattern_constellation-CeBcz0q0.webp                                              88.52 kB
dist/assets/legs_webbed-hipRight-zynmWXeK.webp                                               89.23 kB
dist/assets/legs_webbed-hipLeft-BFthUZE8.webp                                                89.30 kB
dist/assets/neck-COaN_zxj.webp                                                               89.44 kB
dist/assets/tail-BJqqhcIp.webp                                                               95.16 kB
dist/assets/effect_n_ear-glint-BEujeWiW.png                                                  95.90 kB
dist/assets/tail_dog_long-biped-tailRoot-CKjy0kEk.webp                                      105.77 kB
dist/assets/tail_dog_long-blob-tailRoot-C2qsU3zd.webp                                       107.18 kB
dist/assets/pattern_spore_rings-l4U2Ccn0.webp                                               110.21 kB
dist/assets/legs_shadow_tiptoe-biped-hipLeft-DuAnT310.webp                                  110.33 kB
dist/assets/legs_shadow_tiptoe-biped-hipRight-e4Fuds6_.webp                                 110.39 kB
dist/assets/legs_mushroom-hipRight-BcPCTSXz.webp                                            113.33 kB
dist/assets/tail_dog_long-floating-tailRoot-CQpzNdi8.webp                                   113.49 kB
dist/assets/legs_mushroom-hipLeft-BkLJigEI.webp                                             113.88 kB
dist/assets/surface_soft_scales-KjwZmSha.webp                                               115.91 kB
dist/assets/tail_cat_long-blob-tailRoot-DXlFhY_Y.webp                                       118.88 kB
dist/assets/surfaceMaterial_r_pearl-satin-BO2efJzI.png                                      120.70 kB
dist/assets/surfaceMaterial_r_luminous-plush-DCEyNpy3.png                                   121.78 kB
dist/assets/surfaceMaterial_r_moss-velvet-C2sS8hiv.png                                      121.87 kB
dist/assets/pattern_constellation-Dpx0V9Dq.png                                              122.54 kB
dist/assets/surfaceMaterial_n_fleece-CMqJKZxW.png                                           122.61 kB
dist/assets/legs_mushroom-blob-hipLeft-D16ZrxZ2.webp                                        123.17 kB
dist/assets/surfaceMaterial_n_long-plush-C9_orzCt.png                                       123.38 kB
dist/assets/surfaceMaterial_n_cloud-soft-BDiaE-wV.png                                       123.39 kB
dist/assets/surfaceMaterial_n_short-plush-BdNVjQrn.png                                      123.82 kB
dist/assets/surfaceMaterial_n_satin-soft-bVzeORub.png                                       124.03 kB
dist/assets/surfaceMaterial_r_crystal-fleece-DNCzxkGB.png                                   124.39 kB
dist/assets/surfaceMaterial_l_opal-coat-wr4o4Cvg.png                                        124.91 kB
dist/assets/surfaceMaterial_n_suede-soft-FFOjT2S1.png                                       124.92 kB
dist/assets/legs_mushroom-blob-hipRight-B_M17aCk.webp                                       126.48 kB
dist/assets/surfaceMaterial_n_velvet-7kiruBcF.png                                           128.04 kB
dist/assets/surfaceMaterial_n_wool-soft-WJ4-bgQd.png                                        128.37 kB
dist/assets/colorScheme_n_cocoa-BLe9smlJ.png                                                132.88 kB
dist/assets/colorScheme_n_cream-CCmo64KV.png                                                135.76 kB
dist/assets/colorScheme_r_apricot-cream-B1VVveJp.png                                        136.73 kB
dist/assets/eyes_asymmetric-G4NXLtUN.webp                                                   137.40 kB
dist/assets/colorScheme_r_mint-peach-D-QFg_bC.png                                           137.83 kB
dist/assets/colorScheme_r_lavender-cocoa-CQ--8R9V.png                                       137.89 kB
dist/assets/colorScheme_n_charcoal-D1_vOR9k.png                                             138.27 kB
dist/assets/colorScheme_n_mint-DJxAnPmx.png                                                 138.31 kB
dist/assets/colorScheme_n_ginger-CCJDIV3k.png                                               138.72 kB
dist/assets/colorScheme_n_lavender-COYEnaAD.png                                             139.01 kB
dist/assets/colorScheme_n_silver-BcPGxfD9.png                                               139.02 kB
dist/assets/colorScheme_n_white-DqfSsDnj.png                                                139.05 kB
dist/assets/colorScheme_r_ink-silver-B0zSH8zR.png                                           140.68 kB
dist/assets/colorScheme_l_moonstone-spectrum-CRhhwF5g.png                                   141.65 kB
dist/assets/surface_short_fur-IRINOh28.webp                                                 142.35 kB
dist/assets/legs_webbed-BzPg5kyI.webp                                                       144.73 kB
dist/assets/legs_webbed-blob-hipRight-BFe5mXL_.webp                                         144.78 kB
dist/assets/legs_webbed-blob-hipLeft-BZR7wGoW.webp                                          145.97 kB
dist/assets/oral_single_fang-djSq6ufM.webp                                                  146.85 kB
dist/assets/effect_n_tail-spark-D62aNJdr.png                                                147.09 kB
dist/assets/pattern_spore_rings-CyMuCVsr.png                                                150.77 kB
dist/assets/effect_bioluminescent_orbs-CUGqwh19.webp                                        153.53 kB
dist/assets/eyes_triple_pearl-Cmm7KXrC.webp                                                 156.33 kB
dist/assets/arms_long_noodle-blob-shoulderLeft-CSGtWTpK.webp                                157.56 kB
dist/assets/arms_short_plush-blob-shoulderRight-Vc1WGVbf.webp                               159.44 kB
dist/assets/hip-BhEzpeFi.png                                                                159.85 kB
dist/assets/arms_long_noodle-blob-shoulderRight-DQqkmBsr.webp                               160.88 kB
dist/assets/legs_shadow_tiptoe-blob-hipLeft-D2bTWRSd.webp                                   161.66 kB
dist/assets/arms_short_plush-blob-shoulderLeft-C3Gb42DP.webp                                161.92 kB
dist/assets/effect_spore_glow-4iWluzIc.webp                                                 162.44 kB
dist/assets/arms_short_plush-floating-shoulderRight-TfC-jgrI.webp                           162.99 kB
dist/assets/legs_shadow_tiptoe-blob-hipRight-BqnEMUwZ.webp                                  163.22 kB
dist/assets/arms_short_plush-floating-shoulderLeft-myMYidcx.webp                            164.03 kB
dist/assets/extra_soft_tentacles-blob-extraLeft-CgpxOlpN.webp                               165.81 kB
dist/assets/head_ears_floppy_fins-BPdAbVrP.webp                                             166.53 kB
dist/assets/neck-WXaUQj_N.png                                                               167.53 kB
dist/assets/extra_soft_tentacles-blob-extraRight-tHNFgbVX.webp                              169.08 kB
dist/assets/arms_long_noodle-floating-shoulderLeft-Bpg4JQJ3.webp                            171.14 kB
dist/assets/arms_paddle-floating-shoulderLeft-8dgmxi2B.webp                                 171.69 kB
dist/assets/arms_paddle-floating-shoulderRight-DqD7UArj.webp                                171.79 kB
dist/assets/arms_long_noodle-floating-shoulderRight-DL0OBogf.webp                           172.22 kB
dist/assets/effect_bioluminescent_orbs-BaK1gJTp.png                                         177.09 kB
dist/assets/tail_cat_long-floating-tailRoot-9hZ-k1PN.png                                    178.17 kB
dist/assets/tail-DqOICn0F.png                                                               178.21 kB
dist/assets/eyes_glossy_pair-Cmul5HOL.webp                                                  185.14 kB
dist/assets/arms_long_noodle-shoulderLeft-KXxqyBvq.webp                                     185.18 kB
dist/assets/oral_round_teeth-q3KEfJw4.webp                                                  185.72 kB
dist/assets/legs_stub_feet-biped-hipRight-CpDHM2_y.webp                                     185.89 kB
dist/assets/legs_stub_feet-blob-hipRight-DmwT-NPs.webp                                      185.94 kB
dist/assets/oral_gummy_ridges-CsSgF0S5.webp                                                 186.33 kB
dist/assets/legs_mushroom-_IHptgkN.webp                                                     186.50 kB
dist/assets/legs_stub_feet-biped-hipLeft-oedJQoKR.webp                                      186.88 kB
dist/assets/legs_stub_feet-blob-hipLeft-hM4gYqcW.webp                                       187.43 kB
dist/assets/head_horns_soft_nubs-Ceo9sMlY.webp                                              192.49 kB
dist/assets/surface_soft_scales-CvXlL9H2.png                                                192.99 kB
dist/assets/surface_short_fur-CEgm4dnr.png                                                  193.40 kB
dist/assets/extra_side_fins-blob-extraLeft-D7ex1zrb.webp                                    194.37 kB
dist/assets/arms_long_noodle-shoulderRight-BMN8VdP8.webp                                    195.41 kB
dist/assets/extra_side_fins-blob-extraRight-Bo1MR89U.webp                                   195.71 kB
dist/assets/head_antennae_glow-DY0tkhoD.webp                                                196.02 kB
dist/assets/tail_cat_long-biped-tailRoot-DcRMTd3Z.png                                       197.08 kB
dist/assets/mouth_vertical_oval-DOZCMdi2.webp                                               197.79 kB
dist/assets/surface_soft_scales-aTJxZA3G.webp                                               198.76 kB
dist/assets/eyes_sleepy_crescent-CHLfKdxd.webp                                              201.95 kB
dist/assets/legs_webbed-hipLeft-BWnvLeQN.png                                                207.08 kB
dist/assets/legs_webbed-hipRight-C_RxsgCA.png                                               207.14 kB
dist/assets/extra_moth_wings-floating-extraLeft-V_ZFeTXl.webp                               207.73 kB
dist/assets/extra_moth_wings-floating-extraRight-B39KN1Y1.webp                              209.19 kB
dist/assets/head_mushroom_cap-DodqTfEP.webp                                                 209.52 kB
dist/assets/eyes_stalk_pair-wcYWeF7w.webp                                                   213.22 kB
dist/assets/tail_dog_long-biped-tailRoot-BI17US_t.png                                       218.53 kB
dist/assets/arms_paddle-idxeo3US.webp                                                       218.89 kB
dist/assets/legs_shadow_tiptoe-DixQgT6-.webp                                                219.11 kB
dist/assets/legs_mushroom-pmdZB0J6.webp                                                     219.28 kB
dist/assets/extra_soft_tentacles-floating-extraLeft-DObVFtBR.webp                           223.03 kB
dist/assets/extra_soft_tentacles-floating-extraRight-DP97_e1x.webp                          224.10 kB
dist/assets/tail_mushroom_cluster-blob-tailRoot-dYzXmyof.webp                               228.73 kB
dist/assets/tail_dog_long-blob-tailRoot-BgcYb-ut.png                                        229.30 kB
dist/assets/arms_short_plush-shoulderRight-DSwSoHqn.webp                                    233.82 kB
dist/assets/surface_gel_bubbles-CB9tytxi.webp                                               234.18 kB
dist/assets/tail_soft_curl-blob-tailRoot-DyLIL3Tw.webp                                      237.16 kB
dist/assets/legs_mushroom-floating-hipLeft-D8fJm2fA.webp                                    240.09 kB
dist/assets/legs_mushroom-floating-hipRight-FdeJdk82.webp                                   240.95 kB
dist/assets/arms_short_plush-shoulderLeft-CWo9Fcdg.webp                                     241.05 kB
dist/assets/extra_moth_wings-blob-extraLeft-BdQHrNAR.webp                                   241.76 kB
dist/assets/extra_moth_wings-blob-extraRight-BPENoslw.webp                                  242.66 kB
dist/assets/legs_shadow_tiptoe-floating-hipLeft-CAr4oohX.webp                               247.64 kB
dist/assets/legs_shadow_tiptoe-floating-hipRight-Bv_VDfVB.webp                              247.88 kB
dist/assets/extra_side_fins-BIjrH_yj.webp                                                   248.05 kB
dist/assets/legs_mushroom-BbQ5VdVV.webp                                                     248.20 kB
dist/assets/tail_cat_long-blob-tailRoot-S-q8t0ZE.png                                        249.69 kB
dist/assets/oral_lolling_tongue-BrACrTWL.webp                                               250.69 kB
dist/assets/arms_paddle-blob-shoulderRight-CIavFDqx.webp                                    254.55 kB
dist/assets/arms_paddle-blob-shoulderLeft-DDRhr16s.webp                                     255.50 kB
dist/assets/legs_mushroom-hipLeft-D55LCWsv.png                                              257.01 kB
dist/assets/legs_mushroom-hipRight-BS8KhNcS.png                                             258.87 kB
dist/assets/tail_mushroom_cluster-biped-tailRoot-CDzbfDf2.webp                              262.56 kB
dist/assets/tail_mushroom_cluster-CQu4K37y.webp                                             263.86 kB
dist/assets/tail_dog_long-floating-tailRoot-Dm8JIG_B.png                                    264.29 kB
dist/assets/arms_paddle-biped-shoulderLeft-e_JF17H5.webp                                    265.39 kB
dist/assets/tail_fish_fan-blob-tailRoot-DwIccT0c.webp                                       266.26 kB
dist/assets/arms_paddle-biped-shoulderRight-BbNXprxM.webp                                   266.39 kB
dist/assets/neck-VoIu1VBw.webp                                                              266.95 kB
dist/assets/surface_mushroom_velvet-BADtSNVK.webp                                           268.41 kB
dist/assets/arms_short_plush-DuBki1mt.webp                                                  268.78 kB
dist/assets/legs_mushroom-blob-hipLeft-DA27gqKn.png                                         268.91 kB
dist/assets/head_mushroom_cap-neck-z4_J0tof.webp                                            269.40 kB
dist/assets/extra_side_fins-floating-extraRight-CMHMVqPn.webp                               269.41 kB
dist/assets/mouth_soft_beak-Cf8qk9fc.webp                                                   270.41 kB
dist/assets/neck-CF9R6yA2.webp                                                              271.04 kB
dist/assets/extra_side_fins-floating-extraLeft-Cczb0-s1.webp                                271.34 kB
dist/assets/legs_webbed-Dgeet0M5.webp                                                       274.06 kB
dist/assets/legs_mushroom-blob-hipRight-C4QyOyv9.png                                        275.84 kB
dist/assets/left-D__YSvv0.webp                                                              278.67 kB
dist/assets/eyes_asymmetric-DDTzHVmL.png                                                    279.05 kB
dist/assets/surface_soft_scales-COzQ1UCx.png                                                281.57 kB
dist/assets/tail_soft_curl-biped-tailRoot-BvmpXlsO.webp                                     282.73 kB
dist/assets/right-tXeQnS6W.webp                                                             284.82 kB
dist/assets/legs_mushroom-Bsco3Vuf.webp                                                     284.97 kB
dist/assets/effect_spore_glow-DgvZbiDS.png                                                  286.39 kB
dist/assets/legs_webbed-BU0xNhMX.webp                                                       289.11 kB
dist/assets/legs_webbed-floating-hipRight-BZtEzaNq.webp                                     293.25 kB
dist/assets/tail_fish_fan-CbMxa7y8.webp                                                     293.39 kB
dist/assets/arms_long_noodle-B5nLgifc.webp                                                  294.72 kB
dist/assets/legs_shadow_tiptoe-biped-hipRight-DULnGJhf.png                                  295.68 kB
dist/assets/neck-DiRqbPzb.webp                                                              295.93 kB
dist/assets/legs_shadow_tiptoe-biped-hipLeft-DP4M3trF.png                                   296.51 kB
dist/assets/extra_moth_wings-biped-extraLeft-CH5ocOoB.webp                                  297.29 kB
dist/assets/legs_webbed-floating-hipLeft-DmFB80u6.webp                                      298.36 kB
dist/assets/extra_soft_tentacles-BxN7SeZw.webp                                              299.59 kB
dist/assets/extra_moth_wings-biped-extraRight-DCxgXH4J.webp                                 299.93 kB
dist/assets/legs_stub_feet-CAX0EOdJ.webp                                                    300.29 kB
dist/assets/neck-C9bupTc0.webp                                                              303.03 kB
dist/assets/mouth_soft_pout-C8_0FxiL.webp                                                   303.25 kB
dist/assets/legs_webbed-CzOiqBy-.png                                                        304.69 kB
dist/assets/head_shadow_hood-BndDNhOh.webp                                                  305.60 kB
dist/assets/neck-ynl6U5lt.webp                                                              306.96 kB
dist/assets/eyes_triple_pearl-CrMdVBeH.png                                                  315.37 kB
dist/assets/mouth_wide_grin-C43UqwKy.webp                                                   315.82 kB
dist/assets/arms_long_noodle-s2Wskmn1.webp                                                  316.29 kB
dist/assets/extra_soft_tentacles-biped-extraLeft-Dm9ykYBK.webp                              316.83 kB
dist/assets/arms_short_plush-v-7--fEf.webp                                                  319.45 kB
dist/assets/legs_shadow_tiptoe-CctKRIYh.webp                                                323.22 kB
dist/assets/extra_soft_tentacles-biped-extraRight-CjdnQDpF.webp                             324.52 kB
dist/assets/arms_short_plush-CbqIp2vJ.webp                                                  325.18 kB
dist/assets/head_angler_bulb-EaUrF_n5.webp                                                  325.67 kB
dist/assets/extra_side_fins-biped-extraRight--QzutRpC.webp                                  325.75 kB
dist/assets/extra_side_fins-biped-extraLeft-CNk-ERCL.webp                                   326.24 kB
dist/assets/neck-Cvnrgx5M.webp                                                              327.13 kB
dist/assets/oral_single_fang-6XtXFDzq.png                                                   328.11 kB
dist/assets/tail_fish_fan-DTqqDGAM.webp                                                     328.60 kB
dist/assets/tail_soft_curl-bYeByM18.webp                                                    329.90 kB
dist/assets/tail_mushroom_cluster-CWPXjLP8.webp                                             335.23 kB
dist/assets/arms_short_plush-floating-shoulderRight-DJojXup6.png                            338.82 kB
dist/assets/arms_paddle-ysGZ8_60.webp                                                       341.07 kB
dist/assets/arms_long_noodle-CskS0pzL.webp                                                  342.51 kB
dist/assets/effect_bioluminescent_orbs-jUlAU-g0.png                                         342.62 kB
dist/assets/legs_webbed-blob-hipRight-D2xK3kh9.png                                          342.85 kB
dist/assets/ear_crystal_rim-CbWl51V4.webp                                                   343.77 kB
dist/assets/legs_webbed-blob-hipLeft-sv4Zqt6o.png                                           344.99 kB
dist/assets/arms_short_plush-floating-shoulderLeft-DWcFovPg.png                             345.04 kB
dist/assets/tail_mushroom_cluster-DVBj8ijQ.webp                                             345.53 kB
dist/assets/body_blob_wide-tojIdMHF.webp                                                    346.89 kB
dist/assets/legs_stub_feet-floating-hipLeft-DduY6kTR.webp                                   348.17 kB
dist/assets/legs_stub_feet-floating-hipRight-BJLQ0Kvt.webp                                  349.01 kB
dist/assets/arms_long_noodle-BkkRx8id.webp                                                  349.09 kB
dist/assets/right-doezh1l_.webp                                                             349.53 kB
dist/assets/right-7ZBsck0l.webp                                                             350.09 kB
dist/assets/tail_fish_fan-DrC-bpuk.webp                                                     350.97 kB
dist/assets/head_antennae_glow-B5i6Qy8Q.png                                                 353.25 kB
dist/assets/left-g7PL-2H1.webp                                                              354.30 kB
dist/assets/left-uWGc9lSN.webp                                                              355.92 kB
dist/assets/neck-Cdz3fi8v.webp                                                              358.93 kB
dist/assets/neck-Bv2cFqme.webp                                                              360.00 kB
dist/assets/right-Dejo-60z.webp                                                             361.33 kB
dist/assets/tail_soft_curl-CJeF4KQn.webp                                                    361.36 kB
dist/assets/tail_soft_curl-d3Y_0JDV.webp                                                    363.32 kB
dist/assets/pattern_soft_spots-CEIRAw_M.webp                                                363.32 kB
dist/assets/left-CgxUZxT6.webp                                                              366.02 kB
dist/assets/arms_paddle-floating-shoulderLeft-BZf7yk7k.png                                  366.42 kB
dist/assets/extra_soft_tentacles-blob-extraLeft-BJrWWbk5.png                                366.88 kB
dist/assets/right-B0wyqcpb.webp                                                             369.17 kB
dist/assets/arms_paddle-floating-shoulderRight-B5_7TQFD.png                                 369.38 kB
dist/assets/legs_stub_feet-DpejiaYW.webp                                                    370.64 kB
dist/assets/legs_stub_feet-CzI5fu2Q.webp                                                    371.97 kB
dist/assets/extra_soft_tentacles-blob-extraRight-RlpPtI4X.png                               372.30 kB
dist/assets/arms_short_plush-blob-shoulderLeft-BN8QBTdA.png                                 378.62 kB
dist/assets/arms_short_plush-blob-shoulderRight-QuXM84Kb.png                                379.08 kB
dist/assets/head_ears_floppy_fins-DK2Lzw6H.png                                              379.58 kB
dist/assets/eyes_glossy_pair-DM8DQXsk.png                                                   382.36 kB
dist/assets/pattern_gentle_stripes-Ce_yDT6e.webp                                            385.38 kB
dist/assets/body_biped_tall-BoEizrs6.webp                                                   386.87 kB
dist/assets/legs_mushroom-BjvGJSCP.png                                                      387.40 kB
dist/assets/body_biped_peanut-DGlzAyW-.webp                                                 387.77 kB
dist/assets/left-DYTU75mP.webp                                                              389.67 kB
dist/assets/right-5aKGHghQ.webp                                                             390.75 kB
dist/assets/oral_gummy_ridges-G6WInanj.png                                                  394.31 kB
dist/assets/legs_shadow_tiptoe-blob-hipLeft-Dq9hh_WT.png                                    395.38 kB
dist/assets/legs_shadow_tiptoe-blob-hipRight-BH_pNiHZ.png                                   399.48 kB
dist/assets/head_mushroom_cap-CT5Ag1jL.png                                                  400.53 kB
dist/assets/legs_shadow_tiptoe-CD9WoBRG.webp                                                405.88 kB
dist/assets/pattern_gentle_stripes-paIBTo-a.webp                                            407.17 kB
dist/assets/legs_stub_feet-blob-hipRight-b3x9u7d9.png                                       408.21 kB
dist/assets/legs_stub_feet-blob-hipLeft-Cse0p8o5.png                                        412.14 kB
dist/assets/arms_long_noodle-blob-shoulderLeft-BohkGRVa.png                                 413.36 kB
dist/assets/head_horns_soft_nubs-DHrkKEX-.png                                               413.98 kB
dist/assets/extra_moth_wings-BRaJdPzI.webp                                                  415.28 kB
dist/assets/left-ZuBAS6cG.webp                                                              420.21 kB
dist/assets/oral_round_teeth-CmyLH2Qi.png                                                   424.13 kB
dist/assets/legs_stub_feet-biped-hipRight-Ds_UUNYJ.png                                      425.59 kB
dist/assets/arms_long_noodle-blob-shoulderRight-BswtVGAU.png                                426.04 kB
dist/assets/legs_stub_feet-biped-hipLeft-Co8qCGV6.png                                       428.49 kB
dist/assets/arms_long_noodle-floating-shoulderLeft-B3Uli-C5.png                             431.04 kB
dist/assets/eyes_sleepy_crescent-COsWk6wq.png                                               431.76 kB
dist/assets/arms_long_noodle-floating-shoulderRight-C2jsRTzz.png                            436.24 kB
dist/assets/neck-64CILw5A.webp                                                              436.41 kB
dist/assets/extra_side_fins-DFcs3f2P.png                                                    443.02 kB
dist/assets/tail_fish_fan-DVkKmhrf.webp                                                     444.68 kB
dist/assets/surface_gel_bubbles-CKbu1wcs.png                                                445.00 kB
dist/assets/eyes_stalk_pair-CwchkXMm.png                                                    445.35 kB
dist/assets/extra_soft_tentacles-Bh0xDSo8.webp                                              445.40 kB
dist/assets/arms_short_plush-CbW0-tKS.webp                                                  452.11 kB
dist/assets/body_blob_round-BqtCN_w3.webp                                                   453.55 kB
dist/assets/head_round_dome-DgfrrQpv.webp                                                   460.09 kB
dist/assets/tail_mushroom_cluster-blob-tailRoot-C4ZP8jWJ.png                                466.96 kB
dist/assets/mouth_vertical_oval-DpjdvW5W.png                                                471.37 kB
dist/assets/legs_mushroom-BnjoVRes.webp                                                     478.35 kB
dist/assets/extra_soft_tentacles-floating-extraLeft-D0BrfEpf.png                            479.07 kB
dist/assets/extra_soft_tentacles-floating-extraRight-Pt6iIe5S.png                           479.31 kB
dist/assets/arms_long_noodle-shoulderLeft-CPKdG3ui.png                                      482.68 kB
dist/assets/arms_long_noodle-shoulderRight-9k7-XB6n.png                                     484.70 kB
dist/assets/extra_side_fins-blob-extraLeft-BipllIz5.png                                     484.96 kB
dist/assets/head_mushroom_cap-Dl6_8jLn.webp                                                 485.52 kB
dist/assets/arms_paddle-CHnmAuFk.png                                                        485.94 kB
dist/assets/extra_moth_wings-floating-extraRight-DU1ofca2.png                               489.64 kB
dist/assets/extra_moth_wings-floating-extraLeft-qBrA1COU.png                                489.90 kB
dist/assets/tail_mushroom_cluster-DGRnbnCF.webp                                             490.91 kB
dist/assets/extra_side_fins-blob-extraRight-Yn7_UTJU.png                                    490.91 kB
dist/assets/tail_soft_curl-C-0nq_Ck.webp                                                    491.30 kB
dist/assets/mouth_feline_pout-b6Eu3h4D.webp                                                 491.71 kB
dist/assets/legs_shadow_tiptoe-CNLNX6Sg.webp                                                494.72 kB
dist/assets/neck-BVqV_scT.webp                                                              495.76 kB
dist/assets/tail_soft_curl-blob-tailRoot-BhuXeQl8.png                                       498.27 kB
dist/assets/body_floating_drop-BzIcH5WL.webp                                                504.24 kB
dist/assets/neck-BJlfhjp0.webp                                                              504.45 kB
dist/assets/legs_mushroom-BZOSfqjx.png                                                      504.59 kB
dist/assets/arms_paddle-B4NUJucI.webp                                                       507.07 kB
dist/assets/extra_moth_wings-BLe5kPUZ.webp                                                  507.14 kB
dist/assets/neck-DcIarD0K.webp                                                              514.10 kB
dist/assets/head_mushroom_cap-neck-_C6my8z_.png                                             517.77 kB
dist/assets/oral_lolling_tongue-B4c-AxLP.png                                                519.12 kB
dist/assets/extra_moth_wings-pej0Z2db.webp                                                  519.64 kB
dist/assets/extra_side_fins-DBQzZcIT.webp                                                   523.20 kB
dist/assets/arms_paddle-BrEmqWXy.webp                                                       529.37 kB
dist/assets/extra_soft_tentacles-DDqCBQRz.webp                                              529.83 kB
dist/assets/surface_mushroom_velvet-jcaL0pdc.png                                            532.45 kB
dist/assets/extra_moth_wings-blob-extraLeft-hv01V0SC.png                                    533.05 kB
dist/assets/extra_moth_wings-blob-extraRight-BTddHj3T.png                                   536.61 kB
dist/assets/tail_mushroom_cluster-biped-tailRoot-CfkI9k_U.png                               538.89 kB
dist/assets/extra_side_fins-BUHWjBLm.webp                                                   539.07 kB
dist/assets/ear_crystal_rim-CAtNp1yb.png                                                    547.42 kB
dist/assets/legs_shadow_tiptoe-CW-VNK0a.png                                                 549.13 kB
dist/assets/left-KhKyGVoF.webp                                                              556.45 kB
dist/assets/mouth_soft_beak-CF3LZz_9.png                                                    565.78 kB
dist/assets/eyes_feline_wide-C1CCdsb8.webp                                                  566.18 kB
dist/assets/tail_mushroom_cluster-obmbVjbt.png                                              567.27 kB
dist/assets/legs_mushroom-floating-hipLeft-C1eKZnd8.png                                     571.24 kB
dist/assets/base_blob_v1-CIs5M4cs.webp                                                      572.33 kB
dist/assets/base_biped_v1-BncJqfEt.webp                                                     573.44 kB
dist/assets/right-DKrL_ZEt.webp                                                             578.54 kB
dist/assets/legs_mushroom-floating-hipRight-CAMU7GRF.png                                    581.32 kB
dist/assets/legs_webbed-Ns-Cs8XX.png                                                        587.73 kB
dist/assets/legs_webbed-C97Xi_jb.webp                                                       589.78 kB
dist/assets/extra_moth_wings-cGd01Qph.webp                                                  593.89 kB
dist/assets/tail_fish_fan-blob-tailRoot-jvQzWiKU.png                                        595.60 kB
dist/assets/neck-C1UG8nVv.png                                                               595.69 kB
dist/assets/arms_short_plush-D9hs0mGl.png                                                   597.59 kB
dist/assets/extra_side_fins-floating-extraRight-ChHKawwg.png                                606.40 kB
dist/assets/tail_soft_curl-biped-tailRoot-Bh8gP2Kq.png                                      610.06 kB
dist/assets/arms_short_plush-shoulderRight-Cs0b5ed-.png                                     611.45 kB
dist/assets/extra_side_fins-floating-extraLeft-DKA4UOQC.png                                 613.67 kB
dist/assets/mouth_soft_pout-tQ39S32M.png                                                    616.47 kB
dist/assets/neck-Csvkwbdb.png                                                               617.83 kB
dist/assets/arms_short_plush-shoulderLeft-DmTmC18S.png                                      620.35 kB
dist/assets/arms_paddle-biped-shoulderLeft-BilGVWOJ.png                                     621.12 kB
dist/assets/head_shadow_hood-QZPzuDX3.png                                                   623.69 kB
dist/assets/arms_paddle-biped-shoulderRight-CqfqDGzj.png                                    629.26 kB
dist/assets/arms_short_plush-Frf3bygn.png                                                   630.66 kB
dist/assets/arms_long_noodle-yKHsZEWd.png                                                   631.45 kB
dist/assets/legs_mushroom-B1pweprx.png                                                      635.28 kB
dist/assets/legs_shadow_tiptoe-floating-hipLeft-721fA0KH.png                                637.90 kB
dist/assets/legs_shadow_tiptoe-floating-hipRight-DC6m0qOJ.png                               640.00 kB
dist/assets/legs_webbed-DoAlNk9Y.png                                                        641.01 kB
dist/assets/base_floating_v1-BElAxK21.webp                                                  642.61 kB
dist/assets/body_biped_peanut-BQWdjpV1.webp                                                 643.40 kB
dist/assets/neck-BEgJVAod.png                                                               643.58 kB
dist/assets/head_angler_bulb-Lm5OQBGZ.png                                                   644.04 kB
dist/assets/legs_webbed-floating-hipRight-DWvQz3Gx.png                                      644.71 kB
dist/assets/extra_soft_tentacles-CxwiTCvj.png                                               646.44 kB
dist/assets/left-CuVt1LEC.webp                                                              647.37 kB
dist/assets/extra_side_fins-C9TcUlO-.webp                                                   650.47 kB
dist/assets/legs_webbed-floating-hipLeft-BxbbZQrC.png                                       650.91 kB
dist/assets/right-D80q-5dx.webp                                                             655.27 kB
dist/assets/tail_fish_fan-DyQw1aoN.png                                                      663.03 kB
dist/assets/extra_soft_tentacles-BYAKLZNM.webp                                              675.55 kB
dist/assets/tail_mushroom_cluster-CNRBK8uw.png                                              675.57 kB
dist/assets/arms_paddle-blob-shoulderRight-B7u3jHHf.png                                     677.68 kB
dist/assets/tail_mushroom_cluster-BGDaBpty.png                                              678.06 kB
dist/assets/legs_stub_feet-Cn3DFeSj.png                                                     680.41 kB
dist/assets/arms_paddle-D1fD8RT7.png                                                        681.19 kB
dist/assets/mouth_wide_grin-CI0SIVys.png                                                    683.84 kB
dist/assets/body_biped_tall-BmOoHbpg.webp                                                   684.93 kB
dist/assets/tail_fish_fan-l6HkZsdo.png                                                      688.02 kB
dist/assets/arms_paddle-blob-shoulderLeft-d-48LFdU.png                                      688.13 kB
dist/assets/neck-kjODCelE.png                                                               690.26 kB
dist/assets/legs_stub_feet-JI9_F_Uw.webp                                                    695.66 kB
dist/assets/pattern_soft_spots-DcZRgyve.png                                                 695.88 kB
dist/assets/extra_soft_tentacles-biped-extraLeft-Dd1yEERm.png                               698.88 kB
dist/assets/neck-Bxcv_PaJ.png                                                               700.39 kB
dist/assets/neck-DCVJ1Y9M.png                                                               700.43 kB
dist/assets/eyes_feline_sleepy-B4cmdsLA.webp                                                700.80 kB
dist/assets/neck-DjuCd6AU.png                                                               702.61 kB
dist/assets/extra_soft_tentacles-biped-extraRight-BvP_DDu_.png                              706.57 kB
dist/assets/neck-eKLrL5h4.png                                                               707.22 kB
dist/assets/tail_fish_fan-DN_vSih0.png                                                      710.87 kB
dist/assets/arms_short_plush-CCCAXqbM.png                                                   710.94 kB
dist/assets/tail_soft_curl-CWnwjKKk.png                                                     714.55 kB
dist/assets/left-BLW3028V.png                                                               725.72 kB
dist/assets/tail_soft_curl-BWcIvGne.png                                                     726.36 kB
dist/assets/legs_shadow_tiptoe-LuQenWCQ.png                                                 736.29 kB
dist/assets/extra_moth_wings-biped-extraLeft-D2pnyIMV.png                                   738.76 kB
dist/assets/right-DRDE40-o.png                                                              741.24 kB
dist/assets/extra_moth_wings-biped-extraRight-B5E_0-79.png                                  743.46 kB
dist/assets/left-D5tBTt6J.png                                                               745.33 kB
dist/assets/body_blob_wide-CE3ri45u.png                                                     747.32 kB
dist/assets/right-CNhmtR77.png                                                              747.41 kB
dist/assets/legs_stub_feet-BYXKUdtW.png                                                     758.23 kB
dist/assets/tail_soft_curl-WTx-xGcy.png                                                     760.11 kB
dist/assets/legs_stub_feet-floating-hipLeft-B6QnX11B.png                                    760.24 kB
dist/assets/legs_stub_feet-floating-hipRight-sRza__sw.png                                   765.63 kB
dist/assets/body_biped_tall-body-C3B2ALrs.webp                                              772.21 kB
dist/assets/body_biped_peanut-body-cPa2LkT-.webp                                            774.77 kB
dist/assets/arms_long_noodle-C5pxfXS3.png                                                   792.73 kB
dist/assets/legs_stub_feet-B5gis7Xi.png                                                     794.83 kB
dist/assets/extra_side_fins-biped-extraRight-BY82sb-F.png                                   806.79 kB
dist/assets/eyes_feline_round-C3MhCB-q.webp                                                 808.16 kB
dist/assets/pattern_gentle_stripes-3HclmjVJ.png                                             808.80 kB
dist/assets/extra_side_fins-biped-extraLeft-CcH3zXlz.png                                    811.14 kB
dist/assets/mouth_feline_smile-BfRVq1Hf.webp                                                832.49 kB
dist/assets/arms_long_noodle-Cvm3hELc.png                                                   835.19 kB
dist/assets/arms_long_noodle-CxWJ-vaP.png                                                   847.19 kB
dist/assets/tail_feline_long-6c-K0tX-.webp                                                  860.87 kB
dist/assets/pattern_gentle_stripes-DNaszT3L.png                                             873.20 kB
dist/assets/body-D8vOuP2V.webp                                                              874.44 kB
dist/assets/body_biped_tall-xv1SL8U7.png                                                    882.92 kB
dist/assets/body_biped_peanut-DqbM3H9I.png                                                  888.72 kB
dist/assets/extra_soft_tentacles-wfsDzBX8.png                                               890.93 kB
dist/assets/body-BPyWp7_l.webp                                                              901.85 kB
dist/assets/extra_moth_wings-nJ7qT9g4.png                                                   909.67 kB
dist/assets/right-uB0PrUL5.png                                                              917.12 kB
dist/assets/tail_mushroom_cluster-Dn2zGYX_.png                                              924.53 kB
dist/assets/left-BEuZjx7a.png                                                               926.52 kB
dist/assets/right-BzKJB_6K.png                                                              928.99 kB
dist/assets/tail_fish_fan-EQue8uWF.png                                                      937.59 kB
dist/assets/neck-BeBq1x6d.png                                                               938.88 kB
dist/assets/legs_shadow_tiptoe-3Izz3Kfw.png                                                 944.24 kB
dist/assets/left-C4SVAXGI.png                                                               952.60 kB
dist/assets/right-Vt3CsM-M.png                                                              957.04 kB
dist/assets/tail_soft_curl-BgCrQITL.png                                                     963.08 kB
dist/assets/head_round_dome-DTYo0oqP.png                                                    966.36 kB
dist/assets/body_blob_round-pTxbHT9f.png                                                    995.17 kB
dist/assets/neck-hUaN2NqX.png                                                               999.39 kB
dist/assets/body-DogV6v5C.webp                                                            1,016.05 kB
dist/assets/left-BWJpyR47.png                                                             1,025.18 kB
dist/assets/right-B8AlVlb_.png                                                            1,031.85 kB
dist/assets/mouth_feline_pout-B4CvxOQ4.png                                                1,036.13 kB
dist/assets/head_mushroom_cap-DJH_C1hT.png                                                1,053.05 kB
dist/assets/extra_moth_wings-Dk_CZjvE.png                                                 1,061.52 kB
dist/assets/legs_mushroom-C28a6IRy.png                                                    1,070.71 kB
dist/assets/extra_soft_tentacles-DpWapGOl.png                                             1,095.43 kB
dist/assets/arms_short_plush-BwNRVV_o.png                                                 1,113.07 kB
dist/assets/body_floating_drop-Czj4MhT4.png                                               1,113.09 kB
dist/assets/extra_moth_wings-D8tYkjsk.png                                                 1,139.34 kB
dist/assets/neck-C-PL7iAV.png                                                             1,139.47 kB
dist/assets/left-va6QkOtC.png                                                             1,142.02 kB
dist/assets/extra_side_fins-CNmgDlgP.png                                                  1,151.35 kB
dist/assets/neck-D075KVxX.png                                                             1,170.71 kB
dist/assets/arms_paddle-CH-TAZmY.png                                                      1,178.87 kB
dist/assets/legs_shadow_tiptoe-jynpy0c3.png                                               1,192.88 kB
dist/assets/tail_feline_star_tip-BKlXPhJK.webp                                            1,198.63 kB
dist/assets/base_blob_v1-CgdKCkAF.png                                                     1,206.60 kB
dist/assets/legs_webbed-BNjS-4ri.png                                                      1,219.32 kB
dist/assets/extra_side_fins-BlsMWUf8.png                                                  1,222.09 kB
dist/assets/base_biped_v1-BthYoKsJ.png                                                    1,246.74 kB
dist/assets/arms_paddle-C8ZKI3a_.png                                                      1,298.30 kB
dist/assets/base_floating_v1-Bzmp16aa.png                                                 1,341.34 kB
dist/assets/tail_feline_curl-BwNBAcsE.webp                                                1,357.05 kB
dist/assets/surface_feline_moss_back-sNk7lU54.webp                                        1,368.91 kB
dist/assets/extra_moth_wings-BTawc4a6.png                                                 1,398.07 kB
dist/assets/eyes_feline_wide-r6tYilGf.png                                                 1,409.93 kB
dist/assets/extra_soft_tentacles-C35KOjsf.png                                             1,416.85 kB
dist/assets/legs_stub_feet-pFqA8FLF.png                                                   1,424.13 kB
dist/assets/structural-D4BvoTZL.webp                                                      1,451.37 kB
dist/assets/structural-CBqWI0Yv.webp                                                      1,474.61 kB
dist/assets/eyes_feline_sleepy-DzsONmFL.png                                               1,476.34 kB
dist/assets/structural-DvuLjz04.webp                                                      1,487.35 kB
dist/assets/body_feline_sit_plush-BQ8MurFB.webp                                           1,496.80 kB
dist/assets/extra_side_fins-C208LR8d.png                                                  1,506.97 kB
dist/assets/left-BS5xUeAk.png                                                             1,511.92 kB
dist/assets/body_biped_peanut-DOmRHrPO.png                                                1,535.86 kB
dist/assets/right-97owFH9Y.png                                                            1,589.40 kB
dist/assets/legs_mushroom-C_KKaExN.png                                                    1,595.42 kB
dist/assets/surface_feline_short_fur-WwPJhkNU.webp                                        1,607.50 kB
dist/assets/structural-BPA3-rCF.webp                                                      1,625.21 kB
dist/assets/body_feline_sit_round-BZ3xTJBY.webp                                           1,630.01 kB
dist/assets/body_biped_tall-CYzhmtE-.png                                                  1,658.90 kB
dist/assets/structural-CruUk1zt.webp                                                      1,673.63 kB
dist/assets/mouth_feline_smile-D1A0wjQK.png                                               1,723.99 kB
dist/assets/body-D7cArwmx.png                                                             1,759.06 kB
dist/assets/right-Dh5pSl9N.png                                                            1,823.52 kB
dist/assets/pattern_feline_spots-CKXn_107.webp                                            1,826.71 kB
dist/assets/left-DPUtw6qp.png                                                             1,827.17 kB
dist/assets/body_biped_peanut-body-Ca9tRTVn.png                                           1,849.53 kB
dist/assets/structural-02XGCXC1.webp                                                      1,854.04 kB
dist/assets/body_biped_tall-body-Cgw7uS-a.png                                             1,870.93 kB
dist/assets/body-CY1TNVGJ.png                                                             1,884.81 kB
dist/assets/eyes_feline_round-CVygCGZA.png                                                1,888.88 kB
dist/assets/color_feline_shadow-Dykqr60X.webp                                             1,906.36 kB
dist/assets/pattern_feline_tabby-DiTn1g38.webp                                            1,906.82 kB
dist/assets/structural-Ecdk4Gg9.webp                                                      1,914.85 kB
dist/assets/color_feline_fungal-BS5pH3iv.webp                                             1,998.43 kB
dist/assets/structure-5zYdO2Vl.webp                                                       2,039.33 kB
dist/assets/color_feline_deep_sea-BFaa8usu.webp                                           2,056.51 kB
dist/assets/structural-ZGVEEM8u.webp                                                      2,057.08 kB
dist/assets/body-_B9ZMiie.png                                                             2,260.91 kB
dist/assets/tail_feline_long-46KpxKep.png                                                 2,297.87 kB
dist/assets/head_feline_tufted-BjPVhhFr.webp                                              2,339.34 kB
dist/assets/surface_feline_short_fur-7RZ_2lv3.png                                         2,349.79 kB
dist/assets/head_feline_round-FMCGHBd6.webp                                               2,615.83 kB
dist/assets/tail_feline_star_tip-hppslgpf.png                                             3,160.71 kB
dist/assets/surface_feline_moss_back-BZFcQmKE.png                                         3,301.38 kB
dist/assets/tail_feline_curl-CLdWrOAU.png                                                 3,400.53 kB
dist/assets/pattern_feline_spots-Bm-4ab55.png                                             3,853.42 kB
dist/assets/body_feline_sit_plush-ChHJ6iwf.png                                            4,104.12 kB
dist/assets/body_feline_sit_round-SZz9y2pf.png                                            4,292.10 kB
dist/assets/pattern_feline_tabby-aEvUn_7w.png                                             4,340.82 kB
dist/assets/color_feline_deep_sea-FYMCRzgH.png                                            5,032.19 kB
dist/assets/structural-CT8ZXKSI.png                                                       5,088.32 kB
dist/assets/color_feline_shadow-CCh5XugT.png                                              5,090.23 kB
dist/assets/color_feline_fungal-MOYtmNIj.png                                              5,168.73 kB
dist/assets/structure-DQ_6C-2o.png                                                        5,243.31 kB
dist/assets/structural-BnZz_CP6.png                                                       5,611.03 kB
dist/assets/head_feline_tufted-Bi5WgI0h.png                                               5,641.82 kB
dist/assets/structural-DOVrW0z1.png                                                       5,693.36 kB
dist/assets/head_feline_round-Ca9H5Oj1.png                                                5,826.05 kB
dist/assets/structural-JnJEkA7x.png                                                       5,919.25 kB
dist/assets/structural-8UUzxTZq.png                                                       6,366.04 kB
dist/assets/structural-CQgg3ZXO.png                                                       6,469.77 kB
dist/assets/structural-fAARiwFD.png                                                       6,645.47 kB
dist/assets/structural-BqnkTA-C.png                                                       6,705.46 kB
dist/assets/tokens-BCJsICGW.css                                                               0.71 kB │ gzip:   0.42 kB
dist/assets/catalogReport-CLmUXggc.css                                                        8.91 kB │ gzip:   2.22 kB
dist/assets/main-B94w8e-h.css                                                                14.52 kB │ gzip:   3.91 kB
dist/assets/hip-BIHJXh39.js                                                                   0.05 kB │ gzip:   0.07 kB
dist/assets/hip-BVtQj8Dj.js                                                                   0.05 kB │ gzip:   0.07 kB
dist/assets/hip-BYlo99Fr.js                                                                   0.05 kB │ gzip:   0.07 kB
dist/assets/hip-BcRqHpaT.js                                                                   0.05 kB │ gzip:   0.07 kB
dist/assets/hip-BtWBHb73.js                                                                   0.05 kB │ gzip:   0.07 kB
dist/assets/hip-D_li2jdo.js                                                                   0.05 kB │ gzip:   0.07 kB
dist/assets/hip-EjCjP0AO.js                                                                   0.05 kB │ gzip:   0.07 kB
dist/assets/hip-NhlRCaIG.js                                                                   0.05 kB │ gzip:   0.07 kB
dist/assets/hip-e4ov3NKr.js                                                                   0.05 kB │ gzip:   0.07 kB
dist/assets/body-0rsw3BrT.js                                                                  0.05 kB │ gzip:   0.07 kB
dist/assets/body-BRLugwS1.js                                                                  0.05 kB │ gzip:   0.07 kB
dist/assets/body-Bo6quQXC.js                                                                  0.05 kB │ gzip:   0.07 kB
dist/assets/body-CzEnHQwg.js                                                                  0.05 kB │ gzip:   0.07 kB
dist/assets/body-D40WoAfA.js                                                                  0.05 kB │ gzip:   0.07 kB
dist/assets/body-DJKpk8Qg.js                                                                  0.05 kB │ gzip:   0.07 kB
dist/assets/body-DOk-U3Z0.js                                                                  0.05 kB │ gzip:   0.07 kB
dist/assets/body-DaOZAd66.js                                                                  0.05 kB │ gzip:   0.07 kB
dist/assets/body-r16g6sEP.js                                                                  0.05 kB │ gzip:   0.07 kB
dist/assets/body_blob_round-0rsw3BrT.js                                                       0.05 kB │ gzip:   0.07 kB
dist/assets/body_blob_round-DJKpk8Qg.js                                                       0.05 kB │ gzip:   0.07 kB
dist/assets/body_blob_round-r16g6sEP.js                                                       0.05 kB │ gzip:   0.07 kB
dist/assets/body_blob_wide-Bo6quQXC.js                                                        0.05 kB │ gzip:   0.07 kB
dist/assets/body_blob_wide-D40WoAfA.js                                                        0.05 kB │ gzip:   0.07 kB
dist/assets/body_blob_wide-DOk-U3Z0.js                                                        0.05 kB │ gzip:   0.07 kB
dist/assets/body_floating_drop-BRLugwS1.js                                                    0.05 kB │ gzip:   0.07 kB
dist/assets/body_floating_drop-CzEnHQwg.js                                                    0.05 kB │ gzip:   0.07 kB
dist/assets/body_floating_drop-DaOZAd66.js                                                    0.05 kB │ gzip:   0.07 kB
dist/assets/clip-B8tjnF2L.js                                                                  0.05 kB │ gzip:   0.07 kB
dist/assets/clip-BMHQ-aH8.js                                                                  0.05 kB │ gzip:   0.07 kB
dist/assets/clip-Bju0MVRa.js                                                                  0.05 kB │ gzip:   0.07 kB
dist/assets/clip-Cj1oMk4M.js                                                                  0.05 kB │ gzip:   0.07 kB
dist/assets/clip-DY2gEz5J.js                                                                  0.05 kB │ gzip:   0.07 kB
dist/assets/clip-DZDsR5nr.js                                                                  0.05 kB │ gzip:   0.07 kB
dist/assets/clip-MrCsC4eY.js                                                                  0.05 kB │ gzip:   0.07 kB
dist/assets/clip-aO8F4lLP.js                                                                  0.05 kB │ gzip:   0.07 kB
dist/assets/extra-B8ipBqyY.js                                                                 0.05 kB │ gzip:   0.07 kB
dist/assets/extra-BO3oMNiF.js                                                                 0.05 kB │ gzip:   0.07 kB
dist/assets/extra-BTHaWE-q.js                                                                 0.05 kB │ gzip:   0.07 kB
dist/assets/extra-Bt8Gt1z1.js                                                                 0.05 kB │ gzip:   0.07 kB
dist/assets/extra-ClJPkXLW.js                                                                 0.05 kB │ gzip:   0.07 kB
dist/assets/extra-CzBpHHy8.js                                                                 0.05 kB │ gzip:   0.07 kB
dist/assets/extra-DbPYA4qK.js                                                                 0.05 kB │ gzip:   0.07 kB
dist/assets/extra-De5aSBGa.js                                                                 0.05 kB │ gzip:   0.07 kB
dist/assets/extra-hxPUPRzg.js                                                                 0.05 kB │ gzip:   0.07 kB
dist/assets/head_angler_bulb-B7rIWw5u.js                                                      0.05 kB │ gzip:   0.07 kB
dist/assets/head_angler_bulb-BBt90c-K.js                                                      0.05 kB │ gzip:   0.07 kB
dist/assets/head_angler_bulb-CGq_IGBl.js                                                      0.05 kB │ gzip:   0.07 kB
dist/assets/head_angler_bulb-CgGKNYd2.js                                                      0.05 kB │ gzip:   0.07 kB
dist/assets/head_angler_bulb-D41p1NFi.js                                                      0.05 kB │ gzip:   0.07 kB
dist/assets/head_angler_bulb-DEziYHpw.js                                                      0.05 kB │ gzip:   0.07 kB
dist/assets/head_angler_bulb-DjcGLhiX.js                                                      0.05 kB │ gzip:   0.07 kB
dist/assets/head_angler_bulb-Ook7eV2e.js                                                      0.05 kB │ gzip:   0.07 kB
dist/assets/head_angler_bulb-qVvEV9ND.js                                                      0.05 kB │ gzip:   0.07 kB
dist/assets/head_mushroom_cap-BF3CdS2o.js                                                     0.05 kB │ gzip:   0.07 kB
dist/assets/head_mushroom_cap-BPWWhdE8.js                                                     0.05 kB │ gzip:   0.07 kB
dist/assets/head_mushroom_cap-BcJlf6lb.js                                                     0.05 kB │ gzip:   0.07 kB
dist/assets/head_mushroom_cap-CGKptPzp.js                                                     0.05 kB │ gzip:   0.07 kB
dist/assets/head_mushroom_cap-Cq3PQKZP.js                                                     0.05 kB │ gzip:   0.07 kB
dist/assets/head_mushroom_cap-DGH5Fd1M.js                                                     0.05 kB │ gzip:   0.07 kB
dist/assets/head_mushroom_cap-DTg7H80h.js                                                     0.05 kB │ gzip:   0.07 kB
dist/assets/head_mushroom_cap-q18fvdcC.js                                                     0.05 kB │ gzip:   0.07 kB
dist/assets/head_mushroom_cap-xDYxQKMC.js                                                     0.05 kB │ gzip:   0.07 kB
dist/assets/head_round_dome--NEVu3sF.js                                                       0.05 kB │ gzip:   0.07 kB
dist/assets/head_round_dome-B2Iz5AxC.js                                                       0.05 kB │ gzip:   0.07 kB
dist/assets/head_round_dome-C2SJ1iJm.js                                                       0.05 kB │ gzip:   0.07 kB
dist/assets/head_round_dome-Ce0JaTFa.js                                                       0.05 kB │ gzip:   0.07 kB
dist/assets/head_round_dome-CgG83b7m.js                                                       0.05 kB │ gzip:   0.07 kB
dist/assets/head_round_dome-D9rjhtfd.js                                                       0.05 kB │ gzip:   0.07 kB
dist/assets/head_round_dome-DBRHGN4y.js                                                       0.05 kB │ gzip:   0.07 kB
dist/assets/head_round_dome-Dd09MZcq.js                                                       0.05 kB │ gzip:   0.07 kB
dist/assets/head_round_dome-l8V8W5Ds.js                                                       0.05 kB │ gzip:   0.07 kB
dist/assets/head_shadow_hood-0DdWiOdF.js                                                      0.05 kB │ gzip:   0.07 kB
dist/assets/head_shadow_hood-7FB84Et6.js                                                      0.05 kB │ gzip:   0.07 kB
dist/assets/head_shadow_hood-Brx5HxoS.js                                                      0.05 kB │ gzip:   0.07 kB
dist/assets/head_shadow_hood-BwSOYBxv.js                                                      0.05 kB │ gzip:   0.07 kB
dist/assets/head_shadow_hood-DrsguFf-.js                                                      0.05 kB │ gzip:   0.07 kB
dist/assets/head_shadow_hood-Ug3UWFN7.js                                                      0.05 kB │ gzip:   0.07 kB
dist/assets/head_shadow_hood-aNw7bvYx.js                                                      0.05 kB │ gzip:   0.07 kB
dist/assets/head_shadow_hood-knF8nvQc.js                                                      0.05 kB │ gzip:   0.07 kB
dist/assets/head_shadow_hood-zxn5VJ3n.js                                                      0.05 kB │ gzip:   0.07 kB
dist/assets/hip--MoVA2nG.js                                                                   0.05 kB │ gzip:   0.07 kB
dist/assets/hip-844Vf6Co.js                                                                   0.05 kB │ gzip:   0.07 kB
dist/assets/hip-B3v2cjx4.js                                                                   0.05 kB │ gzip:   0.07 kB
dist/assets/hip-BSN9JI3g.js                                                                   0.05 kB │ gzip:   0.07 kB
dist/assets/hip-C5n3_pMt.js                                                                   0.05 kB │ gzip:   0.07 kB
dist/assets/hip-CwET9sAh.js                                                                   0.05 kB │ gzip:   0.07 kB
dist/assets/hip-DfQv9Zrr.js                                                                   0.05 kB │ gzip:   0.07 kB
dist/assets/hip-Dsm_f0GA.js                                                                   0.05 kB │ gzip:   0.07 kB
dist/assets/hip-p78wclBK.js                                                                   0.05 kB │ gzip:   0.07 kB
dist/assets/left-BpN9dd4L.js                                                                  0.05 kB │ gzip:   0.07 kB
dist/assets/left-Bu0u0JuH.js                                                                  0.05 kB │ gzip:   0.07 kB
dist/assets/left-DEvOGusa.js                                                                  0.05 kB │ gzip:   0.07 kB
dist/assets/left-DKAm9HhA.js                                                                  0.05 kB │ gzip:   0.07 kB
dist/assets/left-DVHt0HU5.js                                                                  0.05 kB │ gzip:   0.07 kB
dist/assets/left-DXLRrHRS.js                                                                  0.05 kB │ gzip:   0.07 kB
dist/assets/left-Dwq09uWY.js                                                                  0.05 kB │ gzip:   0.07 kB
dist/assets/left-nRCqZW1J.js                                                                  0.05 kB │ gzip:   0.07 kB
dist/assets/neck--NEVu3sF.js                                                                  0.05 kB │ gzip:   0.07 kB
dist/assets/neck-0DdWiOdF.js                                                                  0.05 kB │ gzip:   0.07 kB
dist/assets/neck-7FB84Et6.js                                                                  0.05 kB │ gzip:   0.07 kB
dist/assets/neck-9AOOWXIv.js                                                                  0.05 kB │ gzip:   0.07 kB
dist/assets/neck-B2Iz5AxC.js                                                                  0.05 kB │ gzip:   0.07 kB
dist/assets/neck-B7rIWw5u.js                                                                  0.05 kB │ gzip:   0.07 kB
dist/assets/neck-BBt90c-K.js                                                                  0.05 kB │ gzip:   0.07 kB
dist/assets/neck-BF3CdS2o.js                                                                  0.05 kB │ gzip:   0.07 kB
dist/assets/neck-BFqGZ56k.js                                                                  0.05 kB │ gzip:   0.07 kB
dist/assets/neck-BPWWhdE8.js                                                                  0.05 kB │ gzip:   0.07 kB
dist/assets/neck-B_00ctMz.js                                                                  0.05 kB │ gzip:   0.07 kB
dist/assets/neck-B_aYIH8q.js                                                                  0.05 kB │ gzip:   0.07 kB
dist/assets/neck-BcJlf6lb.js                                                                  0.05 kB │ gzip:   0.07 kB
dist/assets/neck-BgyhEe_Y.js                                                                  0.05 kB │ gzip:   0.07 kB
dist/assets/neck-Brx5HxoS.js                                                                  0.05 kB │ gzip:   0.07 kB
dist/assets/neck-BwSOYBxv.js                                                                  0.05 kB │ gzip:   0.07 kB
dist/assets/neck-C2SJ1iJm.js                                                                  0.05 kB │ gzip:   0.07 kB
dist/assets/neck-CGKptPzp.js                                                                  0.05 kB │ gzip:   0.07 kB
dist/assets/neck-CGq_IGBl.js                                                                  0.05 kB │ gzip:   0.07 kB
dist/assets/neck-CZYWR79u.js                                                                  0.05 kB │ gzip:   0.07 kB
dist/assets/neck-Ce0JaTFa.js                                                                  0.05 kB │ gzip:   0.07 kB
dist/assets/neck-CgG83b7m.js                                                                  0.05 kB │ gzip:   0.07 kB
dist/assets/neck-CgGKNYd2.js                                                                  0.05 kB │ gzip:   0.07 kB
dist/assets/neck-Cq3PQKZP.js                                                                  0.05 kB │ gzip:   0.07 kB
dist/assets/neck-D41p1NFi.js                                                                  0.05 kB │ gzip:   0.07 kB
dist/assets/neck-D9rjhtfd.js                                                                  0.05 kB │ gzip:   0.07 kB
dist/assets/neck-DBRHGN4y.js                                                                  0.05 kB │ gzip:   0.07 kB
dist/assets/neck-DEziYHpw.js                                                                  0.05 kB │ gzip:   0.07 kB
dist/assets/neck-DGH5Fd1M.js                                                                  0.05 kB │ gzip:   0.07 kB
dist/assets/neck-DTg7H80h.js                                                                  0.05 kB │ gzip:   0.07 kB
dist/assets/neck-Dd09MZcq.js                                                                  0.05 kB │ gzip:   0.07 kB
dist/assets/neck-DjcGLhiX.js                                                                  0.05 kB │ gzip:   0.07 kB
dist/assets/neck-DrsguFf-.js                                                                  0.05 kB │ gzip:   0.07 kB
dist/assets/neck-Ook7eV2e.js                                                                  0.05 kB │ gzip:   0.07 kB
dist/assets/neck-Ug3UWFN7.js                                                                  0.05 kB │ gzip:   0.07 kB
dist/assets/neck-aNw7bvYx.js                                                                  0.05 kB │ gzip:   0.07 kB
dist/assets/neck-hUwzjTyW.js                                                                  0.05 kB │ gzip:   0.07 kB
dist/assets/neck-knF8nvQc.js                                                                  0.05 kB │ gzip:   0.07 kB
dist/assets/neck-l8V8W5Ds.js                                                                  0.05 kB │ gzip:   0.07 kB
dist/assets/neck-pdnr80CD.js                                                                  0.05 kB │ gzip:   0.07 kB
dist/assets/neck-q18fvdcC.js                                                                  0.05 kB │ gzip:   0.07 kB
dist/assets/neck-qVvEV9ND.js                                                                  0.05 kB │ gzip:   0.07 kB
dist/assets/neck-waLI2PJp.js                                                                  0.05 kB │ gzip:   0.07 kB
dist/assets/neck-xDYxQKMC.js                                                                  0.05 kB │ gzip:   0.07 kB
dist/assets/neck-zxn5VJ3n.js                                                                  0.05 kB │ gzip:   0.07 kB
dist/assets/shoulder-B8ipBqyY.js                                                              0.05 kB │ gzip:   0.07 kB
dist/assets/shoulder-BO3oMNiF.js                                                              0.05 kB │ gzip:   0.07 kB
dist/assets/shoulder-BTHaWE-q.js                                                              0.05 kB │ gzip:   0.07 kB
dist/assets/shoulder-Bt8Gt1z1.js                                                              0.05 kB │ gzip:   0.07 kB
dist/assets/shoulder-ClJPkXLW.js                                                              0.05 kB │ gzip:   0.07 kB
dist/assets/shoulder-CzBpHHy8.js                                                              0.05 kB │ gzip:   0.07 kB
dist/assets/shoulder-DbPYA4qK.js                                                              0.05 kB │ gzip:   0.07 kB
dist/assets/shoulder-De5aSBGa.js                                                              0.05 kB │ gzip:   0.07 kB
dist/assets/shoulder-hxPUPRzg.js                                                              0.05 kB │ gzip:   0.07 kB
dist/assets/tail-B8ipBqyY.js                                                                  0.05 kB │ gzip:   0.07 kB
dist/assets/tail-BO3oMNiF.js                                                                  0.05 kB │ gzip:   0.07 kB
dist/assets/tail-BTHaWE-q.js                                                                  0.05 kB │ gzip:   0.07 kB
dist/assets/tail-Bt8Gt1z1.js                                                                  0.05 kB │ gzip:   0.07 kB
dist/assets/tail-ClJPkXLW.js                                                                  0.05 kB │ gzip:   0.07 kB
dist/assets/tail-CzBpHHy8.js                                                                  0.05 kB │ gzip:   0.07 kB
dist/assets/tail-DbPYA4qK.js                                                                  0.05 kB │ gzip:   0.07 kB
dist/assets/tail-De5aSBGa.js                                                                  0.05 kB │ gzip:   0.07 kB
dist/assets/tail-hxPUPRzg.js                                                                  0.05 kB │ gzip:   0.07 kB
dist/assets/alpha-B-gG-uxK.js                                                                 0.05 kB │ gzip:   0.07 kB
dist/assets/alpha-B4BoNo5R.js                                                                 0.05 kB │ gzip:   0.07 kB
dist/assets/alpha-B5BWtiBe.js                                                                 0.05 kB │ gzip:   0.07 kB
dist/assets/alpha-BjbdZawx.js                                                                 0.05 kB │ gzip:   0.07 kB
dist/assets/alpha-CXx6oWwq.js                                                                 0.05 kB │ gzip:   0.07 kB
dist/assets/alpha-CYF0FUzD.js                                                                 0.05 kB │ gzip:   0.07 kB
dist/assets/alpha-CuW93XLK.js                                                                 0.05 kB │ gzip:   0.07 kB
dist/assets/alpha-D1QZodDC.js                                                                 0.05 kB │ gzip:   0.07 kB
dist/assets/alpha-DFAjrIDN.js                                                                 0.05 kB │ gzip:   0.07 kB
dist/assets/alpha-DLxITK9H.js                                                                 0.05 kB │ gzip:   0.07 kB
dist/assets/alpha-DRuK6Ouk.js                                                                 0.05 kB │ gzip:   0.07 kB
dist/assets/alpha-DiTJqumh.js                                                                 0.05 kB │ gzip:   0.07 kB
dist/assets/alpha-EyDTMLFa.js                                                                 0.05 kB │ gzip:   0.07 kB
dist/assets/alpha-HLicQGRl.js                                                                 0.05 kB │ gzip:   0.07 kB
dist/assets/alpha-cbp6yqw2.js                                                                 0.05 kB │ gzip:   0.07 kB
dist/assets/alpha-mTIMRBhF.js                                                                 0.05 kB │ gzip:   0.07 kB
dist/assets/body--V9VWehW.js                                                                  0.05 kB │ gzip:   0.07 kB
dist/assets/body-BWJjef_P.js                                                                  0.05 kB │ gzip:   0.07 kB
dist/assets/body-BoG-Jn9w.js                                                                  0.05 kB │ gzip:   0.07 kB
dist/assets/body-Bw3bUlET.js                                                                  0.05 kB │ gzip:   0.07 kB
dist/assets/body-CMpy6kXP.js                                                                  0.05 kB │ gzip:   0.07 kB
dist/assets/body-CarEw7jZ.js                                                                  0.05 kB │ gzip:   0.07 kB
dist/assets/body-DUx1zM2u.js                                                                  0.05 kB │ gzip:   0.07 kB
dist/assets/body-DnwZ0zvE.js                                                                  0.05 kB │ gzip:   0.07 kB
dist/assets/body-w6ntCLf2.js                                                                  0.05 kB │ gzip:   0.07 kB
dist/assets/body_blob_round--V9VWehW.js                                                       0.05 kB │ gzip:   0.07 kB
dist/assets/body_blob_round-CarEw7jZ.js                                                       0.05 kB │ gzip:   0.07 kB
dist/assets/body_blob_round-w6ntCLf2.js                                                       0.05 kB │ gzip:   0.07 kB
dist/assets/body_blob_wide-BoG-Jn9w.js                                                        0.05 kB │ gzip:   0.07 kB
dist/assets/body_blob_wide-DUx1zM2u.js                                                        0.05 kB │ gzip:   0.07 kB
dist/assets/body_blob_wide-DnwZ0zvE.js                                                        0.05 kB │ gzip:   0.07 kB
dist/assets/body_floating_drop-BWJjef_P.js                                                    0.05 kB │ gzip:   0.07 kB
dist/assets/body_floating_drop-Bw3bUlET.js                                                    0.05 kB │ gzip:   0.07 kB
dist/assets/body_floating_drop-CMpy6kXP.js                                                    0.05 kB │ gzip:   0.07 kB
dist/assets/clip-B-gG-uxK.js                                                                  0.05 kB │ gzip:   0.07 kB
dist/assets/clip-B5BWtiBe.js                                                                  0.05 kB │ gzip:   0.07 kB
dist/assets/clip-CXx6oWwq.js                                                                  0.05 kB │ gzip:   0.07 kB
dist/assets/clip-CuW93XLK.js                                                                  0.05 kB │ gzip:   0.07 kB
dist/assets/clip-D1QZodDC.js                                                                  0.05 kB │ gzip:   0.07 kB
dist/assets/clip-DFAjrIDN.js                                                                  0.05 kB │ gzip:   0.07 kB
dist/assets/clip-EyDTMLFa.js                                                                  0.05 kB │ gzip:   0.07 kB
dist/assets/clip-cbp6yqw2.js                                                                  0.05 kB │ gzip:   0.07 kB
dist/assets/extra-B9aDS5K5.js                                                                 0.05 kB │ gzip:   0.07 kB
dist/assets/extra-Bi6JUl-_.js                                                                 0.05 kB │ gzip:   0.07 kB
dist/assets/extra-Btbohg98.js                                                                 0.05 kB │ gzip:   0.07 kB
dist/assets/extra-C00Tb3I1.js                                                                 0.05 kB │ gzip:   0.07 kB
dist/assets/extra-CizcVrl-.js                                                                 0.05 kB │ gzip:   0.07 kB
dist/assets/extra-DGTdH4cX.js                                                                 0.05 kB │ gzip:   0.07 kB
dist/assets/extra-DHP86uzN.js                                                                 0.05 kB │ gzip:   0.07 kB
dist/assets/extra-DcdC6Xvu.js                                                                 0.05 kB │ gzip:   0.07 kB
dist/assets/extra-u2X5AguL.js                                                                 0.05 kB │ gzip:   0.07 kB
dist/assets/head_angler_bulb-Bky9ALq7.js                                                      0.05 kB │ gzip:   0.07 kB
dist/assets/head_angler_bulb-BsgQqoVG.js                                                      0.05 kB │ gzip:   0.07 kB
dist/assets/head_angler_bulb-CISIc0Fr.js                                                      0.05 kB │ gzip:   0.07 kB
dist/assets/head_angler_bulb-CMfcZVbr.js                                                      0.05 kB │ gzip:   0.07 kB
dist/assets/head_angler_bulb-CS92QYdM.js                                                      0.05 kB │ gzip:   0.07 kB
dist/assets/head_angler_bulb-CocjgjPa.js                                                      0.05 kB │ gzip:   0.07 kB
dist/assets/head_angler_bulb-D-NoQdZk.js                                                      0.05 kB │ gzip:   0.07 kB
dist/assets/head_angler_bulb-DGxUYNoS.js                                                      0.05 kB │ gzip:   0.07 kB
dist/assets/head_angler_bulb-p8SX3IUV.js                                                      0.05 kB │ gzip:   0.07 kB
dist/assets/head_mushroom_cap-B6OEAUyj.js                                                     0.05 kB │ gzip:   0.07 kB
dist/assets/head_mushroom_cap-BCLgIIXA.js                                                     0.05 kB │ gzip:   0.07 kB
dist/assets/head_mushroom_cap-C45eSTQ_.js                                                     0.05 kB │ gzip:   0.07 kB
dist/assets/head_mushroom_cap-D9WgX5Hv.js                                                     0.05 kB │ gzip:   0.07 kB
dist/assets/head_mushroom_cap-DUBJZD1d.js                                                     0.05 kB │ gzip:   0.07 kB
dist/assets/head_mushroom_cap-DWt9LkAp.js                                                     0.05 kB │ gzip:   0.07 kB
dist/assets/head_mushroom_cap-Dgy3Mwbl.js                                                     0.05 kB │ gzip:   0.07 kB
dist/assets/head_mushroom_cap-jBlzRNW1.js                                                     0.05 kB │ gzip:   0.07 kB
dist/assets/head_mushroom_cap-kntgS4A3.js                                                     0.05 kB │ gzip:   0.07 kB
dist/assets/head_round_dome-BetNWguE.js                                                       0.05 kB │ gzip:   0.07 kB
dist/assets/head_round_dome-BiM8-Mab.js                                                       0.05 kB │ gzip:   0.07 kB
dist/assets/head_round_dome-CLrs9ts5.js                                                       0.05 kB │ gzip:   0.07 kB
dist/assets/head_round_dome-CTSSrHNC.js                                                       0.05 kB │ gzip:   0.07 kB
dist/assets/head_round_dome-CZbyHvZA.js                                                       0.05 kB │ gzip:   0.07 kB
dist/assets/head_round_dome-D0mEDSIM.js                                                       0.05 kB │ gzip:   0.07 kB
dist/assets/head_round_dome-D3j-TU1n.js                                                       0.05 kB │ gzip:   0.07 kB
dist/assets/head_round_dome-J7OADJO1.js                                                       0.05 kB │ gzip:   0.07 kB
dist/assets/head_round_dome-oJg78tgX.js                                                       0.05 kB │ gzip:   0.07 kB
dist/assets/head_shadow_hood-BWcf9faQ.js                                                      0.05 kB │ gzip:   0.07 kB
dist/assets/head_shadow_hood-BbLaBk1R.js                                                      0.05 kB │ gzip:   0.07 kB
dist/assets/head_shadow_hood-CAjbzjE8.js                                                      0.05 kB │ gzip:   0.07 kB
dist/assets/head_shadow_hood-CaFN4gN5.js                                                      0.05 kB │ gzip:   0.07 kB
dist/assets/head_shadow_hood-Cz9Cp2CN.js                                                      0.05 kB │ gzip:   0.07 kB
dist/assets/head_shadow_hood-DiFgpuMg.js                                                      0.05 kB │ gzip:   0.07 kB
dist/assets/head_shadow_hood-DnaYyWx2.js                                                      0.05 kB │ gzip:   0.07 kB
dist/assets/head_shadow_hood-DnzNOsUc.js                                                      0.05 kB │ gzip:   0.07 kB
dist/assets/head_shadow_hood-LPpLxy3q.js                                                      0.05 kB │ gzip:   0.07 kB
dist/assets/left-BC8o2Avz.js                                                                  0.05 kB │ gzip:   0.07 kB
dist/assets/left-BinrT99q.js                                                                  0.05 kB │ gzip:   0.07 kB
dist/assets/left-BunZxZz-.js                                                                  0.05 kB │ gzip:   0.07 kB
dist/assets/left-Bw8YpwkJ.js                                                                  0.05 kB │ gzip:   0.07 kB
dist/assets/left-D4EvcEIz.js                                                                  0.05 kB │ gzip:   0.07 kB
dist/assets/left-DFCxp4Hn.js                                                                  0.05 kB │ gzip:   0.07 kB
dist/assets/left-W5PwN6Pd.js                                                                  0.05 kB │ gzip:   0.07 kB
dist/assets/left-ad2X7Oks.js                                                                  0.05 kB │ gzip:   0.07 kB
dist/assets/neck-B6OEAUyj.js                                                                  0.05 kB │ gzip:   0.07 kB
dist/assets/neck-BCLgIIXA.js                                                                  0.05 kB │ gzip:   0.07 kB
dist/assets/neck-BTAXk_ed.js                                                                  0.05 kB │ gzip:   0.07 kB
dist/assets/neck-BT_V7Sxg.js                                                                  0.05 kB │ gzip:   0.07 kB
dist/assets/neck-BWcf9faQ.js                                                                  0.05 kB │ gzip:   0.07 kB
dist/assets/neck-BbLaBk1R.js                                                                  0.05 kB │ gzip:   0.07 kB
dist/assets/neck-BetNWguE.js                                                                  0.05 kB │ gzip:   0.07 kB
dist/assets/neck-BiM8-Mab.js                                                                  0.05 kB │ gzip:   0.07 kB
dist/assets/neck-Bky9ALq7.js                                                                  0.05 kB │ gzip:   0.07 kB
dist/assets/neck-Bnog12Ff.js                                                                  0.05 kB │ gzip:   0.07 kB
dist/assets/neck-BsgQqoVG.js                                                                  0.05 kB │ gzip:   0.07 kB
dist/assets/neck-C45eSTQ_.js                                                                  0.05 kB │ gzip:   0.07 kB
dist/assets/neck-CAjbzjE8.js                                                                  0.05 kB │ gzip:   0.07 kB
dist/assets/neck-CISIc0Fr.js                                                                  0.05 kB │ gzip:   0.07 kB
dist/assets/neck-CLrs9ts5.js                                                                  0.05 kB │ gzip:   0.07 kB
dist/assets/neck-CMfcZVbr.js                                                                  0.05 kB │ gzip:   0.07 kB
dist/assets/neck-CS92QYdM.js                                                                  0.05 kB │ gzip:   0.07 kB
dist/assets/neck-CTHPvwY_.js                                                                  0.05 kB │ gzip:   0.07 kB
dist/assets/neck-CTSSrHNC.js                                                                  0.05 kB │ gzip:   0.07 kB
dist/assets/neck-CZbyHvZA.js                                                                  0.05 kB │ gzip:   0.07 kB
dist/assets/neck-CaFN4gN5.js                                                                  0.05 kB │ gzip:   0.07 kB
dist/assets/neck-CocjgjPa.js                                                                  0.05 kB │ gzip:   0.07 kB
dist/assets/neck-Cz9Cp2CN.js                                                                  0.05 kB │ gzip:   0.07 kB
dist/assets/neck-D-NoQdZk.js                                                                  0.05 kB │ gzip:   0.07 kB
dist/assets/neck-D0mEDSIM.js                                                                  0.05 kB │ gzip:   0.07 kB
dist/assets/neck-D3j-TU1n.js                                                                  0.05 kB │ gzip:   0.07 kB
dist/assets/neck-D9WgX5Hv.js                                                                  0.05 kB │ gzip:   0.07 kB
dist/assets/neck-DAuxxSn2.js                                                                  0.05 kB │ gzip:   0.07 kB
dist/assets/neck-DGxUYNoS.js                                                                  0.05 kB │ gzip:   0.07 kB
dist/assets/neck-DMOhCWI8.js                                                                  0.05 kB │ gzip:   0.07 kB
dist/assets/neck-DUBJZD1d.js                                                                  0.05 kB │ gzip:   0.07 kB
dist/assets/neck-DWt9LkAp.js                                                                  0.05 kB │ gzip:   0.07 kB
dist/assets/neck-Dgy3Mwbl.js                                                                  0.05 kB │ gzip:   0.07 kB
dist/assets/neck-DiFgpuMg.js                                                                  0.05 kB │ gzip:   0.07 kB
dist/assets/neck-DnaYyWx2.js                                                                  0.05 kB │ gzip:   0.07 kB
dist/assets/neck-DnzNOsUc.js                                                                  0.05 kB │ gzip:   0.07 kB
dist/assets/neck-J7OADJO1.js                                                                  0.05 kB │ gzip:   0.07 kB
dist/assets/neck-LPpLxy3q.js                                                                  0.05 kB │ gzip:   0.07 kB
dist/assets/neck-ag2U1JB3.js                                                                  0.05 kB │ gzip:   0.07 kB
dist/assets/neck-bzQfiF2U.js                                                                  0.05 kB │ gzip:   0.07 kB
dist/assets/neck-jBlzRNW1.js                                                                  0.05 kB │ gzip:   0.07 kB
dist/assets/neck-klew4W7S.js                                                                  0.05 kB │ gzip:   0.07 kB
dist/assets/neck-kntgS4A3.js                                                                  0.05 kB │ gzip:   0.07 kB
dist/assets/neck-oJg78tgX.js                                                                  0.05 kB │ gzip:   0.07 kB
dist/assets/neck-p8SX3IUV.js                                                                  0.05 kB │ gzip:   0.07 kB
dist/assets/right-BGW65e2P.js                                                                 0.05 kB │ gzip:   0.07 kB
dist/assets/right-BwXVSEhp.js                                                                 0.05 kB │ gzip:   0.07 kB
dist/assets/right-Bxj2mgxm.js                                                                 0.05 kB │ gzip:   0.07 kB
dist/assets/right-CEDPgN_5.js                                                                 0.05 kB │ gzip:   0.07 kB
dist/assets/right-CjGXE6iW.js                                                                 0.05 kB │ gzip:   0.07 kB
dist/assets/right-CqwYayKa.js                                                                 0.05 kB │ gzip:   0.07 kB
dist/assets/right-DkUkvUbn.js                                                                 0.05 kB │ gzip:   0.07 kB
dist/assets/right-XHS827Bl.js                                                                 0.05 kB │ gzip:   0.07 kB
dist/assets/shoulder-B9aDS5K5.js                                                              0.05 kB │ gzip:   0.07 kB
dist/assets/shoulder-Bi6JUl-_.js                                                              0.05 kB │ gzip:   0.07 kB
dist/assets/shoulder-Btbohg98.js                                                              0.05 kB │ gzip:   0.07 kB
dist/assets/shoulder-C00Tb3I1.js                                                              0.05 kB │ gzip:   0.07 kB
dist/assets/shoulder-CizcVrl-.js                                                              0.05 kB │ gzip:   0.07 kB
dist/assets/shoulder-DGTdH4cX.js                                                              0.05 kB │ gzip:   0.07 kB
dist/assets/shoulder-DHP86uzN.js                                                              0.05 kB │ gzip:   0.07 kB
dist/assets/shoulder-DcdC6Xvu.js                                                              0.05 kB │ gzip:   0.07 kB
dist/assets/shoulder-u2X5AguL.js                                                              0.05 kB │ gzip:   0.07 kB
dist/assets/tail-B9aDS5K5.js                                                                  0.05 kB │ gzip:   0.07 kB
dist/assets/tail-Bi6JUl-_.js                                                                  0.05 kB │ gzip:   0.07 kB
dist/assets/tail-Btbohg98.js                                                                  0.05 kB │ gzip:   0.07 kB
dist/assets/tail-C00Tb3I1.js                                                                  0.05 kB │ gzip:   0.07 kB
dist/assets/tail-CizcVrl-.js                                                                  0.05 kB │ gzip:   0.07 kB
dist/assets/tail-DGTdH4cX.js                                                                  0.05 kB │ gzip:   0.07 kB
dist/assets/tail-DHP86uzN.js                                                                  0.05 kB │ gzip:   0.07 kB
dist/assets/tail-DcdC6Xvu.js                                                                  0.05 kB │ gzip:   0.07 kB
dist/assets/tail-u2X5AguL.js                                                                  0.05 kB │ gzip:   0.07 kB
dist/assets/right-B1biaLxD.js                                                                 0.05 kB │ gzip:   0.07 kB
dist/assets/right-BUQ4g2IV.js                                                                 0.05 kB │ gzip:   0.07 kB
dist/assets/right-BqSD32DB.js                                                                 0.05 kB │ gzip:   0.07 kB
dist/assets/right-C5S0-eG0.js                                                                 0.05 kB │ gzip:   0.07 kB
dist/assets/right-CTjpcaJO.js                                                                 0.05 kB │ gzip:   0.07 kB
dist/assets/right-DK5-ry78.js                                                                 0.05 kB │ gzip:   0.07 kB
dist/assets/right-DMRWY7Yi.js                                                                 0.05 kB │ gzip:   0.07 kB
dist/assets/right-DVtprlF4.js                                                                 0.05 kB │ gzip:   0.07 kB
dist/assets/color_deep_sea_coral-BPoxOOHu.js                                                  0.06 kB │ gzip:   0.08 kB
dist/assets/color_deep_sea_coral-DIc0s7qo.js                                                  0.06 kB │ gzip:   0.08 kB
dist/assets/color_deep_sea_coral-DTTHRfU2.js                                                  0.06 kB │ gzip:   0.08 kB
dist/assets/color_deep_sea_coral-DyCSnWYI.js                                                  0.06 kB │ gzip:   0.08 kB
dist/assets/color_deep_sea_coral-rnsDtrvz.js                                                  0.06 kB │ gzip:   0.08 kB
dist/assets/color_fungal_amber-BPoxOOHu.js                                                    0.06 kB │ gzip:   0.08 kB
dist/assets/color_fungal_amber-DIc0s7qo.js                                                    0.06 kB │ gzip:   0.08 kB
dist/assets/color_fungal_amber-DTTHRfU2.js                                                    0.06 kB │ gzip:   0.08 kB
dist/assets/color_fungal_amber-DyCSnWYI.js                                                    0.06 kB │ gzip:   0.08 kB
dist/assets/color_fungal_amber-rnsDtrvz.js                                                    0.06 kB │ gzip:   0.08 kB
dist/assets/color_shadow_violet-BPoxOOHu.js                                                   0.06 kB │ gzip:   0.08 kB
dist/assets/color_shadow_violet-DIc0s7qo.js                                                   0.06 kB │ gzip:   0.08 kB
dist/assets/color_shadow_violet-DTTHRfU2.js                                                   0.06 kB │ gzip:   0.08 kB
dist/assets/color_shadow_violet-DyCSnWYI.js                                                   0.06 kB │ gzip:   0.08 kB
dist/assets/color_shadow_violet-rnsDtrvz.js                                                   0.06 kB │ gzip:   0.08 kB
dist/assets/effect_none-BPoxOOHu.js                                                           0.06 kB │ gzip:   0.08 kB
dist/assets/effect_none-DIc0s7qo.js                                                           0.06 kB │ gzip:   0.08 kB
dist/assets/effect_none-DTTHRfU2.js                                                           0.06 kB │ gzip:   0.08 kB
dist/assets/effect_none-DyCSnWYI.js                                                           0.06 kB │ gzip:   0.08 kB
dist/assets/effect_none-rnsDtrvz.js                                                           0.06 kB │ gzip:   0.08 kB
dist/assets/extra_appendage_none-BPoxOOHu.js                                                  0.06 kB │ gzip:   0.08 kB
dist/assets/extra_appendage_none-DyCSnWYI.js                                                  0.06 kB │ gzip:   0.08 kB
dist/assets/head_appendage_none-BPoxOOHu.js                                                   0.06 kB │ gzip:   0.08 kB
dist/assets/head_appendage_none-DIc0s7qo.js                                                   0.06 kB │ gzip:   0.08 kB
dist/assets/head_appendage_none-DTTHRfU2.js                                                   0.06 kB │ gzip:   0.08 kB
dist/assets/head_appendage_none-DyCSnWYI.js                                                   0.06 kB │ gzip:   0.08 kB
dist/assets/head_appendage_none-rnsDtrvz.js                                                   0.06 kB │ gzip:   0.08 kB
dist/assets/structure-Cu8LHubk.js                                                             0.06 kB │ gzip:   0.08 kB
dist/assets/tail_none-BPoxOOHu.js                                                             0.06 kB │ gzip:   0.08 kB
dist/assets/tail_none-DyCSnWYI.js                                                             0.06 kB │ gzip:   0.08 kB
dist/assets/eyesRegion-D-SWhzrp.js                                                            0.06 kB │ gzip:   0.08 kB
dist/assets/oralRegion-BSEphPZq.js                                                            0.06 kB │ gzip:   0.08 kB
dist/assets/structural--c_ttmD5.js                                                            0.06 kB │ gzip:   0.08 kB
dist/assets/structural-BLInLzJW.js                                                            0.06 kB │ gzip:   0.08 kB
dist/assets/structural-CBv6WwMC.js                                                            0.06 kB │ gzip:   0.08 kB
dist/assets/structural-CR5Mj_CE.js                                                            0.06 kB │ gzip:   0.08 kB
dist/assets/structural-Co4GEiY6.js                                                            0.06 kB │ gzip:   0.08 kB
dist/assets/structural-CsZL9jUr.js                                                            0.06 kB │ gzip:   0.08 kB
dist/assets/structural-Cy8-JqqC.js                                                            0.06 kB │ gzip:   0.08 kB
dist/assets/structural-RwokKddw.js                                                            0.06 kB │ gzip:   0.08 kB
dist/assets/structure-CpZzAd0U.js                                                             0.06 kB │ gzip:   0.08 kB
dist/assets/arms_paddle-3u92KSvG.js                                                           0.06 kB │ gzip:   0.08 kB
dist/assets/arms_paddle-59gb4noG.js                                                           0.06 kB │ gzip:   0.08 kB
dist/assets/arms_paddle-B3kEHr5O.js                                                           0.06 kB │ gzip:   0.08 kB
dist/assets/arms_paddle-BDkbAvSw.js                                                           0.06 kB │ gzip:   0.08 kB
dist/assets/arms_paddle-C7xQQoSc.js                                                           0.06 kB │ gzip:   0.08 kB
dist/assets/arms_paddle-CGTM4NRF.js                                                           0.06 kB │ gzip:   0.08 kB
dist/assets/arms_paddle-CgYrESPu.js                                                           0.06 kB │ gzip:   0.08 kB
dist/assets/arms_paddle-D8jz6mQM.js                                                           0.06 kB │ gzip:   0.08 kB
dist/assets/arms_paddle-HnA1zcRp.js                                                           0.06 kB │ gzip:   0.08 kB
dist/assets/arms_paddle-eOZc8HHy.js                                                           0.06 kB │ gzip:   0.08 kB
dist/assets/arms_paddle-pDoNb91Z.js                                                           0.06 kB │ gzip:   0.08 kB
dist/assets/blob-accent-5TEsH49x.js                                                           0.06 kB │ gzip:   0.08 kB
dist/assets/blob-accent-B3TGA-x7.js                                                           0.06 kB │ gzip:   0.08 kB
dist/assets/blob-accent-BQp8heHV.js                                                           0.06 kB │ gzip:   0.08 kB
dist/assets/blob-accent-CI_lf_2D.js                                                           0.06 kB │ gzip:   0.08 kB
dist/assets/blob-accent-CNLimI25.js                                                           0.06 kB │ gzip:   0.08 kB
dist/assets/blob-accent-Clz2aAT6.js                                                           0.06 kB │ gzip:   0.08 kB
dist/assets/blob-accent-Ct_BIsEP.js                                                           0.06 kB │ gzip:   0.08 kB
dist/assets/blob-accent-D2CWwUU0.js                                                           0.06 kB │ gzip:   0.08 kB
dist/assets/blob-accent-DUxVBAas.js                                                           0.06 kB │ gzip:   0.08 kB
dist/assets/blob-accent-D_j9I8GX.js                                                           0.06 kB │ gzip:   0.08 kB
dist/assets/blob-accent-Dd8h2ElC.js                                                           0.06 kB │ gzip:   0.08 kB
dist/assets/blob-accent-DimKbxXw.js                                                           0.06 kB │ gzip:   0.08 kB
dist/assets/blob-accent-jWA8o2qt.js                                                           0.06 kB │ gzip:   0.08 kB
dist/assets/blob-accent-zd5Z1jUT.js                                                           0.06 kB │ gzip:   0.08 kB
dist/assets/blob-accent-zm2ClHD8.js                                                           0.06 kB │ gzip:   0.08 kB
dist/assets/bodySurface-BDNiHppm.js                                                           0.06 kB │ gzip:   0.08 kB
dist/assets/effectField-Dvz0rX38.js                                                           0.06 kB │ gzip:   0.08 kB
dist/assets/eyes_n_blue-BzPJcLbO.js                                                           0.06 kB │ gzip:   0.08 kB
dist/assets/headSurface-rWlL3E0X.js                                                           0.06 kB │ gzip:   0.08 kB
dist/assets/legs_webbed-BAQwlMdb.js                                                           0.06 kB │ gzip:   0.08 kB
dist/assets/legs_webbed-BxopZd42.js                                                           0.06 kB │ gzip:   0.08 kB
dist/assets/legs_webbed-CH9pRvkt.js                                                           0.06 kB │ gzip:   0.08 kB
dist/assets/legs_webbed-CXREOuXM.js                                                           0.06 kB │ gzip:   0.08 kB
dist/assets/legs_webbed-CZBoqJ_c.js                                                           0.06 kB │ gzip:   0.08 kB
dist/assets/legs_webbed-Dc5WLJCl.js                                                           0.06 kB │ gzip:   0.08 kB
dist/assets/legs_webbed-DerRZT1R.js                                                           0.06 kB │ gzip:   0.08 kB
dist/assets/legs_webbed-DzonQn5d.js                                                           0.06 kB │ gzip:   0.08 kB
dist/assets/legs_webbed-Rx-CWNV-.js                                                           0.06 kB │ gzip:   0.08 kB
dist/assets/legs_webbed-TzRIJET-.js                                                           0.06 kB │ gzip:   0.08 kB
dist/assets/legs_webbed-YueuoJMR.js                                                           0.06 kB │ gzip:   0.08 kB
dist/assets/mouthRegion-DF0e-6v6.js                                                           0.06 kB │ gzip:   0.08 kB
dist/assets/mutationEar-Gevv9yqu.js                                                           0.06 kB │ gzip:   0.08 kB
dist/assets/structural-B7-T98XO.js                                                            0.06 kB │ gzip:   0.08 kB
dist/assets/structural-BD845zFB.js                                                            0.06 kB │ gzip:   0.08 kB
dist/assets/structural-BJ_q_wYm.js                                                            0.06 kB │ gzip:   0.08 kB
dist/assets/structural-BMP5EeeE.js                                                            0.06 kB │ gzip:   0.08 kB
dist/assets/structural-BZXedYqN.js                                                            0.06 kB │ gzip:   0.08 kB
dist/assets/structural-CzZkGiUu.js                                                            0.06 kB │ gzip:   0.08 kB
dist/assets/structural-D7vXP1Df.js                                                            0.06 kB │ gzip:   0.08 kB
dist/assets/structural-s4rpzsCE.js                                                            0.06 kB │ gzip:   0.08 kB
dist/assets/tailSurface-8hjKH0z3.js                                                           0.06 kB │ gzip:   0.08 kB
dist/assets/arms_paddle-4CGuFQbI.js                                                           0.06 kB │ gzip:   0.08 kB
dist/assets/arms_paddle-B7hTYLU7.js                                                           0.06 kB │ gzip:   0.08 kB
dist/assets/arms_paddle-BYSD1HN1.js                                                           0.06 kB │ gzip:   0.08 kB
dist/assets/arms_paddle-BZP6yxCy.js                                                           0.06 kB │ gzip:   0.08 kB
dist/assets/arms_paddle-Bfl9A5qq.js                                                           0.06 kB │ gzip:   0.08 kB
dist/assets/arms_paddle-Bsi9ESkp.js                                                           0.06 kB │ gzip:   0.08 kB
dist/assets/arms_paddle-Bx0ldUoe.js                                                           0.06 kB │ gzip:   0.08 kB
dist/assets/arms_paddle-Bx4h-OuO.js                                                           0.06 kB │ gzip:   0.08 kB
dist/assets/arms_paddle-DFQuWUkZ.js                                                           0.06 kB │ gzip:   0.08 kB
dist/assets/arms_paddle-DdwC2PSi.js                                                           0.06 kB │ gzip:   0.08 kB
dist/assets/arms_paddle-kgo976fz.js                                                           0.06 kB │ gzip:   0.08 kB
dist/assets/base_blob_v1-7qxSGIyk.js                                                          0.06 kB │ gzip:   0.08 kB
dist/assets/base_blob_v1-CB4Wxoog.js                                                          0.06 kB │ gzip:   0.08 kB
dist/assets/biped-accent-60phayFw.js                                                          0.06 kB │ gzip:   0.08 kB
dist/assets/biped-accent-BCntClR0.js                                                          0.06 kB │ gzip:   0.08 kB
dist/assets/biped-accent-BXxzaNR4.js                                                          0.06 kB │ gzip:   0.08 kB
dist/assets/biped-accent-BZAWSYMI.js                                                          0.06 kB │ gzip:   0.08 kB
dist/assets/biped-accent-Bpp7ATfW.js                                                          0.06 kB │ gzip:   0.08 kB
dist/assets/biped-accent-BtWHPyXD.js                                                          0.06 kB │ gzip:   0.08 kB
dist/assets/biped-accent-CF_TayZQ.js                                                          0.06 kB │ gzip:   0.08 kB
dist/assets/biped-accent-CRQI34QN.js                                                          0.06 kB │ gzip:   0.08 kB
dist/assets/biped-accent-D1ZUVwWi.js                                                          0.06 kB │ gzip:   0.08 kB
dist/assets/biped-accent-DMhJ9-Wx.js                                                          0.06 kB │ gzip:   0.08 kB
dist/assets/biped-accent-DaruUa3F.js                                                          0.06 kB │ gzip:   0.08 kB
dist/assets/biped-accent-DmiXGxfO.js                                                          0.06 kB │ gzip:   0.08 kB
dist/assets/biped-accent-DnkiatPM.js                                                          0.06 kB │ gzip:   0.08 kB
dist/assets/biped-accent-M7DT_yQd.js                                                          0.06 kB │ gzip:   0.08 kB
dist/assets/biped-accent-obnmLe8_.js                                                          0.06 kB │ gzip:   0.08 kB
dist/assets/blob-primary-B47u3gdF.js                                                          0.06 kB │ gzip:   0.08 kB
dist/assets/blob-primary-BGgvr0Dn.js                                                          0.06 kB │ gzip:   0.08 kB
dist/assets/blob-primary-BWXqGTZs.js                                                          0.06 kB │ gzip:   0.08 kB
dist/assets/blob-primary-Bzff7PHM.js                                                          0.06 kB │ gzip:   0.08 kB
dist/assets/blob-primary-CHuzXpwc.js                                                          0.06 kB │ gzip:   0.08 kB
dist/assets/blob-primary-CPFmF_zB.js                                                          0.06 kB │ gzip:   0.08 kB
dist/assets/blob-primary-CRaiU_rA.js                                                          0.06 kB │ gzip:   0.08 kB
dist/assets/blob-primary-Ccgr7VRB.js                                                          0.06 kB │ gzip:   0.08 kB
dist/assets/blob-primary-CkGWrPgu.js                                                          0.06 kB │ gzip:   0.08 kB
dist/assets/blob-primary-D3h727fE.js                                                          0.06 kB │ gzip:   0.08 kB
dist/assets/blob-primary-D6veSN4J.js                                                          0.06 kB │ gzip:   0.08 kB
dist/assets/blob-primary-DDytUqgW.js                                                          0.06 kB │ gzip:   0.08 kB
dist/assets/blob-primary-DNA_dtRs.js                                                          0.06 kB │ gzip:   0.08 kB
dist/assets/blob-primary-D_YV0xS2.js                                                          0.06 kB │ gzip:   0.08 kB
dist/assets/blob-primary-DfZrAg6H.js                                                          0.06 kB │ gzip:   0.08 kB
dist/assets/bodySurface-CqoqYzHj.js                                                           0.06 kB │ gzip:   0.08 kB
dist/assets/effectField-CWDB_o0O.js                                                           0.06 kB │ gzip:   0.08 kB
dist/assets/eyes_n_amber-Cbc59k1J.js                                                          0.06 kB │ gzip:   0.08 kB
dist/assets/eyes_n_blue-CvwwVms9.js                                                           0.06 kB │ gzip:   0.08 kB
dist/assets/eyes_n_green-C0O7dSCw.js                                                          0.06 kB │ gzip:   0.08 kB
dist/assets/faceProtection-CxkUvfkS.js                                                        0.06 kB │ gzip:   0.08 kB
dist/assets/faceSafeZone-CxkUvfkS.js                                                          0.06 kB │ gzip:   0.08 kB
dist/assets/headSurface-CGipaNQL.js                                                           0.06 kB │ gzip:   0.08 kB
dist/assets/legs_webbed-5fklzf__.js                                                           0.06 kB │ gzip:   0.08 kB
dist/assets/legs_webbed-B086TLVn.js                                                           0.06 kB │ gzip:   0.08 kB
dist/assets/legs_webbed-B0OraSNZ.js                                                           0.06 kB │ gzip:   0.08 kB
dist/assets/legs_webbed-BFwy601l.js                                                           0.06 kB │ gzip:   0.08 kB
dist/assets/legs_webbed-D2HhlxAr.js                                                           0.06 kB │ gzip:   0.08 kB
dist/assets/legs_webbed-DT3iKLwu.js                                                           0.06 kB │ gzip:   0.08 kB
dist/assets/legs_webbed-GMCvw3Cr.js                                                           0.06 kB │ gzip:   0.08 kB
dist/assets/legs_webbed-SVaHmhUh.js                                                           0.06 kB │ gzip:   0.08 kB
dist/assets/legs_webbed-c3XCk9jh.js                                                           0.06 kB │ gzip:   0.08 kB
dist/assets/legs_webbed-dgypuFW5.js                                                           0.06 kB │ gzip:   0.08 kB
dist/assets/legs_webbed-z4dbg1ux.js                                                           0.06 kB │ gzip:   0.08 kB
dist/assets/mouthRegion-Dj-WwitX.js                                                           0.06 kB │ gzip:   0.08 kB
dist/assets/mutationBack-CRnjROQ_.js                                                          0.06 kB │ gzip:   0.08 kB
dist/assets/mutationEar-BNZcdJlo.js                                                           0.06 kB │ gzip:   0.08 kB
dist/assets/tailSurface-Ck_CBg5l.js                                                           0.06 kB │ gzip:   0.08 kB
dist/assets/base_biped_v1-BM5SLnVi.js                                                         0.06 kB │ gzip:   0.08 kB
dist/assets/base_biped_v1-W2-2bfgk.js                                                         0.06 kB │ gzip:   0.08 kB
dist/assets/base_blob_v1-CaYu6Iv0.js                                                          0.06 kB │ gzip:   0.08 kB
dist/assets/base_blob_v1-Ch1F4mPV.js                                                          0.06 kB │ gzip:   0.08 kB
dist/assets/biped-primary-BJm01b_C.js                                                         0.06 kB │ gzip:   0.08 kB
dist/assets/biped-primary-BbXjFDGV.js                                                         0.06 kB │ gzip:   0.08 kB
dist/assets/biped-primary-BhtCvGoD.js                                                         0.06 kB │ gzip:   0.08 kB
dist/assets/biped-primary-CFKolkoR.js                                                         0.06 kB │ gzip:   0.08 kB
dist/assets/biped-primary-CIQuLcri.js                                                         0.06 kB │ gzip:   0.08 kB
dist/assets/biped-primary-CbhotMFB.js                                                         0.06 kB │ gzip:   0.08 kB
dist/assets/biped-primary-CuO1hOTy.js                                                         0.06 kB │ gzip:   0.08 kB
dist/assets/biped-primary-CynuMc1S.js                                                         0.06 kB │ gzip:   0.08 kB
dist/assets/biped-primary-DTURhmqx.js                                                         0.06 kB │ gzip:   0.08 kB
dist/assets/biped-primary-DZWp2q1t.js                                                         0.06 kB │ gzip:   0.08 kB
dist/assets/biped-primary-DaRmajZo.js                                                         0.06 kB │ gzip:   0.08 kB
dist/assets/biped-primary-NsNvMu0B.js                                                         0.06 kB │ gzip:   0.08 kB
dist/assets/biped-primary-QaHYhtqX.js                                                         0.06 kB │ gzip:   0.08 kB
dist/assets/biped-primary-ryta_Pk7.js                                                         0.06 kB │ gzip:   0.08 kB
dist/assets/biped-primary-ujyrm-3_.js                                                         0.06 kB │ gzip:   0.08 kB
dist/assets/effect_feline_none-4ClG1m-s.js                                                    0.06 kB │ gzip:   0.08 kB
dist/assets/effect_n_none-4ClG1m-s.js                                                         0.06 kB │ gzip:   0.08 kB
dist/assets/eyes_n_amber-AKss_gY4.js                                                          0.06 kB │ gzip:   0.08 kB
dist/assets/eyes_n_gentle-sAgzq_8g.js                                                         0.06 kB │ gzip:   0.08 kB
dist/assets/eyes_n_green-Byn6Mqp3.js                                                          0.06 kB │ gzip:   0.08 kB
dist/assets/eyes_n_sleepy-DWvBMeyE.js                                                         0.06 kB │ gzip:   0.08 kB
dist/assets/eyes_n_violet-DsCsNNpR.js                                                         0.06 kB │ gzip:   0.08 kB
dist/assets/faceProtection-BJCYGHpz.js                                                        0.06 kB │ gzip:   0.08 kB
dist/assets/faceSafeZone-BJCYGHpz.js                                                          0.06 kB │ gzip:   0.08 kB
dist/assets/headAccessory--RQjk8Qi.js                                                         0.06 kB │ gzip:   0.08 kB
dist/assets/hindPawDetail-ChrE6Ozb.js                                                         0.06 kB │ gzip:   0.08 kB
dist/assets/legs_mushroom-BA7ML9dI.js                                                         0.06 kB │ gzip:   0.08 kB
dist/assets/legs_mushroom-BYPrBs5F.js                                                         0.06 kB │ gzip:   0.08 kB
dist/assets/legs_mushroom-BgcZMvYG.js                                                         0.06 kB │ gzip:   0.08 kB
dist/assets/legs_mushroom-BrjcoJqO.js                                                         0.06 kB │ gzip:   0.08 kB
dist/assets/legs_mushroom-C70wAvG4.js                                                         0.06 kB │ gzip:   0.08 kB
dist/assets/legs_mushroom-CQuaCtJi.js                                                         0.06 kB │ gzip:   0.08 kB
dist/assets/legs_mushroom-DCfgLGc3.js                                                         0.06 kB │ gzip:   0.08 kB
dist/assets/legs_mushroom-Df_N_eMn.js                                                         0.06 kB │ gzip:   0.08 kB
dist/assets/legs_mushroom-DhJz8lPW.js                                                         0.06 kB │ gzip:   0.08 kB
dist/assets/legs_mushroom-OetwwtSW.js                                                         0.06 kB │ gzip:   0.08 kB
dist/assets/legs_mushroom-qj39JTHj.js                                                         0.06 kB │ gzip:   0.08 kB
dist/assets/mutationBack-DEZ2xMsC.js                                                          0.06 kB │ gzip:   0.08 kB
dist/assets/oral_feline_none-4ClG1m-s.js                                                      0.06 kB │ gzip:   0.08 kB
dist/assets/tail_cat_long-C-XpjR2G.js                                                         0.06 kB │ gzip:   0.08 kB
dist/assets/tail_cat_long-DxPKciR5.js                                                         0.06 kB │ gzip:   0.08 kB
dist/assets/tail_cat_long-Dz2-zKus.js                                                         0.06 kB │ gzip:   0.08 kB
dist/assets/tail_dog_long-BLWcb64Y.js                                                         0.06 kB │ gzip:   0.08 kB
dist/assets/tail_dog_long-D9I-0eT8.js                                                         0.06 kB │ gzip:   0.08 kB
dist/assets/tail_dog_long-DIogO2uh.js                                                         0.06 kB │ gzip:   0.08 kB
dist/assets/tail_fish_fan-B4JdkXHE.js                                                         0.06 kB │ gzip:   0.08 kB
dist/assets/tail_fish_fan-BXAWnErc.js                                                         0.06 kB │ gzip:   0.08 kB
dist/assets/tail_fish_fan-CHePj8Q8.js                                                         0.06 kB │ gzip:   0.08 kB
dist/assets/tail_fish_fan-CwcRZemP.js                                                         0.06 kB │ gzip:   0.08 kB
dist/assets/tail_fish_fan-DVAAPCvQ.js                                                         0.06 kB │ gzip:   0.08 kB
dist/assets/tail_fish_fan-DXkTJqZK.js                                                         0.06 kB │ gzip:   0.08 kB
dist/assets/tail_fish_fan-DdHtiKg9.js                                                         0.06 kB │ gzip:   0.08 kB
dist/assets/tail_fish_fan-Q_DLjUC1.js                                                         0.06 kB │ gzip:   0.08 kB
dist/assets/tail_fish_fan-biped-tailRoot-BXAWnErc.js                                          0.06 kB │ gzip:   0.08 kB
dist/assets/tail_fish_fan-biped-tailRoot-DdHtiKg9.js                                          0.06 kB │ gzip:   0.08 kB
dist/assets/tail_fish_fan-floating-tailRoot-CHePj8Q8.js                                       0.06 kB │ gzip:   0.08 kB
dist/assets/tail_fish_fan-floating-tailRoot-DXkTJqZK.js                                       0.06 kB │ gzip:   0.08 kB
dist/assets/base_biped_v1-CCCAXu5J.js                                                         0.06 kB │ gzip:   0.08 kB
dist/assets/base_biped_v1-haGck_rY.js                                                         0.06 kB │ gzip:   0.08 kB
dist/assets/blob-secondary-BKnXFVEC.js                                                        0.06 kB │ gzip:   0.08 kB
dist/assets/blob-secondary-BVu1OULi.js                                                        0.06 kB │ gzip:   0.08 kB
dist/assets/blob-secondary-BaF2j3z7.js                                                        0.06 kB │ gzip:   0.08 kB
dist/assets/blob-secondary-CDyACWJg.js                                                        0.06 kB │ gzip:   0.08 kB
dist/assets/blob-secondary-CGW1o7ae.js                                                        0.06 kB │ gzip:   0.08 kB
dist/assets/blob-secondary-CHYuXUHr.js                                                        0.06 kB │ gzip:   0.08 kB
dist/assets/blob-secondary-CdLj6N0E.js                                                        0.06 kB │ gzip:   0.08 kB
dist/assets/blob-secondary-CeLt6aMj.js                                                        0.06 kB │ gzip:   0.08 kB
dist/assets/blob-secondary-D8Hbc9t3.js                                                        0.06 kB │ gzip:   0.08 kB
dist/assets/blob-secondary-Dnh3fVjt.js                                                        0.06 kB │ gzip:   0.08 kB
dist/assets/blob-secondary-DtF68QrZ.js                                                        0.06 kB │ gzip:   0.08 kB
dist/assets/blob-secondary-Ie6RFpAK.js                                                        0.06 kB │ gzip:   0.08 kB
dist/assets/blob-secondary-KFcNQ6Ea.js                                                        0.06 kB │ gzip:   0.08 kB
dist/assets/blob-secondary-h9UFMbJi.js                                                        0.06 kB │ gzip:   0.08 kB
dist/assets/blob-secondary-pBoOyTnc.js                                                        0.06 kB │ gzip:   0.08 kB
dist/assets/body_blob_wide-BpKR2Foi.js                                                        0.06 kB │ gzip:   0.08 kB
dist/assets/body_blob_wide-vS-wW9po.js                                                        0.06 kB │ gzip:   0.08 kB
dist/assets/eyes_n_curious-B5XTD54z.js                                                        0.06 kB │ gzip:   0.08 kB
dist/assets/eyes_n_gentle-CX-I5Eu0.js                                                         0.06 kB │ gzip:   0.08 kB
dist/assets/eyes_n_sleepy-DXAZHwlD.js                                                         0.06 kB │ gzip:   0.08 kB
dist/assets/eyes_n_violet-BsPriGgb.js                                                         0.06 kB │ gzip:   0.08 kB
dist/assets/frontPawDetail-Ckysxa6y.js                                                        0.06 kB │ gzip:   0.08 kB
dist/assets/headAccessory-Dv_fIaUR.js                                                         0.06 kB │ gzip:   0.08 kB
dist/assets/hindPawDetail-sunHjNqV.js                                                         0.06 kB │ gzip:   0.08 kB
dist/assets/legs_mushroom-6kefNZ3M.js                                                         0.06 kB │ gzip:   0.08 kB
dist/assets/legs_mushroom-B3CvlaGR.js                                                         0.06 kB │ gzip:   0.08 kB
dist/assets/legs_mushroom-BZ8sA6Uk.js                                                         0.06 kB │ gzip:   0.08 kB
dist/assets/legs_mushroom-BqYm7ZIG.js                                                         0.06 kB │ gzip:   0.08 kB
dist/assets/legs_mushroom-C-eK9R6d.js                                                         0.06 kB │ gzip:   0.08 kB
dist/assets/legs_mushroom-CYDuv87q.js                                                         0.06 kB │ gzip:   0.08 kB
dist/assets/legs_mushroom-DjQJK5ID.js                                                         0.06 kB │ gzip:   0.08 kB
dist/assets/legs_mushroom-DlnUSfs-.js                                                         0.06 kB │ gzip:   0.08 kB
dist/assets/legs_mushroom-_UI8bAyN.js                                                         0.06 kB │ gzip:   0.08 kB
dist/assets/legs_mushroom-_tdRBnma.js                                                         0.06 kB │ gzip:   0.08 kB
dist/assets/legs_mushroom-rdSR936f.js                                                         0.06 kB │ gzip:   0.08 kB
dist/assets/legs_stub_feet-B2Q8uky2.js                                                        0.06 kB │ gzip:   0.08 kB
dist/assets/legs_stub_feet-BCMdn5Vm.js                                                        0.06 kB │ gzip:   0.08 kB
dist/assets/legs_stub_feet-BcSFnHdC.js                                                        0.06 kB │ gzip:   0.08 kB
dist/assets/legs_stub_feet-C70KDJSX.js                                                        0.06 kB │ gzip:   0.08 kB
dist/assets/legs_stub_feet-CuCRpaGc.js                                                        0.06 kB │ gzip:   0.08 kB
dist/assets/legs_stub_feet-DRvkuFJ9.js                                                        0.06 kB │ gzip:   0.08 kB
dist/assets/legs_stub_feet-DYa9Pssi.js                                                        0.06 kB │ gzip:   0.08 kB
dist/assets/legs_stub_feet-Dk-M48u2.js                                                        0.06 kB │ gzip:   0.08 kB
dist/assets/legs_stub_feet-DnHUUPOb.js                                                        0.06 kB │ gzip:   0.08 kB
dist/assets/legs_stub_feet-NHTtdE6B.js                                                        0.06 kB │ gzip:   0.08 kB
dist/assets/legs_stub_feet-tcnuTWiA.js                                                        0.06 kB │ gzip:   0.08 kB
dist/assets/tail_cat_long-C4grKDrN.js                                                         0.06 kB │ gzip:   0.08 kB
dist/assets/tail_cat_long-CNkFpAEN.js                                                         0.06 kB │ gzip:   0.08 kB
dist/assets/tail_cat_long-CdFWKL-B.js                                                         0.06 kB │ gzip:   0.08 kB
dist/assets/tail_dog_long-BQsuoY-Q.js                                                         0.06 kB │ gzip:   0.08 kB
dist/assets/tail_dog_long-Cr9ZhBxA.js                                                         0.06 kB │ gzip:   0.08 kB
dist/assets/tail_dog_long-DsJS6uwh.js                                                         0.06 kB │ gzip:   0.08 kB
dist/assets/tail_fish_fan-B4jA4_2P.js                                                         0.06 kB │ gzip:   0.08 kB
dist/assets/tail_fish_fan-C97I2j-n.js                                                         0.06 kB │ gzip:   0.08 kB
dist/assets/tail_fish_fan-CPStxzRl.js                                                         0.06 kB │ gzip:   0.08 kB
dist/assets/tail_fish_fan-Ca-aTsvp.js                                                         0.06 kB │ gzip:   0.08 kB
dist/assets/tail_fish_fan-Cyd-9RLu.js                                                         0.06 kB │ gzip:   0.08 kB
dist/assets/tail_fish_fan-DOf4jPaN.js                                                         0.06 kB │ gzip:   0.08 kB
dist/assets/tail_fish_fan-DYya5NJA.js                                                         0.06 kB │ gzip:   0.08 kB
dist/assets/tail_fish_fan-biped-tailRoot-C97I2j-n.js                                          0.06 kB │ gzip:   0.08 kB
dist/assets/tail_fish_fan-biped-tailRoot-fVN7aZ8f.js                                          0.06 kB │ gzip:   0.08 kB
dist/assets/tail_fish_fan-fVN7aZ8f.js                                                         0.06 kB │ gzip:   0.08 kB
dist/assets/tail_fish_fan-floating-tailRoot-B4jA4_2P.js                                       0.06 kB │ gzip:   0.08 kB
dist/assets/tail_fish_fan-floating-tailRoot-Ca-aTsvp.js                                       0.06 kB │ gzip:   0.08 kB
dist/assets/tail_soft_curl-7h0VZIfJ.js                                                        0.06 kB │ gzip:   0.08 kB
dist/assets/tail_soft_curl-BGdEA0jI.js                                                        0.06 kB │ gzip:   0.08 kB
dist/assets/tail_soft_curl-BnIeooHc.js                                                        0.06 kB │ gzip:   0.08 kB
dist/assets/tail_soft_curl-C05SXQLg.js                                                        0.06 kB │ gzip:   0.08 kB
dist/assets/tail_soft_curl-CsGWChDF.js                                                        0.06 kB │ gzip:   0.08 kB
dist/assets/tail_soft_curl-DPrCCiwP.js                                                        0.06 kB │ gzip:   0.08 kB
dist/assets/tail_soft_curl-Dv9HEV7k.js                                                        0.06 kB │ gzip:   0.08 kB
dist/assets/tail_soft_curl-floating-tailRoot-CsGWChDF.js                                      0.06 kB │ gzip:   0.08 kB
dist/assets/tail_soft_curl-floating-tailRoot-DPrCCiwP.js                                      0.06 kB │ gzip:   0.08 kB
dist/assets/tail_soft_curl-qvpeTRWD.js                                                        0.06 kB │ gzip:   0.08 kB
dist/assets/arms_n_dark-paw-UOOZiU8f.js                                                       0.06 kB │ gzip:   0.08 kB
dist/assets/arms_n_pale-paw-DJLEVZ2U.js                                                       0.06 kB │ gzip:   0.08 kB
dist/assets/arms_n_tiny-pad-LB9YRkzk.js                                                       0.06 kB │ gzip:   0.08 kB
dist/assets/biped-secondary--jbjRYNe.js                                                       0.06 kB │ gzip:   0.08 kB
dist/assets/biped-secondary-BF16ztF_.js                                                       0.06 kB │ gzip:   0.08 kB
dist/assets/biped-secondary-BsY_7I-b.js                                                       0.06 kB │ gzip:   0.08 kB
dist/assets/biped-secondary-BuYrOo3x.js                                                       0.06 kB │ gzip:   0.08 kB
dist/assets/biped-secondary-Bw8isDSl.js                                                       0.06 kB │ gzip:   0.08 kB
dist/assets/biped-secondary-C3KCLzYk.js                                                       0.06 kB │ gzip:   0.08 kB
dist/assets/biped-secondary-COrlhFLl.js                                                       0.06 kB │ gzip:   0.08 kB
dist/assets/biped-secondary-CawHqWwA.js                                                       0.06 kB │ gzip:   0.08 kB
dist/assets/biped-secondary-CmnmK1tZ.js                                                       0.06 kB │ gzip:   0.08 kB
dist/assets/biped-secondary-D-9bRRtc.js                                                       0.06 kB │ gzip:   0.08 kB
dist/assets/biped-secondary-DGPoS6k4.js                                                       0.06 kB │ gzip:   0.08 kB
dist/assets/biped-secondary-DQsw8eSP.js                                                       0.06 kB │ gzip:   0.08 kB
dist/assets/biped-secondary-ESt1oH_m.js                                                       0.06 kB │ gzip:   0.08 kB
dist/assets/biped-secondary-JqhDHzmT.js                                                       0.06 kB │ gzip:   0.08 kB
dist/assets/biped-secondary-oJTa5oDI.js                                                       0.06 kB │ gzip:   0.08 kB
dist/assets/body_biped_tall-BmgiaGXk.js                                                       0.06 kB │ gzip:   0.08 kB
dist/assets/body_biped_tall-C9b3Qo2d.js                                                       0.06 kB │ gzip:   0.08 kB
dist/assets/body_biped_tall-DXOpP9t8.js                                                       0.06 kB │ gzip:   0.08 kB
dist/assets/body_biped_tall-TVPe5cPA.js                                                       0.06 kB │ gzip:   0.08 kB
dist/assets/body_biped_tall-hhF595IZ.js                                                       0.06 kB │ gzip:   0.08 kB
dist/assets/body_blob_round-DDlb2Gq7.js                                                       0.06 kB │ gzip:   0.08 kB
dist/assets/body_blob_round-DtQqTFKn.js                                                       0.06 kB │ gzip:   0.08 kB
dist/assets/body_blob_wide-BtroyIcp.js                                                        0.06 kB │ gzip:   0.08 kB
dist/assets/body_blob_wide-VyaxvgXh.js                                                        0.06 kB │ gzip:   0.08 kB
dist/assets/ear_crystal_rim-D2XIYVgR.js                                                       0.06 kB │ gzip:   0.08 kB
dist/assets/extra_side_fins-B7ytClju.js                                                       0.06 kB │ gzip:   0.08 kB
dist/assets/extra_side_fins-CG8ain37.js                                                       0.06 kB │ gzip:   0.08 kB
dist/assets/extra_side_fins-C_tv45q3.js                                                       0.06 kB │ gzip:   0.08 kB
dist/assets/extra_side_fins-Co1PfG1b.js                                                       0.06 kB │ gzip:   0.08 kB
dist/assets/extra_side_fins-CufusZj5.js                                                       0.06 kB │ gzip:   0.08 kB
dist/assets/extra_side_fins-DDA-ZUkr.js                                                       0.06 kB │ gzip:   0.08 kB
dist/assets/extra_side_fins-DVbOL7Qa.js                                                       0.06 kB │ gzip:   0.08 kB
dist/assets/extra_side_fins-DkIL36kw.js                                                       0.06 kB │ gzip:   0.08 kB
dist/assets/extra_side_fins-Dp_CHP9l.js                                                       0.06 kB │ gzip:   0.08 kB
dist/assets/extra_side_fins-OZ1mXtre.js                                                       0.06 kB │ gzip:   0.08 kB
dist/assets/extra_side_fins-xwbQwX6A.js                                                       0.06 kB │ gzip:   0.08 kB
dist/assets/eyes_asymmetric-B-76FHRC.js                                                       0.06 kB │ gzip:   0.08 kB
dist/assets/eyes_asymmetric-C6yK5alw.js                                                       0.06 kB │ gzip:   0.08 kB
dist/assets/eyes_asymmetric-COtxLTft.js                                                       0.06 kB │ gzip:   0.08 kB
dist/assets/eyes_asymmetric-CPPxMxHJ.js                                                       0.06 kB │ gzip:   0.08 kB
dist/assets/eyes_asymmetric-Du6gx5-A.js                                                       0.06 kB │ gzip:   0.08 kB
dist/assets/eyes_n_curious-D24WcsXF.js                                                        0.06 kB │ gzip:   0.08 kB
dist/assets/eyes_r_crescent-BP0r5x9y.js                                                       0.06 kB │ gzip:   0.08 kB
dist/assets/eyes_stalk_pair-BLvZsedn.js                                                       0.06 kB │ gzip:   0.08 kB
dist/assets/eyes_stalk_pair-BOQgq4G4.js                                                       0.06 kB │ gzip:   0.08 kB
dist/assets/eyes_stalk_pair-Bqf5Ivap.js                                                       0.06 kB │ gzip:   0.08 kB
dist/assets/eyes_stalk_pair-EuumUluh.js                                                       0.06 kB │ gzip:   0.08 kB
dist/assets/eyes_stalk_pair-nEta1Sz2.js                                                       0.06 kB │ gzip:   0.08 kB
dist/assets/floating-accent-BCCnohGz.js                                                       0.06 kB │ gzip:   0.08 kB
dist/assets/floating-accent-BLdDlnlu.js                                                       0.06 kB │ gzip:   0.08 kB
dist/assets/floating-accent-BSH_zRAf.js                                                       0.06 kB │ gzip:   0.08 kB
dist/assets/floating-accent-B_LF3wVg.js                                                       0.06 kB │ gzip:   0.08 kB
dist/assets/floating-accent-BktOqp9w.js                                                       0.06 kB │ gzip:   0.08 kB
dist/assets/floating-accent-C06EuvQE.js                                                       0.06 kB │ gzip:   0.08 kB
dist/assets/floating-accent-CA1hkAh_.js                                                       0.06 kB │ gzip:   0.08 kB
dist/assets/floating-accent-CGYg-BE1.js                                                       0.06 kB │ gzip:   0.08 kB
dist/assets/floating-accent-CGdnjD0b.js                                                       0.06 kB │ gzip:   0.08 kB
dist/assets/floating-accent-COxcvV6M.js                                                       0.06 kB │ gzip:   0.08 kB
dist/assets/floating-accent-CeynbsDc.js                                                       0.06 kB │ gzip:   0.08 kB
dist/assets/floating-accent-Cvo699PT.js                                                       0.06 kB │ gzip:   0.08 kB
dist/assets/floating-accent-DWnfDa9t.js                                                       0.06 kB │ gzip:   0.08 kB
dist/assets/floating-accent-DkyYwD7Y.js                                                       0.06 kB │ gzip:   0.08 kB
dist/assets/floating-accent-Dr92r-pX.js                                                       0.06 kB │ gzip:   0.08 kB
dist/assets/frontPawDetail-DghsXnYf.js                                                        0.06 kB │ gzip:   0.08 kB
dist/assets/head_round_dome-CPusGXjD.js                                                       0.06 kB │ gzip:   0.08 kB
dist/assets/head_round_dome-Cz1RBW1v.js                                                       0.06 kB │ gzip:   0.08 kB
dist/assets/legs_n_dark-pad-Xep9UVqf.js                                                       0.06 kB │ gzip:   0.08 kB
dist/assets/legs_n_pale-pad-BRuvixmh.js                                                       0.06 kB │ gzip:   0.08 kB
dist/assets/legs_n_soft-toe-SSPRRorC.js                                                       0.06 kB │ gzip:   0.08 kB
dist/assets/legs_stub_feet-BIDtomyW.js                                                        0.06 kB │ gzip:   0.08 kB
dist/assets/legs_stub_feet-BNqgBmdO.js                                                        0.06 kB │ gzip:   0.08 kB
dist/assets/legs_stub_feet-C1epqRVq.js                                                        0.06 kB │ gzip:   0.08 kB
dist/assets/legs_stub_feet-COT_dkMW.js                                                        0.06 kB │ gzip:   0.08 kB
dist/assets/legs_stub_feet-CbIN3KwJ.js                                                        0.06 kB │ gzip:   0.08 kB
dist/assets/legs_stub_feet-DThg5lTI.js                                                        0.06 kB │ gzip:   0.08 kB
dist/assets/legs_stub_feet-Da0RNsSC.js                                                        0.06 kB │ gzip:   0.08 kB
dist/assets/legs_stub_feet-DkDOBKYB.js                                                        0.06 kB │ gzip:   0.08 kB
dist/assets/legs_stub_feet-_aVcx8vf.js                                                        0.06 kB │ gzip:   0.08 kB
dist/assets/legs_stub_feet-f-rdU7DE.js                                                        0.06 kB │ gzip:   0.08 kB
dist/assets/legs_stub_feet-qFeKuUyX.js                                                        0.06 kB │ gzip:   0.08 kB
dist/assets/mouth_soft_beak-B7LgXgg9.js                                                       0.06 kB │ gzip:   0.08 kB
dist/assets/mouth_soft_beak-DGpAFUdS.js                                                       0.06 kB │ gzip:   0.08 kB
dist/assets/mouth_soft_beak-DqHzKwAN.js                                                       0.06 kB │ gzip:   0.08 kB
dist/assets/mouth_soft_beak-G98nll1k.js                                                       0.06 kB │ gzip:   0.08 kB
dist/assets/mouth_soft_beak-k88sGn65.js                                                       0.06 kB │ gzip:   0.08 kB
dist/assets/mouth_soft_pout-B5n9bs8M.js                                                       0.06 kB │ gzip:   0.08 kB
dist/assets/mouth_soft_pout-BnbS3bup.js                                                       0.06 kB │ gzip:   0.08 kB
dist/assets/mouth_soft_pout-YUWOkcqX.js                                                       0.06 kB │ gzip:   0.08 kB
dist/assets/mouth_soft_pout-hvKfThJn.js                                                       0.06 kB │ gzip:   0.08 kB
dist/assets/mouth_soft_pout-sy8EWOsz.js                                                       0.06 kB │ gzip:   0.08 kB
dist/assets/mouth_wide_grin-AxDpxcz0.js                                                       0.06 kB │ gzip:   0.08 kB
dist/assets/mouth_wide_grin-DmvGqZFq.js                                                       0.06 kB │ gzip:   0.08 kB
dist/assets/mouth_wide_grin-DrDkJFYZ.js                                                       0.06 kB │ gzip:   0.08 kB
dist/assets/mouth_wide_grin-k1qzKaI4.js                                                       0.06 kB │ gzip:   0.08 kB
dist/assets/mouth_wide_grin-mtAFmtJH.js                                                       0.06 kB │ gzip:   0.08 kB
dist/assets/mutationTailTip-9cvvNwLi.js                                                       0.06 kB │ gzip:   0.08 kB
dist/assets/pattern_n_plain-CMuQURu-.js                                                       0.06 kB │ gzip:   0.08 kB
dist/assets/pattern_n_socks-nqy4B8gf.js                                                       0.06 kB │ gzip:   0.08 kB
dist/assets/tail_n_dark-tip-CtcRKdxJ.js                                                       0.06 kB │ gzip:   0.08 kB
dist/assets/tail_r_fern-tip-Bw_fHWXV.js                                                       0.06 kB │ gzip:   0.08 kB
dist/assets/tail_soft_curl-C6HacsA_.js                                                        0.06 kB │ gzip:   0.08 kB
dist/assets/tail_soft_curl-CAz4MAMk.js                                                        0.06 kB │ gzip:   0.08 kB
dist/assets/tail_soft_curl-CISRoLaB.js                                                        0.06 kB │ gzip:   0.08 kB
dist/assets/tail_soft_curl-CiflgLyj.js                                                        0.06 kB │ gzip:   0.08 kB
dist/assets/tail_soft_curl-D0IBxKQR.js                                                        0.06 kB │ gzip:   0.08 kB
dist/assets/tail_soft_curl-aHbplkd-.js                                                        0.06 kB │ gzip:   0.08 kB
dist/assets/tail_soft_curl-floating-tailRoot-CAz4MAMk.js                                      0.06 kB │ gzip:   0.08 kB
dist/assets/tail_soft_curl-floating-tailRoot-D0IBxKQR.js                                      0.06 kB │ gzip:   0.08 kB
dist/assets/tail_soft_curl-nXmSVbQs.js                                                        0.06 kB │ gzip:   0.08 kB
dist/assets/tail_soft_curl-ypEY0qbg.js                                                        0.06 kB │ gzip:   0.08 kB
dist/assets/arms_long_noodle-BSjN1UKT.js                                                      0.06 kB │ gzip:   0.08 kB
dist/assets/arms_long_noodle-BnzYRTeE.js                                                      0.06 kB │ gzip:   0.08 kB
dist/assets/arms_long_noodle-C4-uUB6G.js                                                      0.06 kB │ gzip:   0.08 kB
dist/assets/arms_long_noodle-CL-9yQah.js                                                      0.06 kB │ gzip:   0.08 kB
dist/assets/arms_long_noodle-CVN_tLMw.js                                                      0.06 kB │ gzip:   0.08 kB
dist/assets/arms_long_noodle-C_BhibCD.js                                                      0.06 kB │ gzip:   0.08 kB
dist/assets/arms_long_noodle-DTR9aFC4.js                                                      0.06 kB │ gzip:   0.08 kB
dist/assets/arms_long_noodle-DfJJbVPz.js                                                      0.06 kB │ gzip:   0.08 kB
dist/assets/arms_long_noodle-Do96QuW-.js                                                      0.06 kB │ gzip:   0.08 kB
dist/assets/arms_long_noodle-WFuf3pgP.js                                                      0.06 kB │ gzip:   0.08 kB
dist/assets/arms_long_noodle-ciicmuiv.js                                                      0.06 kB │ gzip:   0.08 kB
dist/assets/arms_n_dark-paw-HXyj5QD6.js                                                       0.06 kB │ gzip:   0.08 kB
dist/assets/arms_n_pale-paw-0o_m9eFU.js                                                       0.06 kB │ gzip:   0.08 kB
dist/assets/arms_n_soft-claw-BIzyyg5M.js                                                      0.06 kB │ gzip:   0.08 kB
dist/assets/arms_n_tiny-pad-BkLyFbxv.js                                                       0.06 kB │ gzip:   0.08 kB
dist/assets/arms_r_heart-pad-Bq8DeZPK.js                                                      0.06 kB │ gzip:   0.08 kB
dist/assets/arms_short_plush-0pvIQ7zY.js                                                      0.06 kB │ gzip:   0.08 kB
dist/assets/arms_short_plush-582Oxyzb.js                                                      0.06 kB │ gzip:   0.08 kB
dist/assets/arms_short_plush-B0MX-sWG.js                                                      0.06 kB │ gzip:   0.08 kB
dist/assets/arms_short_plush-BXiVo9Kh.js                                                      0.06 kB │ gzip:   0.08 kB
dist/assets/arms_short_plush-B_VRGZzO.js                                                      0.06 kB │ gzip:   0.08 kB
dist/assets/arms_short_plush-BkDCDHfT.js                                                      0.06 kB │ gzip:   0.08 kB
dist/assets/arms_short_plush-DOzpfRxP.js                                                      0.06 kB │ gzip:   0.08 kB
dist/assets/arms_short_plush-DdcFjcSm.js                                                      0.06 kB │ gzip:   0.08 kB
dist/assets/arms_short_plush-DeGeuVWO.js                                                      0.06 kB │ gzip:   0.08 kB
dist/assets/arms_short_plush-H1fmrBp_.js                                                      0.06 kB │ gzip:   0.08 kB
dist/assets/arms_short_plush-febEn60d.js                                                      0.06 kB │ gzip:   0.08 kB
dist/assets/base_floating_v1-DMfH0_RL.js                                                      0.06 kB │ gzip:   0.08 kB
dist/assets/base_floating_v1-vWjtVGZF.js                                                      0.06 kB │ gzip:   0.08 kB
dist/assets/body_biped_tall-BGIBtf2M.js                                                       0.06 kB │ gzip:   0.08 kB
dist/assets/body_biped_tall-CZvsLKps.js                                                       0.06 kB │ gzip:   0.08 kB
dist/assets/body_biped_tall-CgMKT3wa.js                                                       0.06 kB │ gzip:   0.08 kB
dist/assets/body_biped_tall-DoLopoLm.js                                                       0.06 kB │ gzip:   0.08 kB
dist/assets/body_biped_tall-p25wLuij.js                                                       0.06 kB │ gzip:   0.08 kB
dist/assets/body_blob_round-J_dQTxgf.js                                                       0.06 kB │ gzip:   0.08 kB
dist/assets/body_blob_round-ck-MfZmt.js                                                       0.06 kB │ gzip:   0.08 kB
dist/assets/ear_crystal_rim-BC2dLKdp.js                                                       0.06 kB │ gzip:   0.08 kB
dist/assets/extra_moth_wings-BWMzqm8u.js                                                      0.06 kB │ gzip:   0.08 kB
dist/assets/extra_moth_wings-Bj2PPCPy.js                                                      0.06 kB │ gzip:   0.08 kB
dist/assets/extra_moth_wings-Bk7mgXFc.js                                                      0.06 kB │ gzip:   0.08 kB
dist/assets/extra_moth_wings-CQvF9MIa.js                                                      0.06 kB │ gzip:   0.08 kB
dist/assets/extra_moth_wings-CWQg6Ohz.js                                                      0.06 kB │ gzip:   0.08 kB
dist/assets/extra_moth_wings-DldHyFPN.js                                                      0.06 kB │ gzip:   0.08 kB
dist/assets/extra_moth_wings-DsWRv-na.js                                                      0.06 kB │ gzip:   0.08 kB
dist/assets/extra_moth_wings-DyGDw5nS.js                                                      0.06 kB │ gzip:   0.08 kB
dist/assets/extra_moth_wings-VcoelGxj.js                                                      0.06 kB │ gzip:   0.08 kB
dist/assets/extra_moth_wings-W_iVzsXC.js                                                      0.06 kB │ gzip:   0.08 kB
dist/assets/extra_moth_wings-aEkjs8O5.js                                                      0.06 kB │ gzip:   0.08 kB
dist/assets/extra_side_fins-9KKxeNk5.js                                                       0.06 kB │ gzip:   0.08 kB
dist/assets/extra_side_fins-BJyJxNIV.js                                                       0.06 kB │ gzip:   0.08 kB
dist/assets/extra_side_fins-BX9_CA51.js                                                       0.06 kB │ gzip:   0.08 kB
dist/assets/extra_side_fins-BoWdnCDf.js                                                       0.06 kB │ gzip:   0.08 kB
dist/assets/extra_side_fins-C5JqMgh4.js                                                       0.06 kB │ gzip:   0.08 kB
dist/assets/extra_side_fins-CL8fB2Ko.js                                                       0.06 kB │ gzip:   0.08 kB
dist/assets/extra_side_fins-Cv8HD4iE.js                                                       0.06 kB │ gzip:   0.08 kB
dist/assets/extra_side_fins-CyDE5nb2.js                                                       0.06 kB │ gzip:   0.08 kB
dist/assets/extra_side_fins-D6Dlho8_.js                                                       0.06 kB │ gzip:   0.08 kB
dist/assets/extra_side_fins-DRXoS1ja.js                                                       0.06 kB │ gzip:   0.08 kB
dist/assets/extra_side_fins-DXEGDkk7.js                                                       0.06 kB │ gzip:   0.08 kB
dist/assets/eyes_asymmetric-Bq3o_37s.js                                                       0.06 kB │ gzip:   0.08 kB
dist/assets/eyes_asymmetric-CIVUj3RV.js                                                       0.06 kB │ gzip:   0.08 kB
dist/assets/eyes_asymmetric-CwZUQ2vl.js                                                       0.06 kB │ gzip:   0.08 kB
dist/assets/eyes_asymmetric-DVARuaSk.js                                                       0.06 kB │ gzip:   0.08 kB
dist/assets/eyes_asymmetric-DwRNw_M_.js                                                       0.06 kB │ gzip:   0.08 kB
dist/assets/eyes_feline_wide-WSWoB6DC.js                                                      0.06 kB │ gzip:   0.08 kB
dist/assets/eyes_glossy_pair-BgEIGSO8.js                                                      0.06 kB │ gzip:   0.08 kB
dist/assets/eyes_glossy_pair-C59z0kWN.js                                                      0.06 kB │ gzip:   0.08 kB
dist/assets/eyes_glossy_pair-DKLBi-oI.js                                                      0.06 kB │ gzip:   0.08 kB
dist/assets/eyes_glossy_pair-DUgvFsrj.js                                                      0.06 kB │ gzip:   0.08 kB
dist/assets/eyes_glossy_pair-fqMCCaoN.js                                                      0.06 kB │ gzip:   0.08 kB
dist/assets/eyes_r_crescent-DTHZBgFQ.js                                                       0.06 kB │ gzip:   0.08 kB
dist/assets/eyes_stalk_pair-BJwNjSlQ.js                                                       0.06 kB │ gzip:   0.08 kB
dist/assets/eyes_stalk_pair-Bk7lyWom.js                                                       0.06 kB │ gzip:   0.08 kB
dist/assets/eyes_stalk_pair-CIoLecWR.js                                                       0.06 kB │ gzip:   0.08 kB
dist/assets/eyes_stalk_pair-DKuQJXMl.js                                                       0.06 kB │ gzip:   0.08 kB
dist/assets/eyes_stalk_pair-jck5Se3_.js                                                       0.06 kB │ gzip:   0.08 kB
dist/assets/floating-primary-1vpjUmPi.js                                                      0.06 kB │ gzip:   0.08 kB
dist/assets/floating-primary-B9NI4wmA.js                                                      0.06 kB │ gzip:   0.08 kB
dist/assets/floating-primary-BVTtQDJG.js                                                      0.06 kB │ gzip:   0.08 kB
dist/assets/floating-primary-CF3LK57w.js                                                      0.06 kB │ gzip:   0.08 kB
dist/assets/floating-primary-CJQtH-WT.js                                                      0.06 kB │ gzip:   0.08 kB
dist/assets/floating-primary-CN_YGo-k.js                                                      0.06 kB │ gzip:   0.08 kB
dist/assets/floating-primary-CmIGRmje.js                                                      0.06 kB │ gzip:   0.08 kB
dist/assets/floating-primary-Cs5gPgR7.js                                                      0.06 kB │ gzip:   0.08 kB
dist/assets/floating-primary-DLtQE1MQ.js                                                      0.06 kB │ gzip:   0.08 kB
dist/assets/floating-primary-DnH3mAwT.js                                                      0.06 kB │ gzip:   0.08 kB
dist/assets/floating-primary-Dxd3i5ur.js                                                      0.06 kB │ gzip:   0.08 kB
dist/assets/floating-primary-Dzc4PNxZ.js                                                      0.06 kB │ gzip:   0.08 kB
dist/assets/floating-primary-ce1DFmbU.js                                                      0.06 kB │ gzip:   0.08 kB
dist/assets/floating-primary-lZRNnVEj.js                                                      0.06 kB │ gzip:   0.08 kB
dist/assets/floating-primary-u7YYtubd.js                                                      0.06 kB │ gzip:   0.08 kB
dist/assets/head_angler_bulb-C6uUuSkz.js                                                      0.06 kB │ gzip:   0.08 kB
dist/assets/head_angler_bulb-DzcvelUY.js                                                      0.06 kB │ gzip:   0.08 kB
dist/assets/head_round_dome-CED3vqnL.js                                                       0.06 kB │ gzip:   0.08 kB
dist/assets/head_round_dome-CqQmtT75.js                                                       0.06 kB │ gzip:   0.08 kB
dist/assets/head_shadow_hood-6HCkwtPS.js                                                      0.06 kB │ gzip:   0.08 kB
dist/assets/head_shadow_hood-B65dwu81.js                                                      0.06 kB │ gzip:   0.08 kB
dist/assets/legs_n_round-pad-D43A4qDj.js                                                      0.06 kB │ gzip:   0.08 kB
dist/assets/mouth_soft_beak-BwTckI99.js                                                       0.06 kB │ gzip:   0.08 kB
dist/assets/mouth_soft_beak-CHhblmXz.js                                                       0.06 kB │ gzip:   0.08 kB
dist/assets/mouth_soft_beak-ClQ0XRPW.js                                                       0.06 kB │ gzip:   0.08 kB
dist/assets/mouth_soft_beak-Czsrz0FT.js                                                       0.06 kB │ gzip:   0.08 kB
dist/assets/mouth_soft_beak-qF5P8TcK.js                                                       0.06 kB │ gzip:   0.08 kB
dist/assets/mouth_soft_pout-B-V1zF-m.js                                                       0.06 kB │ gzip:   0.08 kB
dist/assets/mouth_soft_pout-BvLlpU3b.js                                                       0.06 kB │ gzip:   0.08 kB
dist/assets/mouth_soft_pout-C-kCvczT.js                                                       0.06 kB │ gzip:   0.08 kB
dist/assets/mouth_soft_pout-DpgQ_i_w.js                                                       0.06 kB │ gzip:   0.08 kB
dist/assets/mouth_soft_pout-jQ7Fn7fx.js                                                       0.06 kB │ gzip:   0.08 kB
dist/assets/mouth_wide_grin-CyXIG6Vh.js                                                       0.06 kB │ gzip:   0.08 kB
dist/assets/mouth_wide_grin-DoyFWZFJ.js                                                       0.06 kB │ gzip:   0.08 kB
dist/assets/mouth_wide_grin-IrabCokz.js                                                       0.06 kB │ gzip:   0.08 kB
dist/assets/mouth_wide_grin-SLVLaJs9.js                                                       0.06 kB │ gzip:   0.08 kB
dist/assets/mouth_wide_grin-z4viZIiR.js                                                       0.06 kB │ gzip:   0.08 kB
dist/assets/mutationTailTip-rUT2rt-Q.js                                                       0.06 kB │ gzip:   0.08 kB
dist/assets/oral_round_teeth-BgSoqJ4y.js                                                      0.06 kB │ gzip:   0.08 kB
dist/assets/oral_round_teeth-CBzuZcUV.js                                                      0.06 kB │ gzip:   0.08 kB
dist/assets/oral_round_teeth-CGXYfnt5.js                                                      0.06 kB │ gzip:   0.08 kB
dist/assets/oral_round_teeth-Do_cpoU0.js                                                      0.06 kB │ gzip:   0.08 kB
dist/assets/oral_round_teeth-W-3-lzUE.js                                                      0.06 kB │ gzip:   0.08 kB
dist/assets/oral_single_fang-BZ3FO2jw.js                                                      0.06 kB │ gzip:   0.08 kB
dist/assets/oral_single_fang-BlZ5K4Ky.js                                                      0.06 kB │ gzip:   0.08 kB
dist/assets/oral_single_fang-Cuo8VB5t.js                                                      0.06 kB │ gzip:   0.08 kB
dist/assets/oral_single_fang-DEzjfIK4.js                                                      0.06 kB │ gzip:   0.08 kB
dist/assets/oral_single_fang-xPJ0SBh6.js                                                      0.06 kB │ gzip:   0.08 kB
dist/assets/pattern_n_plain-C8IOgnTD.js                                                       0.06 kB │ gzip:   0.08 kB
dist/assets/pattern_n_points-CPx46mlm.js                                                      0.06 kB │ gzip:   0.08 kB
dist/assets/pattern_n_socks-B-1LCL5Q.js                                                       0.06 kB │ gzip:   0.08 kB
dist/assets/tail_feline_curl-CMaCpzcg.js                                                      0.06 kB │ gzip:   0.08 kB
dist/assets/tail_feline_long-Ca-C0442.js                                                      0.06 kB │ gzip:   0.08 kB
dist/assets/tail_n_cream-tip-BNEK2xkH.js                                                      0.06 kB │ gzip:   0.08 kB
dist/assets/tail_n_dark-tip-Bhi0TnLu.js                                                       0.06 kB │ gzip:   0.08 kB
dist/assets/tail_n_solid-tip-BTrQZr_1.js                                                      0.06 kB │ gzip:   0.08 kB
dist/assets/tail_n_two-rings-CTCqstEf.js                                                      0.06 kB │ gzip:   0.08 kB
dist/assets/tail_r_fern-tip-9W_uAeAM.js                                                       0.06 kB │ gzip:   0.08 kB
dist/assets/arms_long_noodle-BvtCOcGh.js                                                      0.06 kB │ gzip:   0.08 kB
dist/assets/arms_long_noodle-C5e1o2-U.js                                                      0.06 kB │ gzip:   0.08 kB
dist/assets/arms_long_noodle-CXUmOi5h.js                                                      0.06 kB │ gzip:   0.08 kB
dist/assets/arms_long_noodle-ChN5NZbv.js                                                      0.06 kB │ gzip:   0.08 kB
dist/assets/arms_long_noodle-Ck60ghsj.js                                                      0.06 kB │ gzip:   0.08 kB
dist/assets/arms_long_noodle-CnqiAQSQ.js                                                      0.06 kB │ gzip:   0.08 kB
dist/assets/arms_long_noodle-D4l-QKLh.js                                                      0.06 kB │ gzip:   0.08 kB
dist/assets/arms_long_noodle-Dvd-rl0k.js                                                      0.06 kB │ gzip:   0.08 kB
dist/assets/arms_long_noodle-NDe6FGKe.js                                                      0.06 kB │ gzip:   0.08 kB
dist/assets/arms_long_noodle-SvqQgAqT.js                                                      0.06 kB │ gzip:   0.08 kB
dist/assets/arms_long_noodle-b3q5QqSW.js                                                      0.06 kB │ gzip:   0.08 kB
dist/assets/arms_n_cream-cuff-BdOptDh7.js                                                     0.06 kB │ gzip:   0.08 kB
dist/assets/arms_n_soft-claw-B5l8BE_Y.js                                                      0.06 kB │ gzip:   0.08 kB
dist/assets/arms_n_tabby-cuff-PUTPMteC.js                                                     0.06 kB │ gzip:   0.08 kB
dist/assets/arms_r_cloud-cuff-BTIOewqX.js                                                     0.06 kB │ gzip:   0.08 kB
dist/assets/arms_r_heart-pad-D22b4Y3L.js                                                      0.06 kB │ gzip:   0.08 kB
dist/assets/arms_short_plush-BGPUTxWL.js                                                      0.06 kB │ gzip:   0.08 kB
dist/assets/arms_short_plush-BLdKD38h.js                                                      0.06 kB │ gzip:   0.08 kB
dist/assets/arms_short_plush-BwkY-xyO.js                                                      0.06 kB │ gzip:   0.08 kB
dist/assets/arms_short_plush-C-xIh_YH.js                                                      0.06 kB │ gzip:   0.08 kB
dist/assets/arms_short_plush-C1uYeISG.js                                                      0.06 kB │ gzip:   0.08 kB
dist/assets/arms_short_plush-CFyrP20L.js                                                      0.06 kB │ gzip:   0.08 kB
dist/assets/arms_short_plush-CM_mlJxQ.js                                                      0.06 kB │ gzip:   0.08 kB
dist/assets/arms_short_plush-CZA7I5fZ.js                                                      0.06 kB │ gzip:   0.08 kB
dist/assets/arms_short_plush-CiMu3ejp.js                                                      0.06 kB │ gzip:   0.08 kB
dist/assets/arms_short_plush-DbKike1X.js                                                      0.06 kB │ gzip:   0.08 kB
dist/assets/arms_short_plush-WICUiKZy.js                                                      0.06 kB │ gzip:   0.08 kB
dist/assets/base_floating_v1-80EVlCPP.js                                                      0.06 kB │ gzip:   0.08 kB
dist/assets/base_floating_v1-BGI9OIfT.js                                                      0.06 kB │ gzip:   0.08 kB
dist/assets/body_biped_peanut-C4QTF0t7.js                                                     0.06 kB │ gzip:   0.08 kB
dist/assets/body_biped_peanut-D92XRF7I.js                                                     0.06 kB │ gzip:   0.08 kB
dist/assets/body_biped_peanut-DnXafTvY.js                                                     0.06 kB │ gzip:   0.08 kB
dist/assets/body_biped_peanut-DqDZUkOV.js                                                     0.06 kB │ gzip:   0.08 kB
dist/assets/body_biped_peanut-DvNNrPEt.js                                                     0.06 kB │ gzip:   0.08 kB
dist/assets/effect_n_paw-glow-COAMPoNB.js                                                     0.06 kB │ gzip:   0.08 kB
dist/assets/effect_spore_glow-C4fCaNY8.js                                                     0.06 kB │ gzip:   0.08 kB
dist/assets/effect_spore_glow-CK6OlvXo.js                                                     0.06 kB │ gzip:   0.08 kB
dist/assets/effect_spore_glow-CM4YLFz9.js                                                     0.06 kB │ gzip:   0.08 kB
dist/assets/effect_spore_glow-CRsCBjcs.js                                                     0.06 kB │ gzip:   0.08 kB
dist/assets/effect_spore_glow-XnIgBNkx.js                                                     0.06 kB │ gzip:   0.08 kB
dist/assets/extra_moth_wings-9seTAf5W.js                                                      0.06 kB │ gzip:   0.08 kB
dist/assets/extra_moth_wings-B6wddDoA.js                                                      0.06 kB │ gzip:   0.08 kB
dist/assets/extra_moth_wings-BhTf1c9l.js                                                      0.06 kB │ gzip:   0.08 kB
dist/assets/extra_moth_wings-Ci663GRw.js                                                      0.06 kB │ gzip:   0.08 kB
dist/assets/extra_moth_wings-D-0rQwY4.js                                                      0.06 kB │ gzip:   0.08 kB
dist/assets/extra_moth_wings-D1HK61M2.js                                                      0.06 kB │ gzip:   0.08 kB
dist/assets/extra_moth_wings-D5MXIx8p.js                                                      0.06 kB │ gzip:   0.08 kB
dist/assets/extra_moth_wings-DbYmnqOW.js                                                      0.06 kB │ gzip:   0.08 kB
dist/assets/extra_moth_wings-MSTSYLNq.js                                                      0.06 kB │ gzip:   0.08 kB
dist/assets/extra_moth_wings-W7AMN9li.js                                                      0.06 kB │ gzip:   0.08 kB
dist/assets/extra_moth_wings-ZBk7ZvEc.js                                                      0.06 kB │ gzip:   0.08 kB
dist/assets/eyes_feline_round-DSAJv82t.js                                                     0.06 kB │ gzip:   0.08 kB
dist/assets/eyes_feline_wide-CRWiEYXr.js                                                      0.06 kB │ gzip:   0.08 kB
dist/assets/eyes_glossy_pair-BRGo9CK5.js                                                      0.06 kB │ gzip:   0.08 kB
dist/assets/eyes_glossy_pair-CY8e1hlR.js                                                      0.06 kB │ gzip:   0.08 kB
dist/assets/eyes_glossy_pair-DHo-eeHP.js                                                      0.06 kB │ gzip:   0.08 kB
dist/assets/eyes_glossy_pair-Dw0BGbuM.js                                                      0.06 kB │ gzip:   0.08 kB
dist/assets/eyes_glossy_pair-JxkljZ9e.js                                                      0.06 kB │ gzip:   0.08 kB
dist/assets/eyes_r_honey-glow-BBVPDCWJ.js                                                     0.06 kB │ gzip:   0.08 kB
dist/assets/eyes_r_star-pupil-BR8eDZxD.js                                                     0.06 kB │ gzip:   0.08 kB
dist/assets/eyes_triple_pearl-BsUhEd3S.js                                                     0.06 kB │ gzip:   0.08 kB
dist/assets/eyes_triple_pearl-CYF6XPtT.js                                                     0.06 kB │ gzip:   0.08 kB
dist/assets/eyes_triple_pearl-CyC0h5MA.js                                                     0.06 kB │ gzip:   0.08 kB
dist/assets/eyes_triple_pearl-DxKgVG8q.js                                                     0.06 kB │ gzip:   0.08 kB
dist/assets/eyes_triple_pearl-EgNdvWKX.js                                                     0.06 kB │ gzip:   0.08 kB
dist/assets/head_angler_bulb-BcD-40Jc.js                                                      0.06 kB │ gzip:   0.08 kB
dist/assets/head_angler_bulb-CW4As28c.js                                                      0.06 kB │ gzip:   0.08 kB
dist/assets/head_feline_round-DGXRNOZi.js                                                     0.06 kB │ gzip:   0.08 kB
dist/assets/head_mushroom_cap-BQ0aK6b6.js                                                     0.06 kB │ gzip:   0.08 kB
dist/assets/head_mushroom_cap-D8pibnOy.js                                                     0.06 kB │ gzip:   0.08 kB
dist/assets/head_mushroom_cap-DCrty4VD.js                                                     0.06 kB │ gzip:   0.08 kB
dist/assets/head_mushroom_cap-uExbECG1.js                                                     0.06 kB │ gzip:   0.08 kB
dist/assets/head_shadow_hood-BP8-jyMf.js                                                      0.06 kB │ gzip:   0.08 kB
dist/assets/head_shadow_hood-qbf-KWgd.js                                                      0.06 kB │ gzip:   0.08 kB
dist/assets/legs_n_cream-sock-DdMYral9.js                                                     0.06 kB │ gzip:   0.08 kB
dist/assets/legs_n_plain-sock-D0I3koj-.js                                                     0.06 kB │ gzip:   0.08 kB
dist/assets/legs_r_hopper-pad-C-CLTa5N.js                                                     0.06 kB │ gzip:   0.08 kB
dist/assets/mouth_feline_pout-r511P8Rt.js                                                     0.06 kB │ gzip:   0.08 kB
dist/assets/oral_gummy_ridges-4s910pEY.js                                                     0.06 kB │ gzip:   0.08 kB
dist/assets/oral_gummy_ridges-BZRWAbtM.js                                                     0.06 kB │ gzip:   0.08 kB
dist/assets/oral_gummy_ridges-C4obJ-Lk.js                                                     0.06 kB │ gzip:   0.08 kB
dist/assets/oral_gummy_ridges-ZrimjUBv.js                                                     0.06 kB │ gzip:   0.08 kB
dist/assets/oral_gummy_ridges-tBjZf0ry.js                                                     0.06 kB │ gzip:   0.08 kB
dist/assets/oral_round_teeth-5VSfgbSq.js                                                      0.06 kB │ gzip:   0.08 kB
dist/assets/oral_round_teeth-BRv152oJ.js                                                      0.06 kB │ gzip:   0.08 kB
dist/assets/oral_round_teeth-DtdShdA_.js                                                      0.06 kB │ gzip:   0.08 kB
dist/assets/oral_round_teeth-baB5ad97.js                                                      0.06 kB │ gzip:   0.08 kB
dist/assets/oral_round_teeth-rhuQ7LAD.js                                                      0.06 kB │ gzip:   0.08 kB
dist/assets/oral_single_fang-BUv-cCeY.js                                                      0.06 kB │ gzip:   0.08 kB
dist/assets/oral_single_fang-Bhmif8dz.js                                                      0.06 kB │ gzip:   0.08 kB
dist/assets/oral_single_fang-C78Ji8hd.js                                                      0.06 kB │ gzip:   0.08 kB
dist/assets/oral_single_fang-DIGxt3GL.js                                                      0.06 kB │ gzip:   0.08 kB
dist/assets/oral_single_fang-SFz8YeEK.js                                                      0.06 kB │ gzip:   0.08 kB
dist/assets/pattern_n_points-BGFPRSRb.js                                                      0.06 kB │ gzip:   0.08 kB
dist/assets/surface_short_fur-BlluZH_F.js                                                     0.06 kB │ gzip:   0.08 kB
dist/assets/surface_short_fur-C5UqL8Bl.js                                                     0.06 kB │ gzip:   0.08 kB
dist/assets/surface_short_fur-CiOAFg_u.js                                                     0.06 kB │ gzip:   0.08 kB
dist/assets/surface_short_fur-DuuHTsMJ.js                                                     0.06 kB │ gzip:   0.08 kB
dist/assets/surface_short_fur-DwjU-d-A.js                                                     0.06 kB │ gzip:   0.08 kB
dist/assets/tail_feline_curl-Btj8jEmi.js                                                      0.06 kB │ gzip:   0.08 kB
dist/assets/tail_feline_long-BS-MrohM.js                                                      0.06 kB │ gzip:   0.08 kB
dist/assets/tail_n_cream-tip-DDgRDMlN.js                                                      0.06 kB │ gzip:   0.08 kB
dist/assets/tail_n_solid-tip-C5GmpmRA.js                                                      0.06 kB │ gzip:   0.08 kB
dist/assets/tail_n_two-rings-Cc475j80.js                                                      0.06 kB │ gzip:   0.08 kB
dist/assets/arms_n_cream-cuff-ZVQq7eMZ.js                                                     0.06 kB │ gzip:   0.08 kB
dist/assets/arms_n_tabby-cuff-C-dnMp04.js                                                     0.06 kB │ gzip:   0.08 kB
dist/assets/arms_r_cloud-cuff-Cfsw-w_S.js                                                     0.06 kB │ gzip:   0.08 kB
dist/assets/arms_r_crystal-cap-BHHXSHIw.js                                                    0.06 kB │ gzip:   0.08 kB
dist/assets/body_biped_peanut-BfMFobge.js                                                     0.06 kB │ gzip:   0.08 kB
dist/assets/body_biped_peanut-C4Gkxbcv.js                                                     0.06 kB │ gzip:   0.08 kB
dist/assets/body_biped_peanut-DGGvZHbT.js                                                     0.06 kB │ gzip:   0.08 kB
dist/assets/body_biped_peanut-MtJWYeb0.js                                                     0.06 kB │ gzip:   0.08 kB
dist/assets/body_biped_peanut-TuxCwwde.js                                                     0.06 kB │ gzip:   0.08 kB
dist/assets/body_floating_drop-BTKS2bGY.js                                                    0.06 kB │ gzip:   0.08 kB
dist/assets/body_floating_drop-CoRO-O_T.js                                                    0.06 kB │ gzip:   0.08 kB
dist/assets/colorScheme_n_mint-3-VRSM4D.js                                                    0.06 kB │ gzip:   0.08 kB
dist/assets/effect_n_ear-glint-C6coLCvW.js                                                    0.06 kB │ gzip:   0.08 kB
dist/assets/effect_n_paw-glow-BX4JlvKs.js                                                     0.06 kB │ gzip:   0.08 kB
dist/assets/effect_n_tiny-dust-B4BkKgZP.js                                                    0.06 kB │ gzip:   0.08 kB
dist/assets/effect_spore_glow-BhVcdhWn.js                                                     0.06 kB │ gzip:   0.08 kB
dist/assets/effect_spore_glow-D80KBxK0.js                                                     0.06 kB │ gzip:   0.08 kB
dist/assets/effect_spore_glow-DUjL4BXy.js                                                     0.06 kB │ gzip:   0.08 kB
dist/assets/effect_spore_glow-e-Dob1Zn.js                                                     0.06 kB │ gzip:   0.08 kB
dist/assets/effect_spore_glow-zevEdo7q.js                                                     0.06 kB │ gzip:   0.08 kB
dist/assets/eyes_feline_round-ZbnHWO2a.js                                                     0.06 kB │ gzip:   0.08 kB
dist/assets/eyes_feline_sleepy-BRZFD779.js                                                    0.06 kB │ gzip:   0.08 kB
dist/assets/eyes_l_nebula-iris-Bjrl1AYF.js                                                    0.06 kB │ gzip:   0.08 kB
dist/assets/eyes_n_round-black-DqzVL6Ks.js                                                    0.06 kB │ gzip:   0.08 kB
dist/assets/eyes_r_honey-glow-BkSHAGVC.js                                                     0.06 kB │ gzip:   0.08 kB
dist/assets/eyes_r_star-pupil-CDQMfENY.js                                                     0.06 kB │ gzip:   0.08 kB
dist/assets/eyes_triple_pearl-B4Authu0.js                                                     0.06 kB │ gzip:   0.08 kB
dist/assets/eyes_triple_pearl-CGKzQmG7.js                                                     0.06 kB │ gzip:   0.08 kB
dist/assets/eyes_triple_pearl-DDO_vGlD.js                                                     0.06 kB │ gzip:   0.08 kB
dist/assets/eyes_triple_pearl-DK34o8r8.js                                                     0.06 kB │ gzip:   0.08 kB
dist/assets/eyes_triple_pearl-LiqotcY4.js                                                     0.06 kB │ gzip:   0.08 kB
dist/assets/floating-secondary-B37xhkU8.js                                                    0.06 kB │ gzip:   0.08 kB
dist/assets/floating-secondary-BJotFtPw.js                                                    0.06 kB │ gzip:   0.08 kB
dist/assets/floating-secondary-Bh1Ps0uL.js                                                    0.06 kB │ gzip:   0.08 kB
dist/assets/floating-secondary-Bj6GtED8.js                                                    0.06 kB │ gzip:   0.08 kB
dist/assets/floating-secondary-C3dYD4nV.js                                                    0.06 kB │ gzip:   0.08 kB
dist/assets/floating-secondary-D-kcvHL6.js                                                    0.06 kB │ gzip:   0.08 kB
dist/assets/floating-secondary-DJ9KOihA.js                                                    0.06 kB │ gzip:   0.08 kB
dist/assets/floating-secondary-DQ2Hy1ke.js                                                    0.06 kB │ gzip:   0.08 kB
dist/assets/floating-secondary-DR0qyXKj.js                                                    0.06 kB │ gzip:   0.08 kB
dist/assets/floating-secondary-D_KoVxiW.js                                                    0.06 kB │ gzip:   0.08 kB
dist/assets/floating-secondary-D_Ws7rTb.js                                                    0.06 kB │ gzip:   0.08 kB
dist/assets/floating-secondary-V1L9qwct.js                                                    0.06 kB │ gzip:   0.08 kB
dist/assets/floating-secondary-sDCth5aK.js                                                    0.06 kB │ gzip:   0.08 kB
dist/assets/floating-secondary-uI9qyXw_.js                                                    0.06 kB │ gzip:   0.08 kB
dist/assets/floating-secondary-vfXqbrI8.js                                                    0.06 kB │ gzip:   0.08 kB
dist/assets/head_antennae_glow-19g2ceNz.js                                                    0.06 kB │ gzip:   0.08 kB
dist/assets/head_antennae_glow-B6l5tnh8.js                                                    0.06 kB │ gzip:   0.08 kB
dist/assets/head_antennae_glow-CV5ubTZz.js                                                    0.06 kB │ gzip:   0.08 kB
dist/assets/head_antennae_glow-Db-XfOdU.js                                                    0.06 kB │ gzip:   0.08 kB
dist/assets/head_antennae_glow-JQ9q-Wva.js                                                    0.06 kB │ gzip:   0.08 kB
dist/assets/head_feline_round-DzrI3tj5.js                                                     0.06 kB │ gzip:   0.08 kB
dist/assets/head_feline_tufted-TK5cjpV0.js                                                    0.06 kB │ gzip:   0.08 kB
dist/assets/head_mushroom_cap-Ba62_pdW.js                                                     0.06 kB │ gzip:   0.08 kB
dist/assets/head_mushroom_cap-BcVhJQ-s.js                                                     0.06 kB │ gzip:   0.08 kB
dist/assets/head_mushroom_cap-DNN7CCTa.js                                                     0.06 kB │ gzip:   0.08 kB
dist/assets/head_mushroom_cap-osj6qTLN.js                                                     0.06 kB │ gzip:   0.08 kB
dist/assets/legs_n_tabby-ankle-4cngfVpm.js                                                    0.06 kB │ gzip:   0.08 kB
dist/assets/legs_r_crystal-toe-BY0XYNcO.js                                                    0.06 kB │ gzip:   0.08 kB
dist/assets/legs_r_pebble-glow-CPfmHZ8z.js                                                    0.06 kB │ gzip:   0.08 kB
dist/assets/legs_r_plume-ankle-3sxMY-x-.js                                                    0.06 kB │ gzip:   0.08 kB
dist/assets/legs_shadow_tiptoe-4QGKGHAM.js                                                    0.06 kB │ gzip:   0.08 kB
dist/assets/legs_shadow_tiptoe-6MyzM6KI.js                                                    0.06 kB │ gzip:   0.08 kB
dist/assets/legs_shadow_tiptoe-BYsX2nOL.js                                                    0.06 kB │ gzip:   0.08 kB
dist/assets/legs_shadow_tiptoe-BcbJyzfw.js                                                    0.06 kB │ gzip:   0.08 kB
dist/assets/legs_shadow_tiptoe-Bp4qqxPy.js                                                    0.06 kB │ gzip:   0.08 kB
dist/assets/legs_shadow_tiptoe-CfduWMA6.js                                                    0.06 kB │ gzip:   0.08 kB
dist/assets/legs_shadow_tiptoe-D6lKUlT9.js                                                    0.06 kB │ gzip:   0.08 kB
dist/assets/legs_shadow_tiptoe-DRP_vmlg.js                                                    0.06 kB │ gzip:   0.08 kB
dist/assets/legs_shadow_tiptoe-HwGZeDPd.js                                                    0.06 kB │ gzip:   0.08 kB
dist/assets/legs_shadow_tiptoe-Iu_uaAjz.js                                                    0.06 kB │ gzip:   0.08 kB
dist/assets/legs_shadow_tiptoe-cjF-Kwsw.js                                                    0.06 kB │ gzip:   0.08 kB
dist/assets/mouth_feline_pout-wNRtEvbU.js                                                     0.06 kB │ gzip:   0.08 kB
dist/assets/mouth_feline_smile-BI9z27K3.js                                                    0.06 kB │ gzip:   0.08 kB
dist/assets/oral_gummy_ridges-BFKtizsq.js                                                     0.06 kB │ gzip:   0.08 kB
dist/assets/oral_gummy_ridges-Bh8BO-WJ.js                                                     0.06 kB │ gzip:   0.08 kB
dist/assets/oral_gummy_ridges-Bm6F9IxJ.js                                                     0.06 kB │ gzip:   0.08 kB
dist/assets/oral_gummy_ridges-Bps04q8U.js                                                     0.06 kB │ gzip:   0.08 kB
dist/assets/oral_gummy_ridges-Pz7Zg-cG.js                                                     0.06 kB │ gzip:   0.08 kB
dist/assets/pattern_n_two-tone-6VCG4X9T.js                                                    0.06 kB │ gzip:   0.08 kB
dist/assets/pattern_soft_spots-BpaEQr2D.js                                                    0.06 kB │ gzip:   0.08 kB
dist/assets/pattern_soft_spots-CBqoguuO.js                                                    0.06 kB │ gzip:   0.08 kB
dist/assets/pattern_soft_spots-TkCP_o2z.js                                                    0.06 kB │ gzip:   0.08 kB
dist/assets/pattern_soft_spots-bVk-bf0K.js                                                    0.06 kB │ gzip:   0.08 kB
dist/assets/pattern_soft_spots-tik-AniS.js                                                    0.06 kB │ gzip:   0.08 kB
dist/assets/surface_short_fur--OUrk9Iv.js                                                     0.06 kB │ gzip:   0.08 kB
dist/assets/surface_short_fur-C60xaoIb.js                                                     0.06 kB │ gzip:   0.08 kB
dist/assets/surface_short_fur-CMS9WjMh.js                                                     0.06 kB │ gzip:   0.08 kB
dist/assets/surface_short_fur-D0w9O5lg.js                                                     0.06 kB │ gzip:   0.08 kB
dist/assets/surface_short_fur-lg0cXolA.js                                                     0.06 kB │ gzip:   0.08 kB
dist/assets/tail_l_aurora-tail-DIzrvRzK.js                                                    0.06 kB │ gzip:   0.08 kB
dist/assets/tail_n_soft-stripe-BxMFsruM.js                                                    0.06 kB │ gzip:   0.08 kB
dist/assets/tail_n_three-rings-BTr6iihQ.js                                                    0.06 kB │ gzip:   0.08 kB
dist/assets/tail_r_pompom-mark-DUmFrI6E.js                                                    0.06 kB │ gzip:   0.08 kB
dist/assets/arms_n_fluffy-wrist-CWcOWecC.js                                                   0.07 kB │ gzip:   0.09 kB
dist/assets/arms_n_plain-mitten-BQ4UQiBV.js                                                   0.07 kB │ gzip:   0.09 kB
dist/assets/arms_r_crystal-cap-DwUq5z7S.js                                                    0.07 kB │ gzip:   0.09 kB
dist/assets/body_floating_drop-Cr-8az85.js                                                    0.07 kB │ gzip:   0.09 kB
dist/assets/body_floating_drop-nNB2NQ4X.js                                                    0.07 kB │ gzip:   0.09 kB
dist/assets/colorScheme_n_cocoa-t4syZ5a4.js                                                   0.07 kB │ gzip:   0.09 kB
dist/assets/colorScheme_n_cream-BpIlH8a9.js                                                   0.07 kB │ gzip:   0.09 kB
dist/assets/colorScheme_n_mint-BxXyOsxY.js                                                    0.07 kB │ gzip:   0.09 kB
dist/assets/colorScheme_n_white-Dxwly9B7.js                                                   0.07 kB │ gzip:   0.09 kB
dist/assets/color_feline_fungal-9nrpg3_P.js                                                   0.07 kB │ gzip:   0.09 kB
dist/assets/color_feline_shadow-ChVWAR4l.js                                                   0.07 kB │ gzip:   0.09 kB
dist/assets/effect_n_ear-glint-BmJ_IIV9.js                                                    0.07 kB │ gzip:   0.09 kB
dist/assets/effect_n_soft-bokeh-tckUfZZ0.js                                                   0.07 kB │ gzip:   0.09 kB
dist/assets/effect_n_tail-spark-DvfaGCpD.js                                                   0.07 kB │ gzip:   0.09 kB
dist/assets/effect_r_moon-motes-C0ubaI2T.js                                                   0.07 kB │ gzip:   0.09 kB
dist/assets/effect_r_star-trail-CtJk6M59.js                                                   0.07 kB │ gzip:   0.09 kB
dist/assets/eyes_feline_sleepy-b7xcHBsY.js                                                    0.07 kB │ gzip:   0.09 kB
dist/assets/eyes_l_nebula-iris-CiwVfKxN.js                                                    0.07 kB │ gzip:   0.09 kB
dist/assets/eyes_n_round-black-bWAnnjeW.js                                                    0.07 kB │ gzip:   0.09 kB
dist/assets/head_antennae_glow-BG-h2-ca.js                                                    0.07 kB │ gzip:   0.09 kB
dist/assets/head_antennae_glow-CKpF5c_5.js                                                    0.07 kB │ gzip:   0.09 kB
dist/assets/head_antennae_glow-CQOyl3Om.js                                                    0.07 kB │ gzip:   0.09 kB
dist/assets/head_antennae_glow-DF9Uoe0d.js                                                    0.07 kB │ gzip:   0.09 kB
dist/assets/head_antennae_glow-Orv61hh1.js                                                    0.07 kB │ gzip:   0.09 kB
dist/assets/head_feline_tufted-XHMR8gev.js                                                    0.07 kB │ gzip:   0.09 kB
dist/assets/legs_n_fluffy-ankle-BiIpw_Gd.js                                                   0.07 kB │ gzip:   0.09 kB
dist/assets/legs_shadow_tiptoe-BDCxzf4X.js                                                    0.07 kB │ gzip:   0.09 kB
dist/assets/legs_shadow_tiptoe-BeXdguC9.js                                                    0.07 kB │ gzip:   0.09 kB
dist/assets/legs_shadow_tiptoe-CaEsyqsa.js                                                    0.07 kB │ gzip:   0.09 kB
dist/assets/legs_shadow_tiptoe-DDkRS2u_.js                                                    0.07 kB │ gzip:   0.09 kB
dist/assets/legs_shadow_tiptoe-DUGmKCMd.js                                                    0.07 kB │ gzip:   0.09 kB
dist/assets/legs_shadow_tiptoe-DXnb5mai.js                                                    0.07 kB │ gzip:   0.09 kB
dist/assets/legs_shadow_tiptoe-Dx19q0TM.js                                                    0.07 kB │ gzip:   0.09 kB
dist/assets/legs_shadow_tiptoe-HwKPnULW.js                                                    0.07 kB │ gzip:   0.09 kB
dist/assets/legs_shadow_tiptoe-aKZF7V-z.js                                                    0.07 kB │ gzip:   0.09 kB
dist/assets/legs_shadow_tiptoe-cfJ5v99F.js                                                    0.07 kB │ gzip:   0.09 kB
dist/assets/legs_shadow_tiptoe-xOlYzBCr.js                                                    0.07 kB │ gzip:   0.09 kB
dist/assets/legs_webbed-hipLeft-Cwp0LP_F.js                                                   0.07 kB │ gzip:   0.09 kB
dist/assets/legs_webbed-hipLeft-DxluIpTM.js                                                   0.07 kB │ gzip:   0.09 kB
dist/assets/legs_webbed-hipLeft-cjfMRuD8.js                                                   0.07 kB │ gzip:   0.09 kB
dist/assets/mouth_feline_smile-CS1LdBUN.js                                                    0.07 kB │ gzip:   0.09 kB
dist/assets/mouth_vertical_oval-AtQQUl_c.js                                                   0.07 kB │ gzip:   0.09 kB
dist/assets/mouth_vertical_oval-BjKJMn_v.js                                                   0.07 kB │ gzip:   0.09 kB
dist/assets/mouth_vertical_oval-DNxsYHWS.js                                                   0.07 kB │ gzip:   0.09 kB
dist/assets/mouth_vertical_oval-DaMQgS3q.js                                                   0.07 kB │ gzip:   0.09 kB
dist/assets/mouth_vertical_oval-pyUoyckt.js                                                   0.07 kB │ gzip:   0.09 kB
dist/assets/oral_lolling_tongue-B25lpFVX.js                                                   0.07 kB │ gzip:   0.09 kB
dist/assets/oral_lolling_tongue-BqM6doY8.js                                                   0.07 kB │ gzip:   0.09 kB
dist/assets/oral_lolling_tongue-CO98tK5o.js                                                   0.07 kB │ gzip:   0.09 kB
dist/assets/oral_lolling_tongue-CXTblW5c.js                                                   0.07 kB │ gzip:   0.09 kB
dist/assets/oral_lolling_tongue-H72WI99q.js                                                   0.07 kB │ gzip:   0.09 kB
dist/assets/pattern_n_two-tone-c09dPifA.js                                                    0.07 kB │ gzip:   0.09 kB
dist/assets/pattern_soft_spots-C1Mhsb4D.js                                                    0.07 kB │ gzip:   0.09 kB
dist/assets/pattern_soft_spots-C88PZbLu.js                                                    0.07 kB │ gzip:   0.09 kB
dist/assets/pattern_soft_spots-CXI47JZo.js                                                    0.07 kB │ gzip:   0.09 kB
dist/assets/pattern_soft_spots-Ceb0ej7o.js                                                    0.07 kB │ gzip:   0.09 kB
dist/assets/pattern_soft_spots-D9A6fia7.js                                                    0.07 kB │ gzip:   0.09 kB
dist/assets/pattern_spore_rings-BQMo1OwO.js                                                   0.07 kB │ gzip:   0.09 kB
dist/assets/pattern_spore_rings-CC5AVnkb.js                                                   0.07 kB │ gzip:   0.09 kB
dist/assets/pattern_spore_rings-CI9dJiOU.js                                                   0.07 kB │ gzip:   0.09 kB
dist/assets/pattern_spore_rings-Di6eltQG.js                                                   0.07 kB │ gzip:   0.09 kB
dist/assets/pattern_spore_rings-S9AaP2yS.js                                                   0.07 kB │ gzip:   0.09 kB
dist/assets/surface_gel_bubbles-BHrmKWYi.js                                                   0.07 kB │ gzip:   0.09 kB
dist/assets/surface_gel_bubbles-BcWjwj0P.js                                                   0.07 kB │ gzip:   0.09 kB
dist/assets/surface_gel_bubbles-CbraaBlm.js                                                   0.07 kB │ gzip:   0.09 kB
dist/assets/surface_gel_bubbles-DIzEhhx_.js                                                   0.07 kB │ gzip:   0.09 kB
dist/assets/surface_gel_bubbles-DQffk7UV.js                                                   0.07 kB │ gzip:   0.09 kB
dist/assets/surface_soft_scales-BgHXVGLC.js                                                   0.07 kB │ gzip:   0.09 kB
dist/assets/surface_soft_scales-CEjlkIOV.js                                                   0.07 kB │ gzip:   0.09 kB
dist/assets/surface_soft_scales-CpB4QUsQ.js                                                   0.07 kB │ gzip:   0.09 kB
dist/assets/surface_soft_scales-XBO9pyOG.js                                                   0.07 kB │ gzip:   0.09 kB
dist/assets/surface_soft_scales-hGb4S4YZ.js                                                   0.07 kB │ gzip:   0.09 kB
dist/assets/tail_l_aurora-tail-CxeJDe04.js                                                    0.07 kB │ gzip:   0.08 kB
dist/assets/tail_n_soft-stripe-Cf8ijiWJ.js                                                    0.07 kB │ gzip:   0.09 kB
dist/assets/tail_n_three-rings-glsB3MH9.js                                                    0.07 kB │ gzip:   0.09 kB
dist/assets/tail_r_comet-stripe-BEPunNch.js                                                   0.07 kB │ gzip:   0.09 kB
dist/assets/tail_r_pompom-mark-C5EIA0PB.js                                                    0.07 kB │ gzip:   0.09 kB
dist/assets/tail_r_ribbon-bands-BCUaUfkP.js                                                   0.07 kB │ gzip:   0.09 kB
dist/assets/arms_n_fluffy-wrist-DASN0ONU.js                                                   0.07 kB │ gzip:   0.09 kB
dist/assets/arms_n_plain-mitten-XacS5iEP.js                                                   0.07 kB │ gzip:   0.09 kB
dist/assets/arms_r_luminous-claw-ymdNOzg4.js                                                  0.07 kB │ gzip:   0.09 kB
dist/assets/bodyFrame_n_long-bib-DyA6tAMl.js                                                  0.07 kB │ gzip:   0.09 kB
dist/assets/bodyFrame_n_oval-bib-DSm0zMuM.js                                                  0.07 kB │ gzip:   0.09 kB
dist/assets/body_biped_tall-body-CtXKfYHd.js                                                  0.07 kB │ gzip:   0.08 kB
dist/assets/body_biped_tall-body-DqQBJiQP.js                                                  0.07 kB │ gzip:   0.08 kB
dist/assets/body_biped_tall-body-kasnikDc.js                                                  0.07 kB │ gzip:   0.08 kB
dist/assets/colorScheme_n_cocoa-mhvjIpsY.js                                                   0.07 kB │ gzip:   0.09 kB
dist/assets/colorScheme_n_cream-DwpCbZ_-.js                                                   0.07 kB │ gzip:   0.09 kB
dist/assets/colorScheme_n_ginger-DmzfDySM.js                                                  0.07 kB │ gzip:   0.09 kB
dist/assets/colorScheme_n_silver-P49vOzZ-.js                                                  0.07 kB │ gzip:   0.09 kB
dist/assets/colorScheme_n_white-Dp0-3YCm.js                                                   0.07 kB │ gzip:   0.09 kB
dist/assets/color_feline_fungal-CnMDpLGC.js                                                   0.07 kB │ gzip:   0.09 kB
dist/assets/color_feline_shadow-LDCRRucT.js                                                   0.07 kB │ gzip:   0.09 kB
dist/assets/effect_n_breath-mist-BZ6NsSY0.js                                                  0.07 kB │ gzip:   0.09 kB
dist/assets/effect_n_floor-spark-B8C_fuTH.js                                                  0.07 kB │ gzip:   0.09 kB
dist/assets/effect_n_tail-spark-BUzADJes.js                                                   0.07 kB │ gzip:   0.09 kB
dist/assets/effect_r_moon-motes-hTw8CL61.js                                                   0.07 kB │ gzip:   0.09 kB
dist/assets/effect_r_tiny-hearts-q84CYqEy.js                                                  0.07 kB │ gzip:   0.09 kB
dist/assets/extra_soft_tentacles--p_HI7yx.js                                                  0.07 kB │ gzip:   0.09 kB
dist/assets/extra_soft_tentacles-B0bdn4sX.js                                                  0.07 kB │ gzip:   0.09 kB
dist/assets/extra_soft_tentacles-BXX60VDX.js                                                  0.07 kB │ gzip:   0.09 kB
dist/assets/extra_soft_tentacles-Bd8OxZst.js                                                  0.07 kB │ gzip:   0.09 kB
dist/assets/extra_soft_tentacles-Bp6Rk9wx.js                                                  0.07 kB │ gzip:   0.09 kB
dist/assets/extra_soft_tentacles-C7oc_d5o.js                                                  0.07 kB │ gzip:   0.09 kB
dist/assets/extra_soft_tentacles-CDHystXH.js                                                  0.07 kB │ gzip:   0.09 kB
dist/assets/extra_soft_tentacles-D3Lrc8Tc.js                                                  0.07 kB │ gzip:   0.09 kB
dist/assets/extra_soft_tentacles-NGq7YTLL.js                                                  0.07 kB │ gzip:   0.09 kB
dist/assets/extra_soft_tentacles-_H4IUjcJ.js                                                  0.07 kB │ gzip:   0.09 kB
dist/assets/extra_soft_tentacles-jYJdjV9l.js                                                  0.07 kB │ gzip:   0.09 kB
dist/assets/eyes_sleepy_crescent-BA5ZtzF2.js                                                  0.07 kB │ gzip:   0.09 kB
dist/assets/eyes_sleepy_crescent-BSArT1-l.js                                                  0.07 kB │ gzip:   0.09 kB
dist/assets/eyes_sleepy_crescent-Be7ftjb2.js                                                  0.07 kB │ gzip:   0.09 kB
dist/assets/eyes_sleepy_crescent-DRcFpY2q.js                                                  0.07 kB │ gzip:   0.09 kB
dist/assets/eyes_sleepy_crescent-DccfSm7Z.js                                                  0.07 kB │ gzip:   0.09 kB
dist/assets/head_horns_soft_nubs-ByIDuMNp.js                                                  0.07 kB │ gzip:   0.09 kB
dist/assets/head_horns_soft_nubs-DEtKPMm2.js                                                  0.07 kB │ gzip:   0.09 kB
dist/assets/head_horns_soft_nubs-DlFCOGlS.js                                                  0.07 kB │ gzip:   0.09 kB
dist/assets/head_horns_soft_nubs-pPw26OL4.js                                                  0.07 kB │ gzip:   0.09 kB
dist/assets/head_horns_soft_nubs-pVb0VJZO.js                                                  0.07 kB │ gzip:   0.09 kB
dist/assets/legs_webbed-hipLeft-D0atYUfT.js                                                   0.07 kB │ gzip:   0.09 kB
dist/assets/legs_webbed-hipLeft-D5GFt2pp.js                                                   0.07 kB │ gzip:   0.09 kB
dist/assets/legs_webbed-hipLeft-DOIkv_yA.js                                                   0.07 kB │ gzip:   0.09 kB
dist/assets/legs_webbed-hipRight-CPkgEGyT.js                                                  0.07 kB │ gzip:   0.09 kB
dist/assets/legs_webbed-hipRight-DLETNCuI.js                                                  0.07 kB │ gzip:   0.09 kB
dist/assets/legs_webbed-hipRight-DUmkoEqp.js                                                  0.07 kB │ gzip:   0.09 kB
dist/assets/mouth_vertical_oval-BJvNHyYg.js                                                   0.07 kB │ gzip:   0.09 kB
dist/assets/mouth_vertical_oval-CT9rGuO8.js                                                   0.07 kB │ gzip:   0.09 kB
dist/assets/mouth_vertical_oval-ClkrFrs6.js                                                   0.07 kB │ gzip:   0.09 kB
dist/assets/mouth_vertical_oval-CtmbfkP7.js                                                   0.07 kB │ gzip:   0.09 kB
dist/assets/mouth_vertical_oval-DCiOblVg.js                                                   0.07 kB │ gzip:   0.09 kB
dist/assets/oral_lolling_tongue-FXs_EgK2.js                                                   0.07 kB │ gzip:   0.09 kB
dist/assets/oral_lolling_tongue-FgdTkwNS.js                                                   0.07 kB │ gzip:   0.09 kB
dist/assets/oral_lolling_tongue-cws2fMkV.js                                                   0.07 kB │ gzip:   0.09 kB
dist/assets/oral_lolling_tongue-eWM356Rt.js                                                   0.07 kB │ gzip:   0.09 kB
dist/assets/oral_lolling_tongue-yPhE7uh3.js                                                   0.07 kB │ gzip:   0.09 kB
dist/assets/pattern_feline_spots-CBwyjRRc.js                                                  0.07 kB │ gzip:   0.09 kB
dist/assets/pattern_feline_tabby-CcgQ6eGR.js                                                  0.07 kB │ gzip:   0.09 kB
dist/assets/pattern_n_soft-tabby-DzpDYgZj.js                                                  0.07 kB │ gzip:   0.09 kB
dist/assets/pattern_n_tiny-spots-CQ5E5XDy.js                                                  0.07 kB │ gzip:   0.09 kB
dist/assets/pattern_r_moon-swirl-DvCV-Nq3.js                                                  0.07 kB │ gzip:   0.09 kB
dist/assets/pattern_spore_rings-BkfKJM1k.js                                                   0.07 kB │ gzip:   0.09 kB
dist/assets/pattern_spore_rings-BrHy_VqA.js                                                   0.07 kB │ gzip:   0.09 kB
dist/assets/pattern_spore_rings-DOSGAIj1.js                                                   0.07 kB │ gzip:   0.09 kB
dist/assets/pattern_spore_rings-Dx30ITSE.js                                                   0.07 kB │ gzip:   0.09 kB
dist/assets/pattern_spore_rings-GTJpLux6.js                                                   0.07 kB │ gzip:   0.09 kB
dist/assets/surface_gel_bubbles-BonLvY_F.js                                                   0.07 kB │ gzip:   0.09 kB
dist/assets/surface_gel_bubbles-C2U3tGtE.js                                                   0.07 kB │ gzip:   0.09 kB
dist/assets/surface_gel_bubbles-CADJPGWd.js                                                   0.07 kB │ gzip:   0.09 kB
dist/assets/surface_gel_bubbles-CbuIisVH.js                                                   0.07 kB │ gzip:   0.09 kB
dist/assets/surface_gel_bubbles-yV6_YPkT.js                                                   0.07 kB │ gzip:   0.09 kB
dist/assets/surface_soft_scales-BSJ-RC0D.js                                                   0.07 kB │ gzip:   0.09 kB
dist/assets/surface_soft_scales-CoXQ_4MM.js                                                   0.07 kB │ gzip:   0.09 kB
dist/assets/surface_soft_scales-DPNVBAPO.js                                                   0.07 kB │ gzip:   0.09 kB
dist/assets/surface_soft_scales-Dj2xmGYh.js                                                   0.07 kB │ gzip:   0.09 kB
dist/assets/surface_soft_scales-a65dCMwe.js                                                   0.07 kB │ gzip:   0.09 kB
dist/assets/tail_feline_star_tip-UbFddV89.js                                                  0.07 kB │ gzip:   0.08 kB
dist/assets/tail_n_dark-gradient-CFyQJRFC.js                                                  0.07 kB │ gzip:   0.09 kB
dist/assets/tail_n_pale-gradient-CzA_ez8d.js                                                  0.07 kB │ gzip:   0.09 kB
dist/assets/tail_r_comet-stripe-BugHw4JH.js                                                   0.07 kB │ gzip:   0.09 kB
dist/assets/tail_r_ribbon-bands-B2hvNOTd.js                                                   0.07 kB │ gzip:   0.09 kB
dist/assets/arms_r_luminous-claw-Dx_M4vh5.js                                                  0.07 kB │ gzip:   0.09 kB
dist/assets/bodyFrame_n_long-bib-BD5zGSah.js                                                  0.07 kB │ gzip:   0.09 kB
dist/assets/bodyFrame_n_oval-bib-d7X6lrM0.js                                                  0.07 kB │ gzip:   0.09 kB
dist/assets/body_biped_tall-body-Bf3atWTS.js                                                  0.07 kB │ gzip:   0.08 kB
dist/assets/body_biped_tall-body-DZSOQDsL.js                                                  0.07 kB │ gzip:   0.08 kB
dist/assets/body_biped_tall-body-DrB0slsx.js                                                  0.07 kB │ gzip:   0.08 kB
dist/assets/body_feline_sit_plush-DWflbIAo.js                                                 0.07 kB │ gzip:   0.09 kB
dist/assets/body_feline_sit_round-CkkR5WAR.js                                                 0.07 kB │ gzip:   0.09 kB
dist/assets/colorScheme_n_ginger-CafmJnOq.js                                                  0.07 kB │ gzip:   0.09 kB
dist/assets/colorScheme_n_silver-WcJoomko.js                                                  0.07 kB │ gzip:   0.09 kB
dist/assets/color_feline_deep_sea-oPVE1GvY.js                                                 0.07 kB │ gzip:   0.09 kB
dist/assets/effect_n_breath-mist-DjM0FGRf.js                                                  0.07 kB │ gzip:   0.09 kB
dist/assets/effect_n_floor-spark-eHUaDtgu.js                                                  0.07 kB │ gzip:   0.09 kB
dist/assets/effect_r_tiny-hearts-C5HP1WKt.js                                                  0.07 kB │ gzip:   0.09 kB
dist/assets/extra_soft_tentacles-BFZsg8YD.js                                                  0.07 kB │ gzip:   0.09 kB
dist/assets/extra_soft_tentacles-BlFPo9st.js                                                  0.07 kB │ gzip:   0.09 kB
dist/assets/extra_soft_tentacles-BrUUhYy-.js                                                  0.07 kB │ gzip:   0.09 kB
dist/assets/extra_soft_tentacles-BwuPv54x.js                                                  0.07 kB │ gzip:   0.09 kB
dist/assets/extra_soft_tentacles-CEM8-MVZ.js                                                  0.07 kB │ gzip:   0.09 kB
dist/assets/extra_soft_tentacles-D7hwBxiP.js                                                  0.07 kB │ gzip:   0.09 kB
dist/assets/extra_soft_tentacles-DY_PXEF_.js                                                  0.07 kB │ gzip:   0.09 kB
dist/assets/extra_soft_tentacles-DlZbj3cy.js                                                  0.07 kB │ gzip:   0.09 kB
dist/assets/extra_soft_tentacles-DmDnSoSm.js                                                  0.07 kB │ gzip:   0.09 kB
dist/assets/extra_soft_tentacles-Dr7dK1-A.js                                                  0.07 kB │ gzip:   0.09 kB
dist/assets/extra_soft_tentacles-zhsqTJb0.js                                                  0.07 kB │ gzip:   0.09 kB
dist/assets/eyes_r_mismatched-gem-BFQEFpkF.js                                                 0.07 kB │ gzip:   0.09 kB
dist/assets/eyes_sleepy_crescent-CL9M-7rl.js                                                  0.07 kB │ gzip:   0.09 kB
dist/assets/eyes_sleepy_crescent-D15-Q7d_.js                                                  0.07 kB │ gzip:   0.09 kB
dist/assets/eyes_sleepy_crescent-D8WCwRxX.js                                                  0.07 kB │ gzip:   0.09 kB
dist/assets/eyes_sleepy_crescent-DILZnSML.js                                                  0.07 kB │ gzip:   0.09 kB
dist/assets/eyes_sleepy_crescent-DZsKmV-E.js                                                  0.07 kB │ gzip:   0.09 kB
dist/assets/headShape_n_soft-brow-Cc4Bbki4.js                                                 0.07 kB │ gzip:   0.09 kB
dist/assets/headShape_n_tiny-tuft-Bo8WHvA9.js                                                 0.07 kB │ gzip:   0.09 kB
dist/assets/headShape_r_lynx-tuft-CZoKfEY8.js                                                 0.07 kB │ gzip:   0.09 kB
dist/assets/head_ears_floppy_fins-6HAkJW7i.js                                                 0.07 kB │ gzip:   0.09 kB
dist/assets/head_ears_floppy_fins-B26lMbm5.js                                                 0.07 kB │ gzip:   0.09 kB
dist/assets/head_ears_floppy_fins-Bjq5AdWn.js                                                 0.07 kB │ gzip:   0.09 kB
dist/assets/head_ears_floppy_fins-BwwQxDm4.js                                                 0.07 kB │ gzip:   0.09 kB
dist/assets/head_ears_floppy_fins-DnMSTBeL.js                                                 0.07 kB │ gzip:   0.09 kB
dist/assets/head_horns_soft_nubs-CDUtMfSH.js                                                  0.07 kB │ gzip:   0.09 kB
dist/assets/head_horns_soft_nubs-D2Gz7NAQ.js                                                  0.07 kB │ gzip:   0.09 kB
dist/assets/head_horns_soft_nubs-YGIgh9W3.js                                                  0.07 kB │ gzip:   0.09 kB
dist/assets/head_horns_soft_nubs-hXzAdgT4.js                                                  0.07 kB │ gzip:   0.09 kB
dist/assets/head_horns_soft_nubs-rMuPiAl4.js                                                  0.07 kB │ gzip:   0.09 kB
dist/assets/legs_l_comet-hindpaws-DB0Fxr9a.js                                                 0.07 kB │ gzip:   0.09 kB
dist/assets/legs_mushroom-hipLeft-BlsRmM0G.js                                                 0.07 kB │ gzip:   0.09 kB
dist/assets/legs_mushroom-hipLeft-Bpv-z9sT.js                                                 0.07 kB │ gzip:   0.09 kB
dist/assets/legs_mushroom-hipLeft-mzgJ_orv.js                                                 0.07 kB │ gzip:   0.09 kB
dist/assets/legs_webbed-hipRight-DGVUvO1l.js                                                  0.07 kB │ gzip:   0.09 kB
dist/assets/legs_webbed-hipRight-DU9fA8o9.js                                                  0.07 kB │ gzip:   0.09 kB
dist/assets/legs_webbed-hipRight-jm5u4QuK.js                                                  0.07 kB │ gzip:   0.09 kB
dist/assets/oralDetail_n_soft-gum-DM2gRJu7.js                                                 0.07 kB │ gzip:   0.09 kB
dist/assets/oralDetail_n_tiny-lip-BZgUW0Z3.js                                                 0.07 kB │ gzip:   0.09 kB
dist/assets/pattern_constellation-BsLFErmz.js                                                 0.07 kB │ gzip:   0.09 kB
dist/assets/pattern_constellation-CYHhHd0f.js                                                 0.07 kB │ gzip:   0.09 kB
dist/assets/pattern_constellation-DN9vyJge.js                                                 0.07 kB │ gzip:   0.09 kB
dist/assets/pattern_constellation-DtlqYqO0.js                                                 0.07 kB │ gzip:   0.09 kB
dist/assets/pattern_constellation-xuPmO3Py.js                                                 0.07 kB │ gzip:   0.09 kB
dist/assets/pattern_feline_spots-CXOq75oQ.js                                                  0.07 kB │ gzip:   0.09 kB
dist/assets/pattern_feline_tabby-B8cH_c_0.js                                                  0.07 kB │ gzip:   0.09 kB
dist/assets/pattern_n_back-stripe-CAGp0-9V.js                                                 0.07 kB │ gzip:   0.09 kB
dist/assets/pattern_n_soft-tabby-CIexAG4e.js                                                  0.07 kB │ gzip:   0.09 kB
dist/assets/pattern_r_leaf-stripe-aMGSqwGn.js                                                 0.07 kB │ gzip:   0.09 kB
dist/assets/tail_feline_star_tip-DB0kE3Re.js                                                  0.07 kB │ gzip:   0.09 kB
dist/assets/tail_mushroom_cluster-Bqmm455E.js                                                 0.07 kB │ gzip:   0.09 kB
dist/assets/tail_mushroom_cluster-C0oPGr64.js                                                 0.07 kB │ gzip:   0.09 kB
dist/assets/tail_mushroom_cluster-CTBWd0I3.js                                                 0.07 kB │ gzip:   0.09 kB
dist/assets/tail_mushroom_cluster-D6vRq3cj.js                                                 0.07 kB │ gzip:   0.09 kB
dist/assets/tail_mushroom_cluster-DFfofR42.js                                                 0.07 kB │ gzip:   0.09 kB
dist/assets/tail_mushroom_cluster-DmFUyiEU.js                                                 0.07 kB │ gzip:   0.09 kB
dist/assets/tail_mushroom_cluster-KBQMBCSY.js                                                 0.07 kB │ gzip:   0.09 kB
dist/assets/tail_mushroom_cluster-fSkrNxHo.js                                                 0.07 kB │ gzip:   0.09 kB
dist/assets/tail_mushroom_cluster-floating-tailRoot-KBQMBCSY.js                               0.07 kB │ gzip:   0.09 kB
dist/assets/tail_mushroom_cluster-floating-tailRoot-fSkrNxHo.js                               0.07 kB │ gzip:   0.09 kB
dist/assets/tail_n_dark-gradient-BFXzrDmK.js                                                  0.07 kB │ gzip:   0.09 kB
dist/assets/tail_n_pale-gradient-DFOQl_bb.js                                                  0.07 kB │ gzip:   0.09 kB
dist/assets/bodyFrame_n_pear-shade-DAJPdE_r.js                                                0.07 kB │ gzip:   0.09 kB
dist/assets/bodyFrame_n_soft-chest-BXpqnrJM.js                                                0.07 kB │ gzip:   0.09 kB
dist/assets/bodyFrame_n_tiny-belly-DeXQ5S8_.js                                                0.07 kB │ gzip:   0.09 kB
dist/assets/body_biped_peanut-body-BtyG-Igt.js                                                0.07 kB │ gzip:   0.09 kB
dist/assets/body_biped_peanut-body-CIoKLmZ4.js                                                0.07 kB │ gzip:   0.09 kB
dist/assets/body_biped_peanut-body-DHyGECD3.js                                                0.07 kB │ gzip:   0.09 kB
dist/assets/body_feline_sit_plush-CmamN5PA.js                                                 0.07 kB │ gzip:   0.09 kB
dist/assets/body_feline_sit_round-CnzypA_1.js                                                 0.07 kB │ gzip:   0.09 kB
dist/assets/colorScheme_n_charcoal-BcWhqWgM.js                                                0.07 kB │ gzip:   0.09 kB
dist/assets/colorScheme_n_lavender-BF1QftDx.js                                                0.07 kB │ gzip:   0.09 kB
dist/assets/color_feline_deep_sea-Do2TnGuD.js                                                 0.07 kB │ gzip:   0.09 kB
dist/assets/effect_r_firefly-drift-hB-32d7W.js                                                0.07 kB │ gzip:   0.09 kB
dist/assets/eyes_r_mismatched-gem-D60p3MYG.js                                                 0.07 kB │ gzip:   0.09 kB
dist/assets/headShape_l_moon-crown-q1nFmgOT.js                                                0.07 kB │ gzip:   0.09 kB
dist/assets/headShape_n_narrow-bib-CUSkq0FY.js                                                0.07 kB │ gzip:   0.09 kB
dist/assets/headShape_n_neat-crown-C9h8wvpS.js                                                0.07 kB │ gzip:   0.09 kB
dist/assets/headShape_n_oval-cheek-C-s7PAJl.js                                                0.07 kB │ gzip:   0.09 kB
dist/assets/headShape_n_plush-jowl-D75rh75U.js                                                0.07 kB │ gzip:   0.09 kB
dist/assets/headShape_n_soft-brow-CaC3MPnk.js                                                 0.07 kB │ gzip:   0.09 kB
dist/assets/headShape_n_tiny-tuft-JWGG6ZSy.js                                                 0.07 kB │ gzip:   0.09 kB
dist/assets/headShape_r_lynx-tuft-D5VQQbtY.js                                                 0.07 kB │ gzip:   0.09 kB
dist/assets/head_ears_floppy_fins-Bz6vGHOK.js                                                 0.07 kB │ gzip:   0.09 kB
dist/assets/head_ears_floppy_fins-DNWYHn1h.js                                                 0.07 kB │ gzip:   0.09 kB
dist/assets/head_ears_floppy_fins-DvEEDVTN.js                                                 0.07 kB │ gzip:   0.09 kB
dist/assets/head_ears_floppy_fins-Hk5NcG5C.js                                                 0.07 kB │ gzip:   0.09 kB
dist/assets/head_ears_floppy_fins-REPBXsZ8.js                                                 0.07 kB │ gzip:   0.09 kB
dist/assets/head_mushroom_cap-neck-CLKIRV6u.js                                                0.07 kB │ gzip:   0.09 kB
dist/assets/head_mushroom_cap-neck-DclFRNhj.js                                                0.07 kB │ gzip:   0.09 kB
dist/assets/legs_mushroom-hipLeft-8yG-vnzn.js                                                 0.07 kB │ gzip:   0.09 kB
dist/assets/legs_mushroom-hipLeft-Cge__c4R.js                                                 0.07 kB │ gzip:   0.09 kB
dist/assets/legs_mushroom-hipLeft-gflkKezL.js                                                 0.07 kB │ gzip:   0.09 kB
dist/assets/legs_mushroom-hipRight-Bl5T1JRZ.js                                                0.07 kB │ gzip:   0.09 kB
dist/assets/legs_mushroom-hipRight-BsJcrzM-.js                                                0.07 kB │ gzip:   0.09 kB
dist/assets/legs_mushroom-hipRight-DrEmTojY.js                                                0.07 kB │ gzip:   0.09 kB
dist/assets/mouthShape_n_calm-line-DDcWXM3V.js                                                0.07 kB │ gzip:   0.09 kB
dist/assets/mouthShape_n_curious-o-BtconEeP.js                                                0.07 kB │ gzip:   0.09 kB
dist/assets/mouthShape_n_shy-smile-BJE_RGaQ.js                                                0.07 kB │ gzip:   0.09 kB
dist/assets/mouthShape_n_soft-pout-CjudAdpK.js                                                0.07 kB │ gzip:   0.09 kB
dist/assets/mouthShape_r_moon-pout-x4ryAiBh.js                                                0.07 kB │ gzip:   0.09 kB
dist/assets/oralDetail_r_gold-fang-W5tro6cw.js                                                0.07 kB │ gzip:   0.09 kB
dist/assets/pattern_constellation-BkyKm_ZK.js                                                 0.07 kB │ gzip:   0.09 kB
dist/assets/pattern_constellation-ByUBiSJ9.js                                                 0.07 kB │ gzip:   0.09 kB
dist/assets/pattern_constellation-DAIWv249.js                                                 0.07 kB │ gzip:   0.09 kB
dist/assets/pattern_constellation-Dq6EQdGr.js                                                 0.07 kB │ gzip:   0.09 kB
dist/assets/pattern_constellation-G5R7oJpm.js                                                 0.07 kB │ gzip:   0.09 kB
dist/assets/pattern_gentle_stripes-CA-TDlcA.js                                                0.07 kB │ gzip:   0.09 kB
dist/assets/pattern_gentle_stripes-CD773d7Y.js                                                0.07 kB │ gzip:   0.09 kB
dist/assets/pattern_gentle_stripes-CGRYTjTD.js                                                0.07 kB │ gzip:   0.09 kB
dist/assets/pattern_gentle_stripes-CbORf-C7.js                                                0.07 kB │ gzip:   0.09 kB
dist/assets/pattern_gentle_stripes-Cdue2y5h.js                                                0.07 kB │ gzip:   0.09 kB
dist/assets/pattern_n_back-stripe-DHZsCAo6.js                                                 0.07 kB │ gzip:   0.09 kB
dist/assets/pattern_r_heart-dapple-Bbqlr8Wd.js                                                0.07 kB │ gzip:   0.09 kB
dist/assets/pattern_r_leaf-stripe-DzmStF1L.js                                                 0.07 kB │ gzip:   0.09 kB
dist/assets/tail_mushroom_cluster--_CCL6nj.js                                                 0.07 kB │ gzip:   0.09 kB
dist/assets/tail_mushroom_cluster-4zmW96t3.js                                                 0.07 kB │ gzip:   0.09 kB
dist/assets/tail_mushroom_cluster-Bo2ZWP9F.js                                                 0.07 kB │ gzip:   0.09 kB
dist/assets/tail_mushroom_cluster-CnDLEDZV.js                                                 0.07 kB │ gzip:   0.09 kB
dist/assets/tail_mushroom_cluster-CpekvdTz.js                                                 0.07 kB │ gzip:   0.09 kB
dist/assets/tail_mushroom_cluster-DS7SHSAt.js                                                 0.07 kB │ gzip:   0.09 kB
dist/assets/tail_mushroom_cluster-DXtuO3eS.js                                                 0.07 kB │ gzip:   0.09 kB
dist/assets/tail_mushroom_cluster-DmateBj2.js                                                 0.07 kB │ gzip:   0.09 kB
dist/assets/tail_mushroom_cluster-floating-tailRoot-4zmW96t3.js                               0.07 kB │ gzip:   0.09 kB
dist/assets/tail_mushroom_cluster-floating-tailRoot-CnDLEDZV.js                               0.07 kB │ gzip:   0.09 kB
dist/assets/bodyFrame_l_aurora-ruff-CdYS9d5R.js                                               0.07 kB │ gzip:   0.09 kB
dist/assets/bodyFrame_n_broad-chest-BFzIvVBH.js                                               0.07 kB │ gzip:   0.09 kB
dist/assets/bodyFrame_n_compact-cub-BPaUVu9r.js                                               0.07 kB │ gzip:   0.09 kB
dist/assets/bodyFrame_n_pear-shade-D5xgdikK.js                                                0.07 kB │ gzip:   0.09 kB
dist/assets/bodyFrame_n_round-belly-CdfiSqps.js                                               0.07 kB │ gzip:   0.09 kB
dist/assets/bodyFrame_n_soft-chest-DEgghbCD.js                                                0.07 kB │ gzip:   0.09 kB
dist/assets/bodyFrame_n_tiny-belly-DI8hAbkr.js                                                0.07 kB │ gzip:   0.09 kB
dist/assets/bodyFrame_r_cloud-chest-Mf0kDcT3.js                                               0.07 kB │ gzip:   0.09 kB
dist/assets/bodyFrame_r_lantern-belly-kPgBIp4C.js                                             0.07 kB │ gzip:   0.09 kB
dist/assets/bodyFrame_r_velvet-mane-kPgBIp4C.js                                               0.07 kB │ gzip:   0.09 kB
dist/assets/body_biped_peanut-body-3Ahao26K.js                                                0.07 kB │ gzip:   0.09 kB
dist/assets/body_biped_peanut-body-B_ZK8FNZ.js                                                0.07 kB │ gzip:   0.09 kB
dist/assets/body_biped_peanut-body-D4i6yCQS.js                                                0.07 kB │ gzip:   0.09 kB
dist/assets/colorScheme_n_charcoal-B_bLFRHt.js                                                0.07 kB │ gzip:   0.09 kB
dist/assets/colorScheme_n_lavender-79GhHcDW.js                                                0.07 kB │ gzip:   0.09 kB
dist/assets/effect_r_firefly-drift-Atn-oms-.js                                                0.07 kB │ gzip:   0.09 kB
dist/assets/headShape_l_moon-crown-BDqoeNy6.js                                                0.07 kB │ gzip:   0.09 kB
dist/assets/headShape_n_narrow-bib-CKqXZZpu.js                                                0.07 kB │ gzip:   0.09 kB
dist/assets/headShape_n_neat-crown-ACXGuIPp.js                                                0.07 kB │ gzip:   0.09 kB
dist/assets/headShape_n_oval-cheek-47xKsFJS.js                                                0.07 kB │ gzip:   0.09 kB
dist/assets/headShape_n_plush-jowl-ms7b2yOT.js                                                0.07 kB │ gzip:   0.09 kB
dist/assets/headShape_n_round-cheek-CPLsG0Vi.js                                               0.07 kB │ gzip:   0.09 kB
dist/assets/headShape_n_wide-muzzle-CPLsG0Vi.js                                               0.07 kB │ gzip:   0.09 kB
dist/assets/headShape_r_velvet-brow-D8FrOGX6.js                                               0.07 kB │ gzip:   0.09 kB
dist/assets/head_mushroom_cap-neck-AiKlqpGi.js                                                0.07 kB │ gzip:   0.09 kB
dist/assets/head_mushroom_cap-neck-CnRfjKhB.js                                                0.07 kB │ gzip:   0.09 kB
dist/assets/legs_mushroom-hipRight-BNoqMrl5.js                                                0.07 kB │ gzip:   0.09 kB
dist/assets/legs_mushroom-hipRight-B_GZqFtR.js                                                0.07 kB │ gzip:   0.09 kB
dist/assets/legs_mushroom-hipRight-WbCLqQZn.js                                                0.07 kB │ gzip:   0.09 kB
dist/assets/mouthShape_n_bean-smile-DLWZPRaA.js                                               0.07 kB │ gzip:   0.09 kB
dist/assets/mouthShape_n_calm-line-CMnjvZqq.js                                                0.07 kB │ gzip:   0.09 kB
dist/assets/mouthShape_n_curious-o-Te9sujyN.js                                                0.07 kB │ gzip:   0.09 kB
dist/assets/mouthShape_n_open-happy-_CWoA6K_.js                                               0.07 kB │ gzip:   0.09 kB
dist/assets/mouthShape_n_shy-smile-BMcx7J7Z.js                                                0.07 kB │ gzip:   0.09 kB
dist/assets/mouthShape_n_soft-pout-l5J0q341.js                                                0.07 kB │ gzip:   0.09 kB
dist/assets/mouthShape_n_tiny-smile-BYkVu5ka.js                                               0.07 kB │ gzip:   0.09 kB
dist/assets/mouthShape_r_fang-smile-Bxu9pSsf.js                                               0.07 kB │ gzip:   0.09 kB
dist/assets/mouthShape_r_moon-pout-BcYraFo0.js                                                0.07 kB │ gzip:   0.09 kB
dist/assets/oralDetail_n_cream-fang-B0K4rOdn.js                                               0.07 kB │ gzip:   0.09 kB
dist/assets/oralDetail_n_tiny-tooth-Ct0P2to7.js                                               0.07 kB │ gzip:   0.09 kB
dist/assets/oralDetail_n_tongue-tip-vjuq3bor.js                                               0.07 kB │ gzip:   0.09 kB
dist/assets/pattern_gentle_stripes-B8FCA8iG.js                                                0.07 kB │ gzip:   0.09 kB
dist/assets/pattern_gentle_stripes-BBZ1DWQv.js                                                0.07 kB │ gzip:   0.09 kB
dist/assets/pattern_gentle_stripes-BJjjtBVv.js                                                0.07 kB │ gzip:   0.09 kB
dist/assets/pattern_gentle_stripes-BLBQjM8x.js                                                0.07 kB │ gzip:   0.09 kB
dist/assets/pattern_gentle_stripes-iuHscejX.js                                                0.07 kB │ gzip:   0.09 kB
dist/assets/pattern_n_forehead-mark-_805P3ch.js                                               0.07 kB │ gzip:   0.09 kB
dist/assets/pattern_r_constellation-EdTSfu97.js                                               0.07 kB │ gzip:   0.09 kB
dist/assets/surface_mushroom_velvet-CbjMlXty.js                                               0.07 kB │ gzip:   0.09 kB
dist/assets/surface_mushroom_velvet-CehCDXKQ.js                                               0.07 kB │ gzip:   0.09 kB
dist/assets/surface_mushroom_velvet-D_41l_bW.js                                               0.07 kB │ gzip:   0.09 kB
dist/assets/surface_mushroom_velvet-DrVXAm4r.js                                               0.07 kB │ gzip:   0.09 kB
dist/assets/surface_mushroom_velvet-NyN5cVAK.js                                               0.07 kB │ gzip:   0.09 kB
dist/assets/bodyFrame_l_aurora-ruff-Bn6BaG0d.js                                               0.07 kB │ gzip:   0.09 kB
dist/assets/bodyFrame_n_broad-chest-BpWHRTwz.js                                               0.07 kB │ gzip:   0.09 kB
dist/assets/bodyFrame_n_compact-cub-BzD8cHeH.js                                               0.07 kB │ gzip:   0.09 kB
dist/assets/bodyFrame_n_round-belly-D1gyX04t.js                                               0.07 kB │ gzip:   0.09 kB
dist/assets/bodyFrame_r_cloud-chest-3stwuKWd.js                                               0.07 kB │ gzip:   0.09 kB
dist/assets/bodyFrame_r_heart-haunch-B4ZDn64F.js                                              0.07 kB │ gzip:   0.09 kB
dist/assets/bodyFrame_r_lantern-belly-BEVpkCTX.js                                             0.07 kB │ gzip:   0.09 kB
dist/assets/bodyFrame_r_velvet-mane-BEVpkCTX.js                                               0.07 kB │ gzip:   0.09 kB
dist/assets/colorScheme_r_ink-silver-Bu93OagH.js                                              0.07 kB │ gzip:   0.09 kB
dist/assets/colorScheme_r_mint-peach-vYUhXi2M.js                                              0.07 kB │ gzip:   0.09 kB
dist/assets/headAppendage_n_soft-bow-DdIvY3hy.js                                              0.07 kB │ gzip:   0.09 kB
dist/assets/headAppendage_n_star-pin-QzVrdEIr.js                                              0.07 kB │ gzip:   0.09 kB
dist/assets/headAppendage_r_moth-bow-CCGathIb.js                                              0.07 kB │ gzip:   0.09 kB
dist/assets/headShape_n_round-cheek-DE2Gh7zp.js                                               0.07 kB │ gzip:   0.09 kB
dist/assets/headShape_n_wide-muzzle-DE2Gh7zp.js                                               0.07 kB │ gzip:   0.09 kB
dist/assets/headShape_r_velvet-brow-fCGIQVyN.js                                               0.07 kB │ gzip:   0.09 kB
dist/assets/legs_webbed-blob-hipLeft-CIUmwnQq.js                                              0.07 kB │ gzip:   0.09 kB
dist/assets/legs_webbed-blob-hipLeft-DSOeWz2H.js                                              0.07 kB │ gzip:   0.09 kB
dist/assets/legs_webbed-blob-hipLeft-DU7QlV3e.js                                              0.07 kB │ gzip:   0.09 kB
dist/assets/mouthShape_l_prism-smile-DxZ6xePK.js                                              0.07 kB │ gzip:   0.09 kB
dist/assets/mouthShape_n_bean-smile-cjdaOSO3.js                                               0.07 kB │ gzip:   0.09 kB
dist/assets/mouthShape_n_kitten-grin-DIklgeRJ.js                                              0.07 kB │ gzip:   0.09 kB
dist/assets/mouthShape_n_open-happy-_TBo90RH.js                                               0.07 kB │ gzip:   0.09 kB
dist/assets/mouthShape_n_tiny-smile-DLCt4HP6.js                                               0.07 kB │ gzip:   0.09 kB
dist/assets/mouthShape_r_fang-smile-CoVadcqc.js                                               0.07 kB │ gzip:   0.09 kB
dist/assets/mouthShape_r_ribbon-grin-BNYLtA8b.js                                              0.07 kB │ gzip:   0.09 kB
dist/assets/oralDetail_n_dark-tongue-DFqzL8i0.js                                              0.07 kB │ gzip:   0.09 kB
dist/assets/oralDetail_n_pink-tongue-DwEAVLoC.js                                              0.07 kB │ gzip:   0.09 kB
dist/assets/oralDetail_n_tongue-tip-HFnqDnTo.js                                               0.07 kB │ gzip:   0.09 kB
dist/assets/oralDetail_r_pearl-tooth-CA8ekvBG.js                                              0.07 kB │ gzip:   0.09 kB
dist/assets/surfaceMaterial_n_fleece-vqG7V-9E.js                                              0.07 kB │ gzip:   0.09 kB
dist/assets/surfaceMaterial_n_velvet-CmZ_HM5R.js                                              0.07 kB │ gzip:   0.09 kB
dist/assets/surface_feline_moss_back-Ddit5DVD.js                                              0.07 kB │ gzip:   0.09 kB
dist/assets/surface_feline_short_fur-BvtZS0Tk.js                                              0.07 kB │ gzip:   0.09 kB
dist/assets/surface_mushroom_velvet-B9G4rPOM.js                                               0.07 kB │ gzip:   0.09 kB
dist/assets/surface_mushroom_velvet-BKFMMLU8.js                                               0.07 kB │ gzip:   0.09 kB
dist/assets/surface_mushroom_velvet-mHCuBKtr.js                                               0.07 kB │ gzip:   0.09 kB
dist/assets/surface_mushroom_velvet-txkKdcSF.js                                               0.07 kB │ gzip:   0.09 kB
dist/assets/surface_mushroom_velvet-zgvJMyjK.js                                               0.07 kB │ gzip:   0.09 kB
dist/assets/arms_l_starlight-forepaws-CIfHsw4R.js                                             0.07 kB │ gzip:   0.09 kB
dist/assets/bodyFrame_r_heart-haunch-BvAqADuJ.js                                              0.07 kB │ gzip:   0.09 kB
dist/assets/colorScheme_r_ink-silver-gFgkGP21.js                                              0.07 kB │ gzip:   0.09 kB
dist/assets/colorScheme_r_mint-peach-Bo7U6EOs.js                                              0.07 kB │ gzip:   0.09 kB
dist/assets/extraAppendage_l_halo-arc-Ctk2mvLC.js                                             0.07 kB │ gzip:   0.09 kB
dist/assets/headAppendage_n_inner-ear-DgJ8AR_n.js                                             0.07 kB │ gzip:   0.09 kB
dist/assets/headAppendage_n_leaf-clip-LC_BCrjE.js                                             0.07 kB │ gzip:   0.09 kB
dist/assets/headAppendage_n_soft-bow-CWhfYlbI.js                                              0.07 kB │ gzip:   0.09 kB
dist/assets/headAppendage_n_star-pin-BVQz7h-C.js                                              0.07 kB │ gzip:   0.09 kB
dist/assets/headAppendage_n_tiny-clip-Cu_oOhWb.js                                             0.07 kB │ gzip:   0.09 kB
dist/assets/headAppendage_r_moon-clip-C0F4tXPj.js                                             0.07 kB │ gzip:   0.09 kB
dist/assets/headAppendage_r_moth-bow-DcO6Wh3J.js                                              0.07 kB │ gzip:   0.09 kB
dist/assets/legs_webbed-blob-hipLeft-Bz1hLFDQ.js                                              0.07 kB │ gzip:   0.09 kB
dist/assets/legs_webbed-blob-hipLeft-DdwmLUrF.js                                              0.07 kB │ gzip:   0.09 kB
dist/assets/legs_webbed-blob-hipLeft-aQS1YAuu.js                                              0.07 kB │ gzip:   0.09 kB
dist/assets/legs_webbed-blob-hipRight-BNFQnnHw.js                                             0.07 kB │ gzip:   0.09 kB
dist/assets/legs_webbed-blob-hipRight-B_eRNRFD.js                                             0.07 kB │ gzip:   0.09 kB
dist/assets/legs_webbed-blob-hipRight-C4AXkkgh.js                                             0.07 kB │ gzip:   0.09 kB
dist/assets/mouthShape_l_prism-smile-DQqQIfkb.js                                              0.07 kB │ gzip:   0.09 kB
dist/assets/mouthShape_n_kitten-grin-CNw2Bmh6.js                                              0.07 kB │ gzip:   0.09 kB
dist/assets/mouthShape_r_heart-muzzle-DUXJtX5t.js                                             0.07 kB │ gzip:   0.09 kB
dist/assets/mouthShape_r_ribbon-grin-Cq1uMjS0.js                                              0.07 kB │ gzip:   0.09 kB
dist/assets/oralDetail_n_dark-tongue-7czGI-G5.js                                              0.07 kB │ gzip:   0.09 kB
dist/assets/oralDetail_n_double-tooth-CoLT3dZs.js                                             0.07 kB │ gzip:   0.09 kB
dist/assets/oralDetail_n_pink-tongue-B6Abm_Ty.js                                              0.07 kB │ gzip:   0.09 kB
dist/assets/oralDetail_r_berry-tongue-BYff3-Ir.js                                             0.07 kB │ gzip:   0.09 kB
dist/assets/surfaceMaterial_n_fleece-DopDrCUF.js                                              0.07 kB │ gzip:   0.09 kB
dist/assets/surfaceMaterial_n_velvet-cO9jfC09.js                                              0.07 kB │ gzip:   0.09 kB
dist/assets/surface_feline_moss_back-D8n9AAhI.js                                              0.07 kB │ gzip:   0.09 kB
dist/assets/surface_feline_short_fur-B5JGM_T9.js                                              0.07 kB │ gzip:   0.09 kB
dist/assets/arms_l_starlight-forepaws-DAiItBtg.js                                             0.07 kB │ gzip:   0.09 kB
dist/assets/color_feline_fungal-accent-DzThdABe.js                                            0.07 kB │ gzip:   0.09 kB
dist/assets/color_feline_shadow-accent-CDmUPXNF.js                                            0.07 kB │ gzip:   0.09 kB
dist/assets/effect_bioluminescent_orbs-Ccs-9pjD.js                                            0.07 kB │ gzip:   0.09 kB
dist/assets/effect_bioluminescent_orbs-CdmT48zm.js                                            0.07 kB │ gzip:   0.09 kB
dist/assets/effect_bioluminescent_orbs-DYo_ykAt.js                                            0.07 kB │ gzip:   0.09 kB
dist/assets/effect_bioluminescent_orbs-eCG0upMu.js                                            0.07 kB │ gzip:   0.09 kB
dist/assets/effect_bioluminescent_orbs-lKus3V64.js                                            0.07 kB │ gzip:   0.09 kB
dist/assets/effect_l_orbiting-stardust-CPa-GUlC.js                                            0.07 kB │ gzip:   0.09 kB
dist/assets/extraAppendage_l_halo-arc-mc2quzXy.js                                             0.07 kB │ gzip:   0.09 kB
dist/assets/extraAppendage_n_back-star-BwKVgLws.js                                            0.07 kB │ gzip:   0.09 kB
dist/assets/extraAppendage_n_mini-leaf-CxpRrdrO.js                                            0.07 kB │ gzip:   0.09 kB
dist/assets/extraAppendage_n_small-bow-C0lMNukB.js                                            0.07 kB │ gzip:   0.09 kB
dist/assets/extraAppendage_n_tiny-bell-CRGIKo0Z.js                                            0.07 kB │ gzip:   0.09 kB
dist/assets/extraAppendage_r_moon-bell-_W195OKF.js                                            0.07 kB │ gzip:   0.09 kB
dist/assets/headAppendage_n_ear-button-B7c5Flx5.js                                            0.07 kB │ gzip:   0.09 kB
dist/assets/headAppendage_n_inner-ear-CiVzkxn9.js                                             0.07 kB │ gzip:   0.09 kB
dist/assets/headAppendage_n_leaf-clip-CnnUT57j.js                                             0.07 kB │ gzip:   0.09 kB
dist/assets/headAppendage_n_tiny-clip-C159s_wE.js                                             0.07 kB │ gzip:   0.09 kB
dist/assets/headAppendage_r_moon-clip-XzU4DMv5.js                                             0.07 kB │ gzip:   0.09 kB
dist/assets/headAppendage_r_sprout-ear-mhERcs6W.js                                            0.07 kB │ gzip:   0.09 kB
dist/assets/headShape_r_crescent-cheek-DUJjgtIc.js                                            0.07 kB │ gzip:   0.09 kB
dist/assets/legs_mushroom-blob-hipLeft-CkOyNTGY.js                                            0.07 kB │ gzip:   0.09 kB
dist/assets/legs_mushroom-blob-hipLeft-DkSIf863.js                                            0.07 kB │ gzip:   0.09 kB
dist/assets/legs_mushroom-blob-hipLeft-DuulJd-2.js                                            0.07 kB │ gzip:   0.09 kB
dist/assets/legs_webbed-blob-hipRight-BLWJDCE7.js                                             0.07 kB │ gzip:   0.09 kB
dist/assets/legs_webbed-blob-hipRight-CyeDLoS7.js                                             0.07 kB │ gzip:   0.09 kB
dist/assets/legs_webbed-blob-hipRight-DmHqe74z.js                                             0.07 kB │ gzip:   0.09 kB
dist/assets/mouthShape_r_heart-muzzle-DsEuWgxm.js                                             0.07 kB │ gzip:   0.09 kB
dist/assets/oralDetail_l_galaxy-tongue-DQyqAFJw.js                                            0.07 kB │ gzip:   0.09 kB
dist/assets/oralDetail_r_berry-tongue-pjKNvHRj.js                                             0.07 kB │ gzip:   0.09 kB
dist/assets/body_blob_round-neck-background-BL1LJdla.js                                       0.07 kB │ gzip:   0.09 kB
dist/assets/body_blob_round-neck-background-BLvWigXX.js                                       0.07 kB │ gzip:   0.09 kB
dist/assets/body_blob_round-neck-background-D7_DVa7q.js                                       0.07 kB │ gzip:   0.09 kB
dist/assets/body_blob_round-neck-contour-BL1LJdla.js                                          0.07 kB │ gzip:   0.09 kB
dist/assets/body_blob_round-neck-contour-BLvWigXX.js                                          0.07 kB │ gzip:   0.09 kB
dist/assets/body_blob_round-neck-contour-D7_DVa7q.js                                          0.07 kB │ gzip:   0.09 kB
dist/assets/body_blob_round-neck-foreground-BL1LJdla.js                                       0.07 kB │ gzip:   0.09 kB
dist/assets/body_blob_round-neck-foreground-BLvWigXX.js                                       0.07 kB │ gzip:   0.09 kB
dist/assets/body_blob_round-neck-foreground-D7_DVa7q.js                                       0.07 kB │ gzip:   0.09 kB
dist/assets/body_blob_wide-neck-background-BL1LJdla.js                                        0.07 kB │ gzip:   0.09 kB
dist/assets/body_blob_wide-neck-background-BLvWigXX.js                                        0.07 kB │ gzip:   0.09 kB
dist/assets/body_blob_wide-neck-background-D7_DVa7q.js                                        0.07 kB │ gzip:   0.09 kB
dist/assets/body_blob_wide-neck-contour-BL1LJdla.js                                           0.07 kB │ gzip:   0.09 kB
dist/assets/body_blob_wide-neck-contour-BLvWigXX.js                                           0.07 kB │ gzip:   0.09 kB
dist/assets/body_blob_wide-neck-contour-D7_DVa7q.js                                           0.07 kB │ gzip:   0.09 kB
dist/assets/body_blob_wide-neck-foreground-BL1LJdla.js                                        0.07 kB │ gzip:   0.09 kB
dist/assets/body_blob_wide-neck-foreground-BLvWigXX.js                                        0.07 kB │ gzip:   0.09 kB
dist/assets/body_blob_wide-neck-foreground-D7_DVa7q.js                                        0.07 kB │ gzip:   0.09 kB
dist/assets/colorScheme_r_apricot-cream-BtJAP_Q6.js                                           0.07 kB │ gzip:   0.09 kB
dist/assets/color_feline_fungal-primary-CMFwsT9H.js                                           0.07 kB │ gzip:   0.09 kB
dist/assets/color_feline_shadow-primary-DYGY8If_.js                                           0.07 kB │ gzip:   0.09 kB
dist/assets/effect_bioluminescent_orbs-BBs-m4YD.js                                            0.07 kB │ gzip:   0.09 kB
dist/assets/effect_bioluminescent_orbs-BNLCY0sY.js                                            0.07 kB │ gzip:   0.09 kB
dist/assets/effect_bioluminescent_orbs-DT0JFjci.js                                            0.07 kB │ gzip:   0.09 kB
dist/assets/effect_bioluminescent_orbs-HxYH2vqe.js                                            0.07 kB │ gzip:   0.09 kB
dist/assets/effect_bioluminescent_orbs-sc_KEi4n.js                                            0.07 kB │ gzip:   0.09 kB
dist/assets/effect_l_orbiting-stardust-8V_tb1Qg.js                                            0.07 kB │ gzip:   0.09 kB
dist/assets/extraAppendage_n_back-star-CG5nyBw2.js                                            0.07 kB │ gzip:   0.09 kB
dist/assets/extraAppendage_n_mini-leaf-ChjA2HVA.js                                            0.07 kB │ gzip:   0.09 kB
dist/assets/extraAppendage_n_small-bow-Cv-_5pGp.js                                            0.07 kB │ gzip:   0.09 kB
dist/assets/extraAppendage_n_tiny-bell-CAMEvakp.js                                            0.07 kB │ gzip:   0.09 kB
dist/assets/extraAppendage_r_moon-bell-Co4WHaA4.js                                            0.07 kB │ gzip:   0.09 kB
dist/assets/headAppendage_n_ear-button-NyKxihxm.js                                            0.07 kB │ gzip:   0.09 kB
dist/assets/headAppendage_n_felt-flower-CWdzg4gE.js                                           0.07 kB │ gzip:   0.09 kB
dist/assets/headAppendage_n_ribbon-knot-CIC41O8A.js                                           0.07 kB │ gzip:   0.09 kB
dist/assets/headAppendage_r_crystal-rim-C3nyVTn0.js                                           0.07 kB │ gzip:   0.09 kB
dist/assets/headAppendage_r_sprout-ear-BjfldhJ3.js                                            0.07 kB │ gzip:   0.09 kB
dist/assets/headShape_r_crescent-cheek-CXe1I12x.js                                            0.07 kB │ gzip:   0.09 kB
dist/assets/legs_mushroom-blob-hipLeft-DBeyTqGs.js                                            0.07 kB │ gzip:   0.09 kB
dist/assets/legs_mushroom-blob-hipLeft-DkFuBMCp.js                                            0.07 kB │ gzip:   0.09 kB
dist/assets/legs_mushroom-blob-hipLeft-HwCRlh5H.js                                            0.07 kB │ gzip:   0.09 kB
dist/assets/legs_mushroom-blob-hipRight-B89qGJMk.js                                           0.07 kB │ gzip:   0.09 kB
dist/assets/legs_mushroom-blob-hipRight-DfpFlZt0.js                                           0.07 kB │ gzip:   0.09 kB
dist/assets/legs_mushroom-blob-hipRight-k2cb929e.js                                           0.07 kB │ gzip:   0.09 kB
dist/assets/legs_mushroom-hipLeft-contour-0y6Fra9s.js                                         0.07 kB │ gzip:   0.09 kB
dist/assets/legs_mushroom-hipLeft-contour-BnapQ3H5.js                                         0.07 kB │ gzip:   0.09 kB
dist/assets/legs_mushroom-hipLeft-contour-CHAExZQF.js                                         0.07 kB │ gzip:   0.09 kB
dist/assets/legs_mushroom-hipLeft-contour-Cvyvv_Qz.js                                         0.07 kB │ gzip:   0.09 kB
dist/assets/legs_mushroom-hipLeft-contour-D99ElVD3.js                                         0.07 kB │ gzip:   0.09 kB
dist/assets/legs_mushroom-hipLeft-contour-Uq8KnIZ2.js                                         0.07 kB │ gzip:   0.09 kB
dist/assets/legs_shadow_tiptoe-hipLeft-contour-0y6Fra9s.js                                    0.07 kB │ gzip:   0.09 kB
dist/assets/legs_shadow_tiptoe-hipLeft-contour-BnapQ3H5.js                                    0.07 kB │ gzip:   0.09 kB
dist/assets/legs_shadow_tiptoe-hipLeft-contour-CHAExZQF.js                                    0.07 kB │ gzip:   0.09 kB
dist/assets/legs_shadow_tiptoe-hipLeft-contour-Cvyvv_Qz.js                                    0.07 kB │ gzip:   0.09 kB
dist/assets/legs_shadow_tiptoe-hipLeft-contour-D99ElVD3.js                                    0.07 kB │ gzip:   0.09 kB
dist/assets/legs_shadow_tiptoe-hipLeft-contour-Uq8KnIZ2.js                                    0.07 kB │ gzip:   0.09 kB
dist/assets/legs_stub_feet-blob-hipLeft-BXGsGTPk.js                                           0.07 kB │ gzip:   0.09 kB
dist/assets/legs_stub_feet-blob-hipLeft-DsILHVp4.js                                           0.07 kB │ gzip:   0.09 kB
dist/assets/legs_stub_feet-blob-hipLeft-RoqVPQiL.js                                           0.07 kB │ gzip:   0.09 kB
dist/assets/legs_stub_feet-hipLeft-contour-0y6Fra9s.js                                        0.07 kB │ gzip:   0.09 kB
dist/assets/legs_stub_feet-hipLeft-contour-BnapQ3H5.js                                        0.07 kB │ gzip:   0.09 kB
dist/assets/legs_stub_feet-hipLeft-contour-CHAExZQF.js                                        0.07 kB │ gzip:   0.09 kB
dist/assets/legs_stub_feet-hipLeft-contour-Cvyvv_Qz.js                                        0.07 kB │ gzip:   0.09 kB
dist/assets/legs_stub_feet-hipLeft-contour-D99ElVD3.js                                        0.07 kB │ gzip:   0.09 kB
dist/assets/legs_stub_feet-hipLeft-contour-Uq8KnIZ2.js                                        0.07 kB │ gzip:   0.09 kB
dist/assets/legs_webbed-hipLeft-background-BWiRX_t2.js                                        0.07 kB │ gzip:   0.09 kB
dist/assets/legs_webbed-hipLeft-background-C-I9vaNv.js                                        0.07 kB │ gzip:   0.09 kB
dist/assets/legs_webbed-hipLeft-background-n3emn19j.js                                        0.07 kB │ gzip:   0.09 kB
dist/assets/legs_webbed-hipLeft-contour-0y6Fra9s.js                                           0.07 kB │ gzip:   0.09 kB
dist/assets/legs_webbed-hipLeft-contour-BWiRX_t2.js                                           0.07 kB │ gzip:   0.09 kB
dist/assets/legs_webbed-hipLeft-contour-BnapQ3H5.js                                           0.07 kB │ gzip:   0.09 kB
dist/assets/legs_webbed-hipLeft-contour-C-I9vaNv.js                                           0.07 kB │ gzip:   0.09 kB
dist/assets/legs_webbed-hipLeft-contour-CHAExZQF.js                                           0.07 kB │ gzip:   0.09 kB
dist/assets/legs_webbed-hipLeft-contour-Cvyvv_Qz.js                                           0.07 kB │ gzip:   0.09 kB
dist/assets/legs_webbed-hipLeft-contour-D99ElVD3.js                                           0.07 kB │ gzip:   0.09 kB
dist/assets/legs_webbed-hipLeft-contour-Uq8KnIZ2.js                                           0.07 kB │ gzip:   0.09 kB
dist/assets/legs_webbed-hipLeft-contour-n3emn19j.js                                           0.07 kB │ gzip:   0.09 kB
dist/assets/legs_webbed-hipLeft-foreground-BWiRX_t2.js                                        0.07 kB │ gzip:   0.09 kB
dist/assets/legs_webbed-hipLeft-foreground-C-I9vaNv.js                                        0.07 kB │ gzip:   0.09 kB
dist/assets/legs_webbed-hipLeft-foreground-n3emn19j.js                                        0.07 kB │ gzip:   0.09 kB
dist/assets/oralDetail_l_galaxy-tongue-DqxP8W3f.js                                            0.07 kB │ gzip:   0.09 kB
dist/assets/surfaceMaterial_l_opal-coat-Cgb1unNH.js                                           0.07 kB │ gzip:   0.09 kB
dist/assets/surfaceMaterial_n_wool-soft-DCN72dJ-.js                                           0.07 kB │ gzip:   0.09 kB
dist/assets/tail_cat_long-blob-tailRoot--HpT-UJ6.js                                           0.07 kB │ gzip:   0.09 kB
dist/assets/tail_dog_long-blob-tailRoot-vheG8FiW.js                                           0.07 kB │ gzip:   0.09 kB
dist/assets/tail_fish_fan-blob-tailRoot-CSCdp3PO.js                                           0.07 kB │ gzip:   0.09 kB
dist/assets/tail_fish_fan-blob-tailRoot-nSkvH3fr.js                                           0.07 kB │ gzip:   0.09 kB
dist/assets/body_biped_tall-neck-background-0rfUVpLA.js                                       0.07 kB │ gzip:   0.09 kB
dist/assets/body_biped_tall-neck-background-2zTFDCgT.js                                       0.07 kB │ gzip:   0.09 kB
dist/assets/body_biped_tall-neck-background-B4bozzgR.js                                       0.07 kB │ gzip:   0.09 kB
dist/assets/body_biped_tall-neck-background-Cu7VmSyQ.js                                       0.07 kB │ gzip:   0.09 kB
dist/assets/body_biped_tall-neck-background-D01D7g-1.js                                       0.07 kB │ gzip:   0.09 kB
dist/assets/body_biped_tall-neck-contour-0rfUVpLA.js                                          0.07 kB │ gzip:   0.09 kB
dist/assets/body_biped_tall-neck-contour-2zTFDCgT.js                                          0.07 kB │ gzip:   0.09 kB
dist/assets/body_biped_tall-neck-contour-B4bozzgR.js                                          0.07 kB │ gzip:   0.09 kB
dist/assets/body_biped_tall-neck-contour-Cu7VmSyQ.js                                          0.07 kB │ gzip:   0.09 kB
dist/assets/body_biped_tall-neck-contour-D01D7g-1.js                                          0.07 kB │ gzip:   0.09 kB
dist/assets/body_biped_tall-neck-foreground-0rfUVpLA.js                                       0.07 kB │ gzip:   0.09 kB
dist/assets/body_biped_tall-neck-foreground-2zTFDCgT.js                                       0.07 kB │ gzip:   0.09 kB
dist/assets/body_biped_tall-neck-foreground-B4bozzgR.js                                       0.07 kB │ gzip:   0.09 kB
dist/assets/body_biped_tall-neck-foreground-Cu7VmSyQ.js                                       0.07 kB │ gzip:   0.09 kB
dist/assets/body_biped_tall-neck-foreground-D01D7g-1.js                                       0.07 kB │ gzip:   0.09 kB
dist/assets/colorScheme_r_apricot-cream-DHcleaZN.js                                           0.07 kB │ gzip:   0.09 kB
dist/assets/colorScheme_r_lavender-cocoa-D5lDYTAX.js                                          0.07 kB │ gzip:   0.09 kB
dist/assets/color_feline_deep_sea-accent-CslGCcFX.js                                          0.07 kB │ gzip:   0.09 kB
dist/assets/extraAppendage_n_back-button-9U9U8UB4.js                                          0.07 kB │ gzip:   0.09 kB
dist/assets/extraAppendage_n_collar-bead-BSle_twk.js                                          0.07 kB │ gzip:   0.09 kB
dist/assets/extraAppendage_n_plush-charm-CtZAed5Z.js                                          0.07 kB │ gzip:   0.09 kB
dist/assets/extraAppendage_n_soft-ribbon-Bx3Bleiu.js                                          0.07 kB │ gzip:   0.09 kB
dist/assets/extraAppendage_r_cheek-plume-D_ccVkk3.js                                          0.07 kB │ gzip:   0.09 kB
dist/assets/extraAppendage_r_whisker-fan-B25TA6O5.js                                          0.07 kB │ gzip:   0.09 kB
dist/assets/headAppendage_n_felt-flower-BmbF-gO3.js                                           0.07 kB │ gzip:   0.09 kB
dist/assets/headAppendage_n_ribbon-knot-BuD64AOZ.js                                           0.07 kB │ gzip:   0.09 kB
dist/assets/headAppendage_r_crystal-rim-CPEQTCGm.js                                           0.07 kB │ gzip:   0.09 kB
dist/assets/headShape_r_folded-ear-fluff-Bjnyyvwx.js                                          0.07 kB │ gzip:   0.09 kB
dist/assets/head_angler_bulb-neck-contour-5XgS__KU.js                                         0.07 kB │ gzip:   0.09 kB
dist/assets/head_angler_bulb-neck-contour-BCc9ekVa.js                                         0.07 kB │ gzip:   0.09 kB
dist/assets/head_angler_bulb-neck-contour-BimnkTQH.js                                         0.07 kB │ gzip:   0.09 kB
dist/assets/head_angler_bulb-neck-contour-BzteRsLp.js                                         0.07 kB │ gzip:   0.09 kB
dist/assets/head_angler_bulb-neck-contour-CBmDK00J.js                                         0.07 kB │ gzip:   0.09 kB
dist/assets/head_angler_bulb-neck-contour-CbGwtNts.js                                         0.07 kB │ gzip:   0.09 kB
dist/assets/head_angler_bulb-neck-contour-D0pYfXUN.js                                         0.07 kB │ gzip:   0.09 kB
dist/assets/head_angler_bulb-neck-contour-Y_qRPlSa.js                                         0.07 kB │ gzip:   0.09 kB
dist/assets/head_angler_bulb-neck-contour-d_nNw0w8.js                                         0.07 kB │ gzip:   0.09 kB
dist/assets/head_mushroom_cap-neck-contour-5XgS__KU.js                                        0.07 kB │ gzip:   0.09 kB
dist/assets/head_mushroom_cap-neck-contour-BCc9ekVa.js                                        0.07 kB │ gzip:   0.09 kB
dist/assets/head_mushroom_cap-neck-contour-BzteRsLp.js                                        0.07 kB │ gzip:   0.09 kB
dist/assets/head_mushroom_cap-neck-contour-CBmDK00J.js                                        0.07 kB │ gzip:   0.09 kB
dist/assets/head_mushroom_cap-neck-contour-CbGwtNts.js                                        0.07 kB │ gzip:   0.09 kB
dist/assets/head_mushroom_cap-neck-contour-Y_qRPlSa.js                                        0.07 kB │ gzip:   0.09 kB
dist/assets/head_round_dome-neck-contour-5XgS__KU.js                                          0.07 kB │ gzip:   0.09 kB
dist/assets/head_round_dome-neck-contour-BCc9ekVa.js                                          0.07 kB │ gzip:   0.09 kB
dist/assets/head_round_dome-neck-contour-BimnkTQH.js                                          0.07 kB │ gzip:   0.09 kB
dist/assets/head_round_dome-neck-contour-BzteRsLp.js                                          0.07 kB │ gzip:   0.09 kB
dist/assets/head_round_dome-neck-contour-CBmDK00J.js                                          0.07 kB │ gzip:   0.09 kB
dist/assets/head_round_dome-neck-contour-CbGwtNts.js                                          0.07 kB │ gzip:   0.09 kB
dist/assets/head_round_dome-neck-contour-D0pYfXUN.js                                          0.07 kB │ gzip:   0.09 kB
dist/assets/head_round_dome-neck-contour-Y_qRPlSa.js                                          0.07 kB │ gzip:   0.09 kB
dist/assets/head_round_dome-neck-contour-d_nNw0w8.js                                          0.07 kB │ gzip:   0.09 kB
dist/assets/head_shadow_hood-neck-contour-5XgS__KU.js                                         0.07 kB │ gzip:   0.09 kB
dist/assets/head_shadow_hood-neck-contour-BCc9ekVa.js                                         0.07 kB │ gzip:   0.09 kB
dist/assets/head_shadow_hood-neck-contour-BimnkTQH.js                                         0.07 kB │ gzip:   0.09 kB
dist/assets/head_shadow_hood-neck-contour-BzteRsLp.js                                         0.07 kB │ gzip:   0.09 kB
dist/assets/head_shadow_hood-neck-contour-CBmDK00J.js                                         0.07 kB │ gzip:   0.09 kB
dist/assets/head_shadow_hood-neck-contour-CbGwtNts.js                                         0.07 kB │ gzip:   0.09 kB
dist/assets/head_shadow_hood-neck-contour-D0pYfXUN.js                                         0.07 kB │ gzip:   0.09 kB
dist/assets/head_shadow_hood-neck-contour-Y_qRPlSa.js                                         0.07 kB │ gzip:   0.09 kB
dist/assets/head_shadow_hood-neck-contour-d_nNw0w8.js                                         0.07 kB │ gzip:   0.09 kB
dist/assets/legs_mushroom-blob-hipRight-Cbx3bApo.js                                           0.07 kB │ gzip:   0.09 kB
dist/assets/legs_mushroom-blob-hipRight-DKLgN_qk.js                                           0.07 kB │ gzip:   0.09 kB
dist/assets/legs_mushroom-blob-hipRight-NzPSuBv8.js                                           0.07 kB │ gzip:   0.09 kB
dist/assets/legs_mushroom-hipRight-contour-BxfO9qe6.js                                        0.07 kB │ gzip:   0.09 kB
dist/assets/legs_mushroom-hipRight-contour-C7NSUFzj.js                                        0.07 kB │ gzip:   0.09 kB
dist/assets/legs_mushroom-hipRight-contour-CbmXFAy3.js                                        0.07 kB │ gzip:   0.09 kB
dist/assets/legs_mushroom-hipRight-contour-ClX4Ubz3.js                                        0.07 kB │ gzip:   0.09 kB
dist/assets/legs_mushroom-hipRight-contour-D6dByh2G.js                                        0.07 kB │ gzip:   0.09 kB
dist/assets/legs_mushroom-hipRight-contour-DC9C04Ud.js                                        0.07 kB │ gzip:   0.09 kB
dist/assets/legs_shadow_tiptoe-hipRight-contour-BxfO9qe6.js                                   0.07 kB │ gzip:   0.09 kB
dist/assets/legs_shadow_tiptoe-hipRight-contour-C7NSUFzj.js                                   0.07 kB │ gzip:   0.09 kB
dist/assets/legs_shadow_tiptoe-hipRight-contour-CbmXFAy3.js                                   0.07 kB │ gzip:   0.09 kB
dist/assets/legs_shadow_tiptoe-hipRight-contour-ClX4Ubz3.js                                   0.07 kB │ gzip:   0.09 kB
dist/assets/legs_shadow_tiptoe-hipRight-contour-D6dByh2G.js                                   0.07 kB │ gzip:   0.09 kB
dist/assets/legs_shadow_tiptoe-hipRight-contour-DC9C04Ud.js                                   0.07 kB │ gzip:   0.09 kB
dist/assets/legs_stub_feet-biped-hipLeft-BNOdVPLW.js                                          0.07 kB │ gzip:   0.09 kB
dist/assets/legs_stub_feet-biped-hipLeft-BlKuJ_fR.js                                          0.07 kB │ gzip:   0.09 kB
dist/assets/legs_stub_feet-biped-hipLeft-DApXw1UN.js                                          0.07 kB │ gzip:   0.09 kB
dist/assets/legs_stub_feet-blob-hipLeft-C0I4G_ZA.js                                           0.07 kB │ gzip:   0.09 kB
dist/assets/legs_stub_feet-blob-hipLeft-Ctuo87jJ.js                                           0.07 kB │ gzip:   0.09 kB
dist/assets/legs_stub_feet-blob-hipLeft-FSlwZ-AZ.js                                           0.07 kB │ gzip:   0.09 kB
dist/assets/legs_stub_feet-blob-hipRight-BHT-ouWD.js                                          0.07 kB │ gzip:   0.09 kB
dist/assets/legs_stub_feet-blob-hipRight-CJglir76.js                                          0.07 kB │ gzip:   0.09 kB
dist/assets/legs_stub_feet-blob-hipRight-Cai60ZYB.js                                          0.07 kB │ gzip:   0.09 kB
dist/assets/legs_stub_feet-hipRight-contour-BxfO9qe6.js                                       0.07 kB │ gzip:   0.09 kB
dist/assets/legs_stub_feet-hipRight-contour-C7NSUFzj.js                                       0.07 kB │ gzip:   0.09 kB
dist/assets/legs_stub_feet-hipRight-contour-CbmXFAy3.js                                       0.07 kB │ gzip:   0.09 kB
dist/assets/legs_stub_feet-hipRight-contour-ClX4Ubz3.js                                       0.07 kB │ gzip:   0.09 kB
dist/assets/legs_stub_feet-hipRight-contour-D6dByh2G.js                                       0.07 kB │ gzip:   0.09 kB
dist/assets/legs_stub_feet-hipRight-contour-DC9C04Ud.js                                       0.07 kB │ gzip:   0.09 kB
dist/assets/legs_webbed-floating-hipLeft-4caf2Na9.js                                          0.07 kB │ gzip:   0.09 kB
dist/assets/legs_webbed-floating-hipLeft-B2g8K3FR.js                                          0.07 kB │ gzip:   0.09 kB
dist/assets/legs_webbed-floating-hipLeft-Bf1FgLnk.js                                          0.07 kB │ gzip:   0.09 kB
dist/assets/legs_webbed-hipRight-background-CNH_XII_.js                                       0.07 kB │ gzip:   0.09 kB
dist/assets/legs_webbed-hipRight-background-DaRG_77W.js                                       0.07 kB │ gzip:   0.09 kB
dist/assets/legs_webbed-hipRight-background-XpxFhPFt.js                                       0.07 kB │ gzip:   0.09 kB
dist/assets/legs_webbed-hipRight-contour-BxfO9qe6.js                                          0.07 kB │ gzip:   0.09 kB
dist/assets/legs_webbed-hipRight-contour-C7NSUFzj.js                                          0.07 kB │ gzip:   0.09 kB
dist/assets/legs_webbed-hipRight-contour-CNH_XII_.js                                          0.07 kB │ gzip:   0.09 kB
dist/assets/legs_webbed-hipRight-contour-CbmXFAy3.js                                          0.07 kB │ gzip:   0.09 kB
dist/assets/legs_webbed-hipRight-contour-ClX4Ubz3.js                                          0.07 kB │ gzip:   0.09 kB
dist/assets/legs_webbed-hipRight-contour-D6dByh2G.js                                          0.07 kB │ gzip:   0.09 kB
dist/assets/legs_webbed-hipRight-contour-DC9C04Ud.js                                          0.07 kB │ gzip:   0.09 kB
dist/assets/legs_webbed-hipRight-contour-DaRG_77W.js                                          0.07 kB │ gzip:   0.09 kB
dist/assets/legs_webbed-hipRight-contour-XpxFhPFt.js                                          0.07 kB │ gzip:   0.09 kB
dist/assets/legs_webbed-hipRight-foreground-CNH_XII_.js                                       0.07 kB │ gzip:   0.09 kB
dist/assets/legs_webbed-hipRight-foreground-DaRG_77W.js                                       0.07 kB │ gzip:   0.09 kB
dist/assets/legs_webbed-hipRight-foreground-XpxFhPFt.js                                       0.07 kB │ gzip:   0.09 kB
dist/assets/surfaceMaterial_l_opal-coat-D0h6BQ2P.js                                           0.07 kB │ gzip:   0.09 kB
dist/assets/surfaceMaterial_n_cloud-soft-lPaxFxIQ.js                                          0.07 kB │ gzip:   0.09 kB
dist/assets/surfaceMaterial_n_long-plush-DCJA2E4q.js                                          0.07 kB │ gzip:   0.09 kB
dist/assets/surfaceMaterial_n_satin-soft-CesgbTkM.js                                          0.07 kB │ gzip:   0.09 kB
dist/assets/surfaceMaterial_n_suede-soft-BJKCGitE.js                                          0.07 kB │ gzip:   0.09 kB
dist/assets/surfaceMaterial_n_wool-soft-Chddtty7.js                                           0.07 kB │ gzip:   0.09 kB
dist/assets/tail_cat_long-biped-tailRoot-hEsv2pRc.js                                          0.07 kB │ gzip:   0.09 kB
dist/assets/tail_cat_long-blob-tailRoot-DhVpxIAg.js                                           0.07 kB │ gzip:   0.09 kB
dist/assets/tail_dog_long-biped-tailRoot-CoSdr3jc.js                                          0.07 kB │ gzip:   0.09 kB
dist/assets/tail_dog_long-blob-tailRoot-CYhyb62c.js                                           0.07 kB │ gzip:   0.09 kB
dist/assets/tail_fish_fan-blob-tailRoot-DSSOrt5y.js                                           0.07 kB │ gzip:   0.09 kB
dist/assets/tail_fish_fan-blob-tailRoot-OhwAxa1Q.js                                           0.07 kB │ gzip:   0.09 kB
dist/assets/tail_soft_curl-blob-tailRoot-Jlbu3Ivb.js                                          0.07 kB │ gzip:   0.09 kB
dist/assets/tail_soft_curl-blob-tailRoot-cyBrIZ-3.js                                          0.07 kB │ gzip:   0.09 kB
dist/assets/arms_long_noodle-shoulderLeft-C718vxXH.js                                         0.08 kB │ gzip:   0.10 kB
dist/assets/arms_long_noodle-shoulderLeft-CZkd1K4u.js                                         0.08 kB │ gzip:   0.10 kB
dist/assets/arms_long_noodle-shoulderLeft-DjL8Ts0I.js                                         0.08 kB │ gzip:   0.10 kB
dist/assets/arms_paddle-blob-shoulderLeft-BzL-dDgt.js                                         0.08 kB │ gzip:   0.09 kB
dist/assets/arms_paddle-blob-shoulderLeft-CEFDpnHc.js                                         0.08 kB │ gzip:   0.09 kB
dist/assets/arms_paddle-blob-shoulderLeft-DM5fDxaY.js                                         0.08 kB │ gzip:   0.09 kB
dist/assets/arms_short_plush-shoulderLeft-BGVDlbK0.js                                         0.08 kB │ gzip:   0.09 kB
dist/assets/arms_short_plush-shoulderLeft-CMO_nfaa.js                                         0.08 kB │ gzip:   0.09 kB
dist/assets/arms_short_plush-shoulderLeft-JE9qxBN7.js                                         0.08 kB │ gzip:   0.09 kB
dist/assets/colorScheme_r_lavender-cocoa-cPsnIpsG.js                                          0.08 kB │ gzip:   0.10 kB
dist/assets/color_feline_deep_sea-primary-B1t4sK6M.js                                         0.08 kB │ gzip:   0.09 kB
dist/assets/color_feline_fungal-secondary-CIOavHPS.js                                         0.08 kB │ gzip:   0.10 kB
dist/assets/color_feline_shadow-secondary-DVOsm-5e.js                                         0.08 kB │ gzip:   0.09 kB
dist/assets/extraAppendage_n_back-button-CRdEFLII.js                                          0.08 kB │ gzip:   0.10 kB
dist/assets/extraAppendage_n_collar-bead-D_TCk9qW.js                                          0.08 kB │ gzip:   0.10 kB
dist/assets/extraAppendage_n_plush-charm-DIySce7z.js                                          0.08 kB │ gzip:   0.09 kB
dist/assets/extraAppendage_n_soft-ribbon-B3oNn1TN.js                                          0.08 kB │ gzip:   0.09 kB
dist/assets/extraAppendage_r_cheek-plume-CfXDeQYc.js                                          0.08 kB │ gzip:   0.09 kB
dist/assets/extraAppendage_r_whisker-fan-g3CWUkR5.js                                          0.08 kB │ gzip:   0.09 kB
dist/assets/headShape_r_folded-ear-fluff-Duv0fCke.js                                          0.08 kB │ gzip:   0.09 kB
dist/assets/legs_mushroom-hipLeft-background-CGvKkcDm.js                                      0.08 kB │ gzip:   0.09 kB
dist/assets/legs_mushroom-hipLeft-background-DrwC9aiy.js                                      0.08 kB │ gzip:   0.09 kB
dist/assets/legs_mushroom-hipLeft-background-fg0Dh_5W.js                                      0.08 kB │ gzip:   0.09 kB
dist/assets/legs_mushroom-hipLeft-contour-CGvKkcDm.js                                         0.08 kB │ gzip:   0.09 kB
dist/assets/legs_mushroom-hipLeft-contour-DrwC9aiy.js                                         0.08 kB │ gzip:   0.09 kB
dist/assets/legs_mushroom-hipLeft-contour-fg0Dh_5W.js                                         0.08 kB │ gzip:   0.09 kB
dist/assets/legs_mushroom-hipLeft-foreground-CGvKkcDm.js                                      0.08 kB │ gzip:   0.09 kB
dist/assets/legs_mushroom-hipLeft-foreground-DrwC9aiy.js                                      0.08 kB │ gzip:   0.09 kB
dist/assets/legs_mushroom-hipLeft-foreground-fg0Dh_5W.js                                      0.08 kB │ gzip:   0.09 kB
dist/assets/legs_stub_feet-biped-hipLeft-BAL2dcNd.js                                          0.08 kB │ gzip:   0.09 kB
dist/assets/legs_stub_feet-biped-hipLeft-BR3R9p1u.js                                          0.08 kB │ gzip:   0.09 kB
dist/assets/legs_stub_feet-biped-hipLeft-BYxDm37k.js                                          0.08 kB │ gzip:   0.09 kB
dist/assets/legs_stub_feet-biped-hipRight-Dx3mUm9i.js                                         0.08 kB │ gzip:   0.10 kB
dist/assets/legs_stub_feet-biped-hipRight-GMa3fIJ8.js                                         0.08 kB │ gzip:   0.10 kB
dist/assets/legs_stub_feet-biped-hipRight-MgTg7RIt.js                                         0.08 kB │ gzip:   0.10 kB
dist/assets/legs_stub_feet-blob-hipRight-BxxieMH8.js                                          0.08 kB │ gzip:   0.09 kB
dist/assets/legs_stub_feet-blob-hipRight-CpVUblz0.js                                          0.08 kB │ gzip:   0.09 kB
dist/assets/legs_stub_feet-blob-hipRight-DaiBohkl.js                                          0.08 kB │ gzip:   0.09 kB
dist/assets/legs_webbed-floating-hipLeft-BLJWv9cb.js                                          0.08 kB │ gzip:   0.10 kB
dist/assets/legs_webbed-floating-hipLeft-CNPlSRj1.js                                          0.08 kB │ gzip:   0.10 kB
dist/assets/legs_webbed-floating-hipLeft-Dgn4As3p.js                                          0.08 kB │ gzip:   0.10 kB
dist/assets/legs_webbed-floating-hipRight-Ct_sbXht.js                                         0.08 kB │ gzip:   0.10 kB
dist/assets/legs_webbed-floating-hipRight-oylcXuRW.js                                         0.08 kB │ gzip:   0.10 kB
dist/assets/legs_webbed-floating-hipRight-zZnPITZU.js                                         0.08 kB │ gzip:   0.10 kB
dist/assets/surfaceMaterial_n_cloud-soft-BQg-kPXt.js                                          0.08 kB │ gzip:   0.09 kB
dist/assets/surfaceMaterial_n_long-plush-G8QRuZ85.js                                          0.08 kB │ gzip:   0.10 kB
dist/assets/surfaceMaterial_n_satin-soft-QLSQlkwx.js                                          0.08 kB │ gzip:   0.09 kB
dist/assets/surfaceMaterial_n_short-plush-BOtBR_BY.js                                         0.08 kB │ gzip:   0.09 kB
dist/assets/surfaceMaterial_n_suede-soft-CrebRyeo.js                                          0.08 kB │ gzip:   0.09 kB
dist/assets/surfaceMaterial_r_moss-velvet-LM9K-vMR.js                                         0.08 kB │ gzip:   0.09 kB
dist/assets/surfaceMaterial_r_pearl-satin-By8_FAVU.js                                         0.08 kB │ gzip:   0.09 kB
dist/assets/tail_cat_long-biped-tailRoot-D2K2QWnq.js                                          0.08 kB │ gzip:   0.09 kB
dist/assets/tail_dog_long-biped-tailRoot-DnIS7iPR.js                                          0.08 kB │ gzip:   0.09 kB
dist/assets/tail_soft_curl-biped-tailRoot-BHzaAFo0.js                                         0.08 kB │ gzip:   0.09 kB
dist/assets/tail_soft_curl-biped-tailRoot-CjIoamJv.js                                         0.08 kB │ gzip:   0.09 kB
dist/assets/tail_soft_curl-blob-tailRoot-D4C0jcmA.js                                          0.08 kB │ gzip:   0.09 kB
dist/assets/tail_soft_curl-blob-tailRoot-DGg1SZOT.js                                          0.08 kB │ gzip:   0.09 kB
dist/assets/arms_long_noodle-shoulderLeft-3lo9DuNb.js                                         0.08 kB │ gzip:   0.09 kB
dist/assets/arms_long_noodle-shoulderLeft-BQiyrRr3.js                                         0.08 kB │ gzip:   0.09 kB
dist/assets/arms_long_noodle-shoulderLeft-lN5qKQhL.js                                         0.08 kB │ gzip:   0.09 kB
dist/assets/arms_long_noodle-shoulderRight-C8SHuEkl.js                                        0.08 kB │ gzip:   0.10 kB
dist/assets/arms_long_noodle-shoulderRight-D1RDDnoR.js                                        0.08 kB │ gzip:   0.10 kB
dist/assets/arms_long_noodle-shoulderRight-nM45kWqm.js                                        0.08 kB │ gzip:   0.10 kB
dist/assets/arms_paddle-biped-shoulderLeft-74lb8kvi.js                                        0.08 kB │ gzip:   0.10 kB
dist/assets/arms_paddle-biped-shoulderLeft-DFc0fuyb.js                                        0.08 kB │ gzip:   0.10 kB
dist/assets/arms_paddle-biped-shoulderLeft-DcZU2QqW.js                                        0.08 kB │ gzip:   0.10 kB
dist/assets/arms_paddle-blob-shoulderLeft-BxXcpN0I.js                                         0.08 kB │ gzip:   0.09 kB
dist/assets/arms_paddle-blob-shoulderLeft-CWtCtnB5.js                                         0.08 kB │ gzip:   0.09 kB
dist/assets/arms_paddle-blob-shoulderLeft-jwE3OW3m.js                                         0.08 kB │ gzip:   0.09 kB
dist/assets/arms_paddle-blob-shoulderRight-B5hsmk6c.js                                        0.08 kB │ gzip:   0.10 kB
dist/assets/arms_paddle-blob-shoulderRight-BnO3L-Gs.js                                        0.08 kB │ gzip:   0.10 kB
dist/assets/arms_paddle-blob-shoulderRight-D5wRyHJn.js                                        0.08 kB │ gzip:   0.10 kB
dist/assets/arms_short_plush-shoulderLeft-Bfv8ewUR.js                                         0.08 kB │ gzip:   0.09 kB
dist/assets/arms_short_plush-shoulderLeft-CgjS3eIq.js                                         0.08 kB │ gzip:   0.09 kB
dist/assets/arms_short_plush-shoulderLeft-DQvijROl.js                                         0.08 kB │ gzip:   0.09 kB
dist/assets/arms_short_plush-shoulderRight-BBAA5Xzx.js                                        0.08 kB │ gzip:   0.09 kB
dist/assets/arms_short_plush-shoulderRight-Bp67dAUO.js                                        0.08 kB │ gzip:   0.09 kB
dist/assets/arms_short_plush-shoulderRight-DX1hi6cR.js                                        0.08 kB │ gzip:   0.09 kB
dist/assets/body_biped_peanut-neck-background-0TANNTNz.js                                     0.08 kB │ gzip:   0.10 kB
dist/assets/body_biped_peanut-neck-background-B7mCR7VH.js                                     0.08 kB │ gzip:   0.10 kB
dist/assets/body_biped_peanut-neck-background-DoO75YZz.js                                     0.08 kB │ gzip:   0.10 kB
dist/assets/body_biped_peanut-neck-background-Ei1d2hN9.js                                     0.08 kB │ gzip:   0.10 kB
dist/assets/body_biped_peanut-neck-background-UEpRjSyY.js                                     0.08 kB │ gzip:   0.10 kB
dist/assets/body_biped_peanut-neck-contour-0TANNTNz.js                                        0.08 kB │ gzip:   0.10 kB
dist/assets/body_biped_peanut-neck-contour-B7mCR7VH.js                                        0.08 kB │ gzip:   0.10 kB
dist/assets/body_biped_peanut-neck-contour-DoO75YZz.js                                        0.08 kB │ gzip:   0.10 kB
dist/assets/body_biped_peanut-neck-contour-Ei1d2hN9.js                                        0.08 kB │ gzip:   0.10 kB
dist/assets/body_biped_peanut-neck-contour-UEpRjSyY.js                                        0.08 kB │ gzip:   0.10 kB
dist/assets/body_biped_peanut-neck-foreground-0TANNTNz.js                                     0.08 kB │ gzip:   0.10 kB
dist/assets/body_biped_peanut-neck-foreground-B7mCR7VH.js                                     0.08 kB │ gzip:   0.10 kB
dist/assets/body_biped_peanut-neck-foreground-DoO75YZz.js                                     0.08 kB │ gzip:   0.10 kB
dist/assets/body_biped_peanut-neck-foreground-Ei1d2hN9.js                                     0.08 kB │ gzip:   0.10 kB
dist/assets/body_biped_peanut-neck-foreground-UEpRjSyY.js                                     0.08 kB │ gzip:   0.10 kB
dist/assets/body_blob_wide-hipLeft-contour-DJ6EhtCR.js                                        0.08 kB │ gzip:   0.10 kB
dist/assets/body_blob_wide-hipLeft-contour-Db8i8tY3.js                                        0.08 kB │ gzip:   0.10 kB
dist/assets/body_blob_wide-hipLeft-contour-uoNFpHXj.js                                        0.08 kB │ gzip:   0.10 kB
dist/assets/extra_side_fins-blob-extraLeft-BeESQ77-.js                                        0.08 kB │ gzip:   0.09 kB
dist/assets/extra_side_fins-blob-extraLeft-CUNqlNj7.js                                        0.08 kB │ gzip:   0.09 kB
dist/assets/extra_side_fins-blob-extraLeft-CW8vsI7D.js                                        0.08 kB │ gzip:   0.09 kB
dist/assets/head_feline_round-neck-contour-IPX3bJbS.js                                        0.08 kB │ gzip:   0.10 kB
dist/assets/head_feline_tufted-neck-contour-IPX3bJbS.js                                       0.08 kB │ gzip:   0.10 kB
dist/assets/head_mushroom_cap-neck-contour-CaQ_yASb.js                                        0.08 kB │ gzip:   0.10 kB
dist/assets/head_mushroom_cap-neck-contour-D33TIO6z.js                                        0.08 kB │ gzip:   0.10 kB
dist/assets/head_mushroom_cap-neck-contour-DJyBl1jw.js                                        0.08 kB │ gzip:   0.10 kB
dist/assets/legs_mushroom-floating-hipLeft-AWmm-zh4.js                                        0.08 kB │ gzip:   0.10 kB
dist/assets/legs_mushroom-floating-hipLeft-B85I0Qcx.js                                        0.08 kB │ gzip:   0.10 kB
dist/assets/legs_mushroom-floating-hipLeft-C8-espWO.js                                        0.08 kB │ gzip:   0.10 kB
dist/assets/legs_mushroom-hipLeft-background-23YBejzt.js                                      0.08 kB │ gzip:   0.10 kB
dist/assets/legs_mushroom-hipLeft-background-B77GU-0O.js                                      0.08 kB │ gzip:   0.10 kB
dist/assets/legs_mushroom-hipLeft-background-Ba9zpK7N.js                                      0.08 kB │ gzip:   0.10 kB
dist/assets/legs_mushroom-hipLeft-background-Bpd0a_Az.js                                      0.08 kB │ gzip:   0.10 kB
dist/assets/legs_mushroom-hipLeft-background-CVCTiYws.js                                      0.08 kB │ gzip:   0.10 kB
dist/assets/legs_mushroom-hipLeft-background-ChCjU6ta.js                                      0.08 kB │ gzip:   0.10 kB
dist/assets/legs_mushroom-hipLeft-foreground-B--xr188.js                                      0.08 kB │ gzip:   0.10 kB
dist/assets/legs_mushroom-hipLeft-foreground-CTLSc2c0.js                                      0.08 kB │ gzip:   0.10 kB
dist/assets/legs_mushroom-hipLeft-foreground-DNmY269u.js                                      0.08 kB │ gzip:   0.10 kB
dist/assets/legs_mushroom-hipLeft-foreground-DSZWiDYS.js                                      0.08 kB │ gzip:   0.10 kB
dist/assets/legs_mushroom-hipLeft-foreground-Z0SMHNe1.js                                      0.08 kB │ gzip:   0.10 kB
dist/assets/legs_mushroom-hipLeft-foreground-hpIMw6Sy.js                                      0.08 kB │ gzip:   0.10 kB
dist/assets/legs_mushroom-hipRight-background-CPxxL_vU.js                                     0.08 kB │ gzip:   0.10 kB
dist/assets/legs_mushroom-hipRight-background-DyWvhGOX.js                                     0.08 kB │ gzip:   0.10 kB
dist/assets/legs_mushroom-hipRight-background-KgZhnD6O.js                                     0.08 kB │ gzip:   0.10 kB
dist/assets/legs_mushroom-hipRight-contour-CPxxL_vU.js                                        0.08 kB │ gzip:   0.10 kB
dist/assets/legs_mushroom-hipRight-contour-DyWvhGOX.js                                        0.08 kB │ gzip:   0.10 kB
dist/assets/legs_mushroom-hipRight-contour-KgZhnD6O.js                                        0.08 kB │ gzip:   0.10 kB
dist/assets/legs_mushroom-hipRight-foreground-CPxxL_vU.js                                     0.08 kB │ gzip:   0.10 kB
dist/assets/legs_mushroom-hipRight-foreground-DyWvhGOX.js                                     0.08 kB │ gzip:   0.10 kB
dist/assets/legs_mushroom-hipRight-foreground-KgZhnD6O.js                                     0.08 kB │ gzip:   0.10 kB
dist/assets/legs_shadow_tiptoe-hipLeft-background-23YBejzt.js                                 0.08 kB │ gzip:   0.10 kB
dist/assets/legs_shadow_tiptoe-hipLeft-background-B77GU-0O.js                                 0.08 kB │ gzip:   0.10 kB
dist/assets/legs_shadow_tiptoe-hipLeft-background-Ba9zpK7N.js                                 0.08 kB │ gzip:   0.10 kB
dist/assets/legs_shadow_tiptoe-hipLeft-background-Bpd0a_Az.js                                 0.08 kB │ gzip:   0.10 kB
dist/assets/legs_shadow_tiptoe-hipLeft-background-CVCTiYws.js                                 0.08 kB │ gzip:   0.10 kB
dist/assets/legs_shadow_tiptoe-hipLeft-background-ChCjU6ta.js                                 0.08 kB │ gzip:   0.10 kB
dist/assets/legs_shadow_tiptoe-hipLeft-contour-DIV_drJg.js                                    0.08 kB │ gzip:   0.09 kB
dist/assets/legs_shadow_tiptoe-hipLeft-contour-JA34QgQR.js                                    0.08 kB │ gzip:   0.09 kB
dist/assets/legs_shadow_tiptoe-hipLeft-contour-rSKPUNP3.js                                    0.08 kB │ gzip:   0.09 kB
dist/assets/legs_shadow_tiptoe-hipLeft-foreground-B--xr188.js                                 0.08 kB │ gzip:   0.10 kB
dist/assets/legs_shadow_tiptoe-hipLeft-foreground-CTLSc2c0.js                                 0.08 kB │ gzip:   0.10 kB
dist/assets/legs_shadow_tiptoe-hipLeft-foreground-DNmY269u.js                                 0.08 kB │ gzip:   0.10 kB
dist/assets/legs_shadow_tiptoe-hipLeft-foreground-DSZWiDYS.js                                 0.08 kB │ gzip:   0.10 kB
dist/assets/legs_shadow_tiptoe-hipLeft-foreground-Z0SMHNe1.js                                 0.08 kB │ gzip:   0.10 kB
dist/assets/legs_shadow_tiptoe-hipLeft-foreground-hpIMw6Sy.js                                 0.08 kB │ gzip:   0.10 kB
dist/assets/legs_stub_feet-biped-hipRight-BSxzv8HE.js                                         0.08 kB │ gzip:   0.10 kB
dist/assets/legs_stub_feet-biped-hipRight-D43Ubskp.js                                         0.08 kB │ gzip:   0.10 kB
dist/assets/legs_stub_feet-biped-hipRight-DCUxsrJq.js                                         0.08 kB │ gzip:   0.10 kB
dist/assets/legs_stub_feet-hipLeft-background-23YBejzt.js                                     0.08 kB │ gzip:   0.10 kB
dist/assets/legs_stub_feet-hipLeft-background-B77GU-0O.js                                     0.08 kB │ gzip:   0.10 kB
dist/assets/legs_stub_feet-hipLeft-background-Ba9zpK7N.js                                     0.08 kB │ gzip:   0.10 kB
dist/assets/legs_stub_feet-hipLeft-background-Bpd0a_Az.js                                     0.08 kB │ gzip:   0.10 kB
dist/assets/legs_stub_feet-hipLeft-background-CVCTiYws.js                                     0.08 kB │ gzip:   0.10 kB
dist/assets/legs_stub_feet-hipLeft-background-ChCjU6ta.js                                     0.08 kB │ gzip:   0.10 kB
dist/assets/legs_stub_feet-hipLeft-contour-DIV_drJg.js                                        0.08 kB │ gzip:   0.09 kB
dist/assets/legs_stub_feet-hipLeft-contour-JA34QgQR.js                                        0.08 kB │ gzip:   0.09 kB
dist/assets/legs_stub_feet-hipLeft-contour-rSKPUNP3.js                                        0.08 kB │ gzip:   0.09 kB
dist/assets/legs_stub_feet-hipLeft-foreground-B--xr188.js                                     0.08 kB │ gzip:   0.10 kB
dist/assets/legs_stub_feet-hipLeft-foreground-CTLSc2c0.js                                     0.08 kB │ gzip:   0.10 kB
dist/assets/legs_stub_feet-hipLeft-foreground-DNmY269u.js                                     0.08 kB │ gzip:   0.10 kB
dist/assets/legs_stub_feet-hipLeft-foreground-DSZWiDYS.js                                     0.08 kB │ gzip:   0.10 kB
dist/assets/legs_stub_feet-hipLeft-foreground-Z0SMHNe1.js                                     0.08 kB │ gzip:   0.10 kB
dist/assets/legs_stub_feet-hipLeft-foreground-hpIMw6Sy.js                                     0.08 kB │ gzip:   0.10 kB
dist/assets/legs_webbed-floating-hipRight-BTZPW9jd.js                                         0.08 kB │ gzip:   0.10 kB
dist/assets/legs_webbed-floating-hipRight-BlBb_u4L.js                                         0.08 kB │ gzip:   0.10 kB
dist/assets/legs_webbed-floating-hipRight-Cj3tE5la.js                                         0.08 kB │ gzip:   0.10 kB
dist/assets/legs_webbed-hipLeft-background-23YBejzt.js                                        0.08 kB │ gzip:   0.10 kB
dist/assets/legs_webbed-hipLeft-background-B77GU-0O.js                                        0.08 kB │ gzip:   0.10 kB
dist/assets/legs_webbed-hipLeft-background-Ba9zpK7N.js                                        0.08 kB │ gzip:   0.10 kB
dist/assets/legs_webbed-hipLeft-background-Bpd0a_Az.js                                        0.08 kB │ gzip:   0.10 kB
dist/assets/legs_webbed-hipLeft-background-CVCTiYws.js                                        0.08 kB │ gzip:   0.10 kB
dist/assets/legs_webbed-hipLeft-background-ChCjU6ta.js                                        0.08 kB │ gzip:   0.10 kB
dist/assets/legs_webbed-hipLeft-foreground-B--xr188.js                                        0.08 kB │ gzip:   0.10 kB
dist/assets/legs_webbed-hipLeft-foreground-CTLSc2c0.js                                        0.08 kB │ gzip:   0.10 kB
dist/assets/legs_webbed-hipLeft-foreground-DNmY269u.js                                        0.08 kB │ gzip:   0.10 kB
dist/assets/legs_webbed-hipLeft-foreground-DSZWiDYS.js                                        0.08 kB │ gzip:   0.10 kB
dist/assets/legs_webbed-hipLeft-foreground-Z0SMHNe1.js                                        0.08 kB │ gzip:   0.10 kB
dist/assets/legs_webbed-hipLeft-foreground-hpIMw6Sy.js                                        0.08 kB │ gzip:   0.10 kB
dist/assets/oralDetail_r_glow-whisker-root-CaOp8pxE.js                                        0.08 kB │ gzip:   0.09 kB
dist/assets/pattern_l_aurora-constellation-Cw7g3gPN.js                                        0.08 kB │ gzip:   0.10 kB
dist/assets/surfaceMaterial_n_short-plush-Dk1GoOJW.js                                         0.08 kB │ gzip:   0.10 kB
dist/assets/surfaceMaterial_r_moss-velvet-Dr_sGJ4R.js                                         0.08 kB │ gzip:   0.09 kB
dist/assets/surfaceMaterial_r_pearl-satin-D_Xa0BOl.js                                         0.08 kB │ gzip:   0.09 kB
dist/assets/tail_cat_long-tailRoot-contour-C2gcbqWM.js                                        0.08 kB │ gzip:   0.09 kB
dist/assets/tail_cat_long-tailRoot-contour-CL9Bh-u1.js                                        0.08 kB │ gzip:   0.09 kB
dist/assets/tail_cat_long-tailRoot-contour-SMesl_zY.js                                        0.08 kB │ gzip:   0.09 kB
dist/assets/tail_dog_long-tailRoot-contour-BsV1BCr2.js                                        0.08 kB │ gzip:   0.09 kB
dist/assets/tail_dog_long-tailRoot-contour-C2gcbqWM.js                                        0.08 kB │ gzip:   0.09 kB
dist/assets/tail_dog_long-tailRoot-contour-SMesl_zY.js                                        0.08 kB │ gzip:   0.09 kB
dist/assets/tail_fish_fan-tailRoot-contour-BrdsyadH.js                                        0.08 kB │ gzip:   0.09 kB
dist/assets/tail_fish_fan-tailRoot-contour-CPHYrqT6.js                                        0.08 kB │ gzip:   0.09 kB
dist/assets/tail_fish_fan-tailRoot-contour-D-HDiyh_.js                                        0.08 kB │ gzip:   0.09 kB
dist/assets/tail_fish_fan-tailRoot-contour-DvTR2SLV.js                                        0.08 kB │ gzip:   0.09 kB
dist/assets/tail_fish_fan-tailRoot-contour-DzH3Z-H7.js                                        0.08 kB │ gzip:   0.09 kB
dist/assets/tail_fish_fan-tailRoot-contour-flpiu7ww.js                                        0.08 kB │ gzip:   0.09 kB
dist/assets/tail_mushroom_cluster-tailRoot-contour-BrdsyadH.js                                0.08 kB │ gzip:   0.09 kB
dist/assets/tail_mushroom_cluster-tailRoot-contour-CPHYrqT6.js                                0.08 kB │ gzip:   0.09 kB
dist/assets/tail_mushroom_cluster-tailRoot-contour-D-HDiyh_.js                                0.08 kB │ gzip:   0.09 kB
dist/assets/tail_mushroom_cluster-tailRoot-contour-DvTR2SLV.js                                0.08 kB │ gzip:   0.09 kB
dist/assets/tail_mushroom_cluster-tailRoot-contour-DzH3Z-H7.js                                0.08 kB │ gzip:   0.09 kB
dist/assets/tail_mushroom_cluster-tailRoot-contour-flpiu7ww.js                                0.08 kB │ gzip:   0.09 kB
dist/assets/tail_soft_curl-biped-tailRoot-D5c6bapD.js                                         0.08 kB │ gzip:   0.09 kB
dist/assets/tail_soft_curl-biped-tailRoot-Dsqqukjn.js                                         0.08 kB │ gzip:   0.09 kB
dist/assets/tail_soft_curl-tailRoot-contour-BrdsyadH.js                                       0.08 kB │ gzip:   0.09 kB
dist/assets/tail_soft_curl-tailRoot-contour-CPHYrqT6.js                                       0.08 kB │ gzip:   0.09 kB
dist/assets/tail_soft_curl-tailRoot-contour-D-HDiyh_.js                                       0.08 kB │ gzip:   0.09 kB
dist/assets/tail_soft_curl-tailRoot-contour-DvTR2SLV.js                                       0.08 kB │ gzip:   0.09 kB
dist/assets/tail_soft_curl-tailRoot-contour-DzH3Z-H7.js                                       0.08 kB │ gzip:   0.09 kB
dist/assets/tail_soft_curl-tailRoot-contour-flpiu7ww.js                                       0.08 kB │ gzip:   0.09 kB
dist/assets/arms_long_noodle-shoulderRight-CRZ3ysE8.js                                        0.08 kB │ gzip:   0.10 kB
dist/assets/arms_long_noodle-shoulderRight-CiJKbpw3.js                                        0.08 kB │ gzip:   0.10 kB
dist/assets/arms_long_noodle-shoulderRight-daLsKPNf.js                                        0.08 kB │ gzip:   0.10 kB
dist/assets/arms_paddle-biped-shoulderLeft-FADqfSMh.js                                        0.08 kB │ gzip:   0.10 kB
dist/assets/arms_paddle-biped-shoulderLeft-ZXWr1s-4.js                                        0.08 kB │ gzip:   0.10 kB
dist/assets/arms_paddle-biped-shoulderLeft-sL4AT1BQ.js                                        0.08 kB │ gzip:   0.10 kB
dist/assets/arms_paddle-biped-shoulderRight-D4Kd7Sqa.js                                       0.08 kB │ gzip:   0.10 kB
dist/assets/arms_paddle-biped-shoulderRight-DK3s1g_h.js                                       0.08 kB │ gzip:   0.10 kB
dist/assets/arms_paddle-biped-shoulderRight-xVsFqKWb.js                                       0.08 kB │ gzip:   0.10 kB
dist/assets/arms_paddle-blob-shoulderRight-DEqHPHGR.js                                        0.08 kB │ gzip:   0.10 kB
dist/assets/arms_paddle-blob-shoulderRight-DjCwSCon.js                                        0.08 kB │ gzip:   0.10 kB
dist/assets/arms_paddle-blob-shoulderRight-rPcgInfk.js                                        0.08 kB │ gzip:   0.10 kB
dist/assets/arms_short_plush-shoulderRight-CeSK7gXu.js                                        0.08 kB │ gzip:   0.10 kB
dist/assets/arms_short_plush-shoulderRight-DXXgyL51.js                                        0.08 kB │ gzip:   0.10 kB
dist/assets/arms_short_plush-shoulderRight-z6GDjMec.js                                        0.08 kB │ gzip:   0.10 kB
dist/assets/body_biped_tall-hipLeft-background-BfH4H0-0.js                                    0.08 kB │ gzip:   0.10 kB
dist/assets/body_biped_tall-hipLeft-background-CStijIod.js                                    0.08 kB │ gzip:   0.10 kB
dist/assets/body_biped_tall-hipLeft-background-Cyg_uKqK.js                                    0.08 kB │ gzip:   0.10 kB
dist/assets/body_biped_tall-hipLeft-contour-BfH4H0-0.js                                       0.08 kB │ gzip:   0.10 kB
dist/assets/body_biped_tall-hipLeft-contour-CStijIod.js                                       0.08 kB │ gzip:   0.10 kB
dist/assets/body_biped_tall-hipLeft-contour-Cyg_uKqK.js                                       0.08 kB │ gzip:   0.10 kB
dist/assets/body_biped_tall-hipLeft-foreground-BfH4H0-0.js                                    0.08 kB │ gzip:   0.10 kB
dist/assets/body_biped_tall-hipLeft-foreground-CStijIod.js                                    0.08 kB │ gzip:   0.10 kB
dist/assets/body_biped_tall-hipLeft-foreground-Cyg_uKqK.js                                    0.08 kB │ gzip:   0.10 kB
dist/assets/body_blob_round-hipLeft-contour-D78aEwVl.js                                       0.08 kB │ gzip:   0.10 kB
dist/assets/body_blob_round-hipLeft-contour-Dd2dKL76.js                                       0.08 kB │ gzip:   0.10 kB
dist/assets/body_blob_round-hipLeft-contour-DziFPZRX.js                                       0.08 kB │ gzip:   0.10 kB
dist/assets/body_blob_wide-hipRight-contour-DNZ3-gsL.js                                       0.08 kB │ gzip:   0.10 kB
dist/assets/body_blob_wide-hipRight-contour-DUJFN8Rd.js                                       0.08 kB │ gzip:   0.10 kB
dist/assets/body_blob_wide-hipRight-contour-Dx1Foamg.js                                       0.08 kB │ gzip:   0.10 kB
dist/assets/body_blob_wide-tailRoot-contour-CF7KK1Br.js                                       0.08 kB │ gzip:   0.10 kB
dist/assets/body_blob_wide-tailRoot-contour-Cz2CK0_U.js                                       0.08 kB │ gzip:   0.10 kB
dist/assets/body_blob_wide-tailRoot-contour-DNH6HUJj.js                                       0.08 kB │ gzip:   0.10 kB
dist/assets/body_floating_drop-neck-background-BtzX8Tec.js                                    0.08 kB │ gzip:   0.10 kB
dist/assets/body_floating_drop-neck-background-D66XxZsH.js                                    0.08 kB │ gzip:   0.10 kB
dist/assets/body_floating_drop-neck-background-Dk-Aub04.js                                    0.08 kB │ gzip:   0.10 kB
dist/assets/body_floating_drop-neck-contour-BtzX8Tec.js                                       0.08 kB │ gzip:   0.10 kB
dist/assets/body_floating_drop-neck-contour-D66XxZsH.js                                       0.08 kB │ gzip:   0.10 kB
dist/assets/body_floating_drop-neck-contour-Dk-Aub04.js                                       0.08 kB │ gzip:   0.10 kB
dist/assets/body_floating_drop-neck-foreground-BtzX8Tec.js                                    0.08 kB │ gzip:   0.10 kB
dist/assets/body_floating_drop-neck-foreground-D66XxZsH.js                                    0.08 kB │ gzip:   0.10 kB
dist/assets/body_floating_drop-neck-foreground-Dk-Aub04.js                                    0.08 kB │ gzip:   0.10 kB
dist/assets/color_feline_deep_sea-secondary-D8DPS25P.js                                       0.08 kB │ gzip:   0.09 kB
dist/assets/extraAppendage_r_crystal-ribbon-Db-BQzN0.js                                       0.08 kB │ gzip:   0.10 kB
dist/assets/extra_moth_wings-blob-extraLeft-BU2YcM2i.js                                       0.08 kB │ gzip:   0.09 kB
dist/assets/extra_moth_wings-blob-extraLeft-CnNnSeEm.js                                       0.08 kB │ gzip:   0.09 kB
dist/assets/extra_moth_wings-blob-extraLeft-y56uNRj4.js                                       0.08 kB │ gzip:   0.09 kB
dist/assets/extra_side_fins-biped-extraLeft-Bw22uLEx.js                                       0.08 kB │ gzip:   0.09 kB
dist/assets/extra_side_fins-biped-extraLeft-CLHzo7rP.js                                       0.08 kB │ gzip:   0.09 kB
dist/assets/extra_side_fins-biped-extraLeft-bznMbnbV.js                                       0.08 kB │ gzip:   0.09 kB
dist/assets/extra_side_fins-blob-extraLeft-C0XLLlDc.js                                        0.08 kB │ gzip:   0.09 kB
dist/assets/extra_side_fins-blob-extraLeft-CcIW45de.js                                        0.08 kB │ gzip:   0.09 kB
dist/assets/extra_side_fins-blob-extraLeft-DtT7btWF.js                                        0.08 kB │ gzip:   0.09 kB
dist/assets/extra_side_fins-blob-extraRight-BYa_y-PF.js                                       0.08 kB │ gzip:   0.09 kB
dist/assets/extra_side_fins-blob-extraRight-BsMS5DtW.js                                       0.08 kB │ gzip:   0.09 kB
dist/assets/extra_side_fins-blob-extraRight-nQJzMdze.js                                       0.08 kB │ gzip:   0.09 kB
dist/assets/head_round_dome-neck-background-B0GTYhln.js                                       0.08 kB │ gzip:   0.09 kB
dist/assets/head_round_dome-neck-background-BBy52UhO.js                                       0.08 kB │ gzip:   0.09 kB
dist/assets/head_round_dome-neck-background-BjWZow4A.js                                       0.08 kB │ gzip:   0.09 kB
dist/assets/head_round_dome-neck-background-BmLESWPu.js                                       0.08 kB │ gzip:   0.09 kB
dist/assets/head_round_dome-neck-background-BtqlrNbV.js                                       0.08 kB │ gzip:   0.09 kB
dist/assets/head_round_dome-neck-background-C5T7QV9M.js                                       0.08 kB │ gzip:   0.09 kB
dist/assets/head_round_dome-neck-background-CQgeV8CI.js                                       0.08 kB │ gzip:   0.09 kB
dist/assets/head_round_dome-neck-background-Xkuw9h3p.js                                       0.08 kB │ gzip:   0.09 kB
dist/assets/head_round_dome-neck-background-h0VVqGtn.js                                       0.08 kB │ gzip:   0.09 kB
dist/assets/head_round_dome-neck-foreground-B-jgXDfs.js                                       0.08 kB │ gzip:   0.09 kB
dist/assets/head_round_dome-neck-foreground-BYAYNATa.js                                       0.08 kB │ gzip:   0.09 kB
dist/assets/head_round_dome-neck-foreground-CDU92x_o.js                                       0.08 kB │ gzip:   0.09 kB
dist/assets/head_round_dome-neck-foreground-CWA6rVxc.js                                       0.08 kB │ gzip:   0.09 kB
dist/assets/head_round_dome-neck-foreground-CXH5msBR.js                                       0.08 kB │ gzip:   0.09 kB
dist/assets/head_round_dome-neck-foreground-DTG959FH.js                                       0.08 kB │ gzip:   0.09 kB
dist/assets/head_round_dome-neck-foreground-DTNpjtrg.js                                       0.08 kB │ gzip:   0.09 kB
dist/assets/head_round_dome-neck-foreground-gFRPQsqm.js                                       0.08 kB │ gzip:   0.09 kB
dist/assets/head_round_dome-neck-foreground-w7YXh-rB.js                                       0.08 kB │ gzip:   0.09 kB
dist/assets/legs_mushroom-floating-hipLeft-CtNEf6he.js                                        0.08 kB │ gzip:   0.10 kB
dist/assets/legs_mushroom-floating-hipLeft-DTxmz30v.js                                        0.08 kB │ gzip:   0.10 kB
dist/assets/legs_mushroom-floating-hipLeft-DrHdqsJC.js                                        0.08 kB │ gzip:   0.10 kB
dist/assets/legs_mushroom-floating-hipRight-B0FIp9in.js                                       0.08 kB │ gzip:   0.10 kB
dist/assets/legs_mushroom-floating-hipRight-CFkx09A7.js                                       0.08 kB │ gzip:   0.10 kB
dist/assets/legs_mushroom-floating-hipRight-fmSC-5n5.js                                       0.08 kB │ gzip:   0.10 kB
dist/assets/legs_mushroom-hipRight-background-AQU7-haq.js                                     0.08 kB │ gzip:   0.10 kB
dist/assets/legs_mushroom-hipRight-background-BVUpDJsA.js                                     0.08 kB │ gzip:   0.10 kB
dist/assets/legs_mushroom-hipRight-background-BbFt3mHl.js                                     0.08 kB │ gzip:   0.10 kB
dist/assets/legs_mushroom-hipRight-background-DDRi6Ny5.js                                     0.08 kB │ gzip:   0.10 kB
dist/assets/legs_mushroom-hipRight-background-DN-3trPs.js                                     0.08 kB │ gzip:   0.10 kB
dist/assets/legs_mushroom-hipRight-background-DtjaUAC_.js                                     0.08 kB │ gzip:   0.10 kB
dist/assets/legs_mushroom-hipRight-foreground-BIDihDiG.js                                     0.08 kB │ gzip:   0.10 kB
dist/assets/legs_mushroom-hipRight-foreground-DEu3mYCG.js                                     0.08 kB │ gzip:   0.10 kB
dist/assets/legs_mushroom-hipRight-foreground-DZOHjM2p.js                                     0.08 kB │ gzip:   0.10 kB
dist/assets/legs_mushroom-hipRight-foreground-DxrPO1aF.js                                     0.08 kB │ gzip:   0.10 kB
dist/assets/legs_mushroom-hipRight-foreground-GdqOsWLA.js                                     0.08 kB │ gzip:   0.10 kB
dist/assets/legs_mushroom-hipRight-foreground-jaPxank2.js                                     0.08 kB │ gzip:   0.10 kB
dist/assets/legs_shadow_tiptoe-blob-hipLeft-BffBBmOz.js                                       0.08 kB │ gzip:   0.10 kB
dist/assets/legs_shadow_tiptoe-blob-hipLeft-CCMCYkg4.js                                       0.08 kB │ gzip:   0.10 kB
dist/assets/legs_shadow_tiptoe-blob-hipLeft-CkiK3Vcv.js                                       0.08 kB │ gzip:   0.10 kB
dist/assets/legs_shadow_tiptoe-hipRight-background-AQU7-haq.js                                0.08 kB │ gzip:   0.10 kB
dist/assets/legs_shadow_tiptoe-hipRight-background-BVUpDJsA.js                                0.08 kB │ gzip:   0.10 kB
dist/assets/legs_shadow_tiptoe-hipRight-background-BbFt3mHl.js                                0.08 kB │ gzip:   0.10 kB
dist/assets/legs_shadow_tiptoe-hipRight-background-DDRi6Ny5.js                                0.08 kB │ gzip:   0.10 kB
dist/assets/legs_shadow_tiptoe-hipRight-background-DN-3trPs.js                                0.08 kB │ gzip:   0.10 kB
dist/assets/legs_shadow_tiptoe-hipRight-background-DtjaUAC_.js                                0.08 kB │ gzip:   0.10 kB
dist/assets/legs_shadow_tiptoe-hipRight-contour-BoCGnzIp.js                                   0.08 kB │ gzip:   0.10 kB
dist/assets/legs_shadow_tiptoe-hipRight-contour-CXnGqWEb.js                                   0.08 kB │ gzip:   0.10 kB
dist/assets/legs_shadow_tiptoe-hipRight-contour-Ddnm3wTX.js                                   0.08 kB │ gzip:   0.10 kB
dist/assets/legs_shadow_tiptoe-hipRight-foreground-BIDihDiG.js                                0.08 kB │ gzip:   0.10 kB
dist/assets/legs_shadow_tiptoe-hipRight-foreground-DEu3mYCG.js                                0.08 kB │ gzip:   0.10 kB
dist/assets/legs_shadow_tiptoe-hipRight-foreground-DZOHjM2p.js                                0.08 kB │ gzip:   0.10 kB
dist/assets/legs_shadow_tiptoe-hipRight-foreground-DxrPO1aF.js                                0.08 kB │ gzip:   0.10 kB
dist/assets/legs_shadow_tiptoe-hipRight-foreground-GdqOsWLA.js                                0.08 kB │ gzip:   0.10 kB
dist/assets/legs_shadow_tiptoe-hipRight-foreground-jaPxank2.js                                0.08 kB │ gzip:   0.10 kB
dist/assets/legs_stub_feet-floating-hipLeft-030Bjdi_.js                                       0.08 kB │ gzip:   0.10 kB
dist/assets/legs_stub_feet-floating-hipLeft-BaVxWpMt.js                                       0.08 kB │ gzip:   0.10 kB
dist/assets/legs_stub_feet-floating-hipLeft-HRsBMACR.js                                       0.08 kB │ gzip:   0.10 kB
dist/assets/legs_stub_feet-hipRight-background-AQU7-haq.js                                    0.08 kB │ gzip:   0.10 kB
dist/assets/legs_stub_feet-hipRight-background-BVUpDJsA.js                                    0.08 kB │ gzip:   0.10 kB
dist/assets/legs_stub_feet-hipRight-background-BbFt3mHl.js                                    0.08 kB │ gzip:   0.10 kB
dist/assets/legs_stub_feet-hipRight-background-DDRi6Ny5.js                                    0.08 kB │ gzip:   0.10 kB
dist/assets/legs_stub_feet-hipRight-background-DN-3trPs.js                                    0.08 kB │ gzip:   0.10 kB
dist/assets/legs_stub_feet-hipRight-background-DtjaUAC_.js                                    0.08 kB │ gzip:   0.10 kB
dist/assets/legs_stub_feet-hipRight-contour-BoCGnzIp.js                                       0.08 kB │ gzip:   0.10 kB
dist/assets/legs_stub_feet-hipRight-contour-CXnGqWEb.js                                       0.08 kB │ gzip:   0.10 kB
dist/assets/legs_stub_feet-hipRight-contour-Ddnm3wTX.js                                       0.08 kB │ gzip:   0.10 kB
dist/assets/legs_stub_feet-hipRight-foreground-BIDihDiG.js                                    0.08 kB │ gzip:   0.10 kB
dist/assets/legs_stub_feet-hipRight-foreground-DEu3mYCG.js                                    0.08 kB │ gzip:   0.10 kB
dist/assets/legs_stub_feet-hipRight-foreground-DZOHjM2p.js                                    0.08 kB │ gzip:   0.10 kB
dist/assets/legs_stub_feet-hipRight-foreground-DxrPO1aF.js                                    0.08 kB │ gzip:   0.10 kB
dist/assets/legs_stub_feet-hipRight-foreground-GdqOsWLA.js                                    0.08 kB │ gzip:   0.10 kB
dist/assets/legs_stub_feet-hipRight-foreground-jaPxank2.js                                    0.08 kB │ gzip:   0.10 kB
dist/assets/legs_webbed-hipRight-background-AQU7-haq.js                                       0.08 kB │ gzip:   0.10 kB
dist/assets/legs_webbed-hipRight-background-BVUpDJsA.js                                       0.08 kB │ gzip:   0.10 kB
dist/assets/legs_webbed-hipRight-background-BbFt3mHl.js                                       0.08 kB │ gzip:   0.10 kB
dist/assets/legs_webbed-hipRight-background-DDRi6Ny5.js                                       0.08 kB │ gzip:   0.10 kB
dist/assets/legs_webbed-hipRight-background-DN-3trPs.js                                       0.08 kB │ gzip:   0.10 kB
dist/assets/legs_webbed-hipRight-background-DtjaUAC_.js                                       0.08 kB │ gzip:   0.10 kB
dist/assets/legs_webbed-hipRight-foreground-BIDihDiG.js                                       0.08 kB │ gzip:   0.10 kB
dist/assets/legs_webbed-hipRight-foreground-DEu3mYCG.js                                       0.08 kB │ gzip:   0.10 kB
dist/assets/legs_webbed-hipRight-foreground-DZOHjM2p.js                                       0.08 kB │ gzip:   0.10 kB
dist/assets/legs_webbed-hipRight-foreground-DxrPO1aF.js                                       0.08 kB │ gzip:   0.10 kB
dist/assets/legs_webbed-hipRight-foreground-GdqOsWLA.js                                       0.08 kB │ gzip:   0.10 kB
dist/assets/legs_webbed-hipRight-foreground-jaPxank2.js                                       0.08 kB │ gzip:   0.10 kB
dist/assets/pattern_l_aurora-constellation-wpP5j6Zc.js                                        0.08 kB │ gzip:   0.10 kB
dist/assets/tail_cat_long-floating-tailRoot-Dv1HzgDB.js                                       0.08 kB │ gzip:   0.10 kB
dist/assets/tail_dog_long-floating-tailRoot-BfJNO2xQ.js                                       0.08 kB │ gzip:   0.10 kB
dist/assets/arms_long_noodle-shoulderLeft-contour-B5tZ3P5w.js                                 0.08 kB │ gzip:   0.10 kB
dist/assets/arms_long_noodle-shoulderLeft-contour-BXHPkkfO.js                                 0.08 kB │ gzip:   0.10 kB
dist/assets/arms_long_noodle-shoulderLeft-contour-CEKFKruA.js                                 0.08 kB │ gzip:   0.10 kB
dist/assets/arms_long_noodle-shoulderLeft-contour-DCd82Hxi.js                                 0.08 kB │ gzip:   0.10 kB
dist/assets/arms_long_noodle-shoulderLeft-contour-DP0j4Sia.js                                 0.08 kB │ gzip:   0.10 kB
dist/assets/arms_long_noodle-shoulderLeft-contour-fIzN_w78.js                                 0.08 kB │ gzip:   0.10 kB
dist/assets/arms_paddle-biped-shoulderRight-BF4etvfh.js                                       0.08 kB │ gzip:   0.10 kB
dist/assets/arms_paddle-biped-shoulderRight-DXrzBKtf.js                                       0.08 kB │ gzip:   0.10 kB
dist/assets/arms_paddle-biped-shoulderRight-b8ESjQfo.js                                       0.08 kB │ gzip:   0.10 kB
dist/assets/arms_paddle-shoulderLeft-contour-B5tZ3P5w.js                                      0.08 kB │ gzip:   0.10 kB
dist/assets/arms_paddle-shoulderLeft-contour-CG_s_wBY.js                                      0.08 kB │ gzip:   0.10 kB
dist/assets/arms_paddle-shoulderLeft-contour-CvfX-bft.js                                      0.08 kB │ gzip:   0.09 kB
dist/assets/arms_paddle-shoulderLeft-contour-D7rOwNw5.js                                      0.08 kB │ gzip:   0.10 kB
dist/assets/arms_paddle-shoulderLeft-contour-DCd82Hxi.js                                      0.08 kB │ gzip:   0.10 kB
dist/assets/arms_paddle-shoulderLeft-contour-Dj0VpOHB.js                                      0.08 kB │ gzip:   0.10 kB
dist/assets/arms_paddle-shoulderLeft-contour-DqHmPNas.js                                      0.08 kB │ gzip:   0.09 kB
dist/assets/arms_paddle-shoulderLeft-contour-Dy-Rgijy.js                                      0.08 kB │ gzip:   0.09 kB
dist/assets/arms_paddle-shoulderLeft-contour-fIzN_w78.js                                      0.08 kB │ gzip:   0.10 kB
dist/assets/arms_short_plush-shoulderLeft-contour-B5tZ3P5w.js                                 0.08 kB │ gzip:   0.10 kB
dist/assets/arms_short_plush-shoulderLeft-contour-BXHPkkfO.js                                 0.08 kB │ gzip:   0.10 kB
dist/assets/arms_short_plush-shoulderLeft-contour-CEKFKruA.js                                 0.08 kB │ gzip:   0.10 kB
dist/assets/arms_short_plush-shoulderLeft-contour-DCd82Hxi.js                                 0.08 kB │ gzip:   0.10 kB
dist/assets/arms_short_plush-shoulderLeft-contour-DP0j4Sia.js                                 0.08 kB │ gzip:   0.10 kB
dist/assets/arms_short_plush-shoulderLeft-contour-fIzN_w78.js                                 0.08 kB │ gzip:   0.10 kB
dist/assets/body_biped_tall-hipRight-background-BJLkqVuW.js                                   0.08 kB │ gzip:   0.10 kB
dist/assets/body_biped_tall-hipRight-background-DhQYICjl.js                                   0.08 kB │ gzip:   0.10 kB
dist/assets/body_biped_tall-hipRight-background-Dr_PmlSR.js                                   0.08 kB │ gzip:   0.10 kB
dist/assets/body_biped_tall-hipRight-contour-BJLkqVuW.js                                      0.08 kB │ gzip:   0.10 kB
dist/assets/body_biped_tall-hipRight-contour-DhQYICjl.js                                      0.08 kB │ gzip:   0.10 kB
dist/assets/body_biped_tall-hipRight-contour-Dr_PmlSR.js                                      0.08 kB │ gzip:   0.10 kB
dist/assets/body_biped_tall-hipRight-foreground-BJLkqVuW.js                                   0.08 kB │ gzip:   0.10 kB
dist/assets/body_biped_tall-hipRight-foreground-DhQYICjl.js                                   0.08 kB │ gzip:   0.10 kB
dist/assets/body_biped_tall-hipRight-foreground-Dr_PmlSR.js                                   0.08 kB │ gzip:   0.10 kB
dist/assets/body_biped_tall-tailRoot-contour-Crobjhpk.js                                      0.08 kB │ gzip:   0.10 kB
dist/assets/body_biped_tall-tailRoot-contour-DVejBtpd.js                                      0.08 kB │ gzip:   0.10 kB
dist/assets/body_biped_tall-tailRoot-contour-L4vUon38.js                                      0.08 kB │ gzip:   0.10 kB
dist/assets/body_blob_round-hipRight-contour-BUF4nRs7.js                                      0.08 kB │ gzip:   0.10 kB
dist/assets/body_blob_round-hipRight-contour-DhR01qCW.js                                      0.08 kB │ gzip:   0.10 kB
dist/assets/body_blob_round-hipRight-contour-n_PWZgI0.js                                      0.08 kB │ gzip:   0.10 kB
dist/assets/body_blob_round-tailRoot-contour-BXMbAmcM.js                                      0.08 kB │ gzip:   0.10 kB
dist/assets/body_blob_round-tailRoot-contour-Bew0Qotf.js                                      0.08 kB │ gzip:   0.10 kB
dist/assets/body_blob_round-tailRoot-contour-DT0D_UW-.js                                      0.08 kB │ gzip:   0.10 kB
dist/assets/body_blob_wide-extraLeft-contour-DQAD7H9O.js                                      0.08 kB │ gzip:   0.10 kB
dist/assets/body_blob_wide-extraLeft-contour-DpwrF-C_.js                                      0.08 kB │ gzip:   0.10 kB
dist/assets/body_blob_wide-extraLeft-contour-YY7HvegE.js                                      0.08 kB │ gzip:   0.10 kB
dist/assets/colorScheme_l_moonstone-spectrum-Bp4Oa5nH.js                                      0.08 kB │ gzip:   0.10 kB
dist/assets/extraAppendage_r_crystal-ribbon-bR8hLiKd.js                                       0.08 kB │ gzip:   0.10 kB
dist/assets/extra_moth_wings-biped-extraLeft-CoUF_stL.js                                      0.08 kB │ gzip:   0.10 kB
dist/assets/extra_moth_wings-biped-extraLeft-D3vG2lO2.js                                      0.08 kB │ gzip:   0.10 kB
dist/assets/extra_moth_wings-biped-extraLeft-Z87FMEon.js                                      0.08 kB │ gzip:   0.10 kB
dist/assets/extra_moth_wings-blob-extraLeft-CBhk2_--.js                                       0.08 kB │ gzip:   0.10 kB
dist/assets/extra_moth_wings-blob-extraLeft-DA2mCRN_.js                                       0.08 kB │ gzip:   0.10 kB
dist/assets/extra_moth_wings-blob-extraLeft-DUCgFC2i.js                                       0.08 kB │ gzip:   0.10 kB
dist/assets/extra_moth_wings-blob-extraRight-BlYirMAU.js                                      0.08 kB │ gzip:   0.10 kB
dist/assets/extra_moth_wings-blob-extraRight-C0zYNjLE.js                                      0.08 kB │ gzip:   0.10 kB
dist/assets/extra_moth_wings-blob-extraRight-DFZMsrvu.js                                      0.08 kB │ gzip:   0.10 kB
dist/assets/extra_side_fins-biped-extraLeft-BQAyKddI.js                                       0.08 kB │ gzip:   0.10 kB
dist/assets/extra_side_fins-biped-extraLeft-BfwY8XTh.js                                       0.08 kB │ gzip:   0.10 kB
dist/assets/extra_side_fins-biped-extraLeft-Hk81kB7x.js                                       0.08 kB │ gzip:   0.10 kB
dist/assets/extra_side_fins-biped-extraRight-BOaKQLFf.js                                      0.08 kB │ gzip:   0.10 kB
dist/assets/extra_side_fins-biped-extraRight-DJAn_CXH.js                                      0.08 kB │ gzip:   0.10 kB
dist/assets/extra_side_fins-biped-extraRight-gPAqTe0m.js                                      0.08 kB │ gzip:   0.10 kB
dist/assets/extra_side_fins-blob-extraRight-7pXPO2nQ.js                                       0.08 kB │ gzip:   0.10 kB
dist/assets/extra_side_fins-blob-extraRight-B5JNM7rg.js                                       0.08 kB │ gzip:   0.10 kB
dist/assets/extra_side_fins-blob-extraRight-GYbh7iTz.js                                       0.08 kB │ gzip:   0.10 kB
dist/assets/head_angler_bulb-neck-background-60KhrAcd.js                                      0.08 kB │ gzip:   0.10 kB
dist/assets/head_angler_bulb-neck-background-BLoP2a4_.js                                      0.08 kB │ gzip:   0.10 kB
dist/assets/head_angler_bulb-neck-background-Bt-ivh4Q.js                                      0.08 kB │ gzip:   0.10 kB
dist/assets/head_angler_bulb-neck-background-CC66oOwW.js                                      0.08 kB │ gzip:   0.10 kB
dist/assets/head_angler_bulb-neck-background-CRrkV4i4.js                                      0.08 kB │ gzip:   0.10 kB
dist/assets/head_angler_bulb-neck-background-Ct1tBymW.js                                      0.08 kB │ gzip:   0.10 kB
dist/assets/head_angler_bulb-neck-background-DS7cW85J.js                                      0.08 kB │ gzip:   0.10 kB
dist/assets/head_angler_bulb-neck-background-Mme7Y18S.js                                      0.08 kB │ gzip:   0.10 kB
dist/assets/head_angler_bulb-neck-background-lMaV12Gc.js                                      0.08 kB │ gzip:   0.10 kB
dist/assets/head_angler_bulb-neck-foreground-0eWb7F91.js                                      0.08 kB │ gzip:   0.10 kB
dist/assets/head_angler_bulb-neck-foreground-3NlNDmb0.js                                      0.08 kB │ gzip:   0.10 kB
dist/assets/head_angler_bulb-neck-foreground-BLts4ivP.js                                      0.08 kB │ gzip:   0.10 kB
dist/assets/head_angler_bulb-neck-foreground-BROrGmkp.js                                      0.08 kB │ gzip:   0.10 kB
dist/assets/head_angler_bulb-neck-foreground-Bd961eWg.js                                      0.08 kB │ gzip:   0.10 kB
dist/assets/head_angler_bulb-neck-foreground-BwKz1Y6w.js                                      0.08 kB │ gzip:   0.10 kB
dist/assets/head_angler_bulb-neck-foreground-C50xG0KH.js                                      0.08 kB │ gzip:   0.10 kB
dist/assets/head_angler_bulb-neck-foreground-CecgzmbS.js                                      0.08 kB │ gzip:   0.10 kB
dist/assets/head_angler_bulb-neck-foreground-CnBrgmKu.js                                      0.08 kB │ gzip:   0.10 kB
dist/assets/head_shadow_hood-neck-background-2FfNc_I_.js                                      0.08 kB │ gzip:   0.10 kB
dist/assets/head_shadow_hood-neck-background-BA7zEC80.js                                      0.08 kB │ gzip:   0.10 kB
dist/assets/head_shadow_hood-neck-background-C2a9VLpb.js                                      0.08 kB │ gzip:   0.10 kB
dist/assets/head_shadow_hood-neck-background-CefCnYII.js                                      0.08 kB │ gzip:   0.10 kB
dist/assets/head_shadow_hood-neck-background-DER5g3Pm.js                                      0.08 kB │ gzip:   0.10 kB
dist/assets/head_shadow_hood-neck-background-DLceQxLR.js                                      0.08 kB │ gzip:   0.10 kB
dist/assets/head_shadow_hood-neck-background-DfdCaRWt.js                                      0.08 kB │ gzip:   0.10 kB
dist/assets/head_shadow_hood-neck-background-DnEt4pKf.js                                      0.08 kB │ gzip:   0.10 kB
dist/assets/head_shadow_hood-neck-background-DxlY-LSv.js                                      0.08 kB │ gzip:   0.10 kB
dist/assets/head_shadow_hood-neck-foreground-2wqJVG8k.js                                      0.08 kB │ gzip:   0.10 kB
dist/assets/head_shadow_hood-neck-foreground-5f0ln3dy.js                                      0.08 kB │ gzip:   0.09 kB
dist/assets/head_shadow_hood-neck-foreground-BPRy9ivh.js                                      0.08 kB │ gzip:   0.10 kB
dist/assets/head_shadow_hood-neck-foreground-C20l7WAB.js                                      0.08 kB │ gzip:   0.10 kB
dist/assets/head_shadow_hood-neck-foreground-CDNz9Rkf.js                                      0.08 kB │ gzip:   0.09 kB
dist/assets/head_shadow_hood-neck-foreground-Cz3FWh2d.js                                      0.08 kB │ gzip:   0.10 kB
dist/assets/head_shadow_hood-neck-foreground-DFYPX_1E.js                                      0.08 kB │ gzip:   0.10 kB
dist/assets/head_shadow_hood-neck-foreground-DjQtkBNY.js                                      0.08 kB │ gzip:   0.10 kB
dist/assets/head_shadow_hood-neck-foreground-_Agn0Yyc.js                                      0.08 kB │ gzip:   0.10 kB
dist/assets/legs_mushroom-floating-hipRight-BHHhNVs3.js                                       0.08 kB │ gzip:   0.10 kB
dist/assets/legs_mushroom-floating-hipRight-DSZ_J6zd.js                                       0.08 kB │ gzip:   0.10 kB
dist/assets/legs_mushroom-floating-hipRight-bnDARUCi.js                                       0.08 kB │ gzip:   0.10 kB
dist/assets/legs_shadow_tiptoe-biped-hipLeft-BsyZhOqf.js                                      0.08 kB │ gzip:   0.10 kB
dist/assets/legs_shadow_tiptoe-biped-hipLeft-ClTTgOWU.js                                      0.08 kB │ gzip:   0.10 kB
dist/assets/legs_shadow_tiptoe-biped-hipLeft-DVDfTzwt.js                                      0.08 kB │ gzip:   0.10 kB
dist/assets/legs_shadow_tiptoe-blob-hipLeft-C6WFG5R_.js                                       0.08 kB │ gzip:   0.10 kB
dist/assets/legs_shadow_tiptoe-blob-hipLeft-CbMAtWOo.js                                       0.08 kB │ gzip:   0.10 kB
dist/assets/legs_shadow_tiptoe-blob-hipLeft-DSEgQXWK.js                                       0.08 kB │ gzip:   0.10 kB
dist/assets/legs_shadow_tiptoe-blob-hipRight-BE9j2Ifd.js                                      0.08 kB │ gzip:   0.10 kB
dist/assets/legs_shadow_tiptoe-blob-hipRight-BV35jmgY.js                                      0.08 kB │ gzip:   0.10 kB
dist/assets/legs_shadow_tiptoe-blob-hipRight-M67RXjcP.js                                      0.08 kB │ gzip:   0.10 kB
dist/assets/legs_stub_feet-floating-hipLeft-9xxOnMm-.js                                       0.08 kB │ gzip:   0.10 kB
dist/assets/legs_stub_feet-floating-hipLeft-BZ-lVby-.js                                       0.08 kB │ gzip:   0.10 kB
dist/assets/legs_stub_feet-floating-hipLeft-CfEnO_Vp.js                                       0.08 kB │ gzip:   0.10 kB
dist/assets/legs_stub_feet-floating-hipRight-DCdulkS-.js                                      0.08 kB │ gzip:   0.09 kB
dist/assets/legs_stub_feet-floating-hipRight-E8j6QYAv.js                                      0.08 kB │ gzip:   0.09 kB
dist/assets/legs_stub_feet-floating-hipRight-r8UjLNnj.js                                      0.08 kB │ gzip:   0.09 kB
dist/assets/surfaceMaterial_r_crystal-fleece-BBVBQUhV.js                                      0.08 kB │ gzip:   0.10 kB
dist/assets/surfaceMaterial_r_luminous-plush-C5ab9Uph.js                                      0.08 kB │ gzip:   0.10 kB
dist/assets/tail_cat_long-floating-tailRoot-EVQfYxMZ.js                                       0.08 kB │ gzip:   0.10 kB
dist/assets/tail_dog_long-floating-tailRoot-Cw-_wXRU.js                                       0.08 kB │ gzip:   0.10 kB
dist/assets/arms_long_noodle-shoulderRight-contour-4f7RYULy.js                                0.08 kB │ gzip:   0.10 kB
dist/assets/arms_long_noodle-shoulderRight-contour-DD4i_itI.js                                0.08 kB │ gzip:   0.10 kB
dist/assets/arms_long_noodle-shoulderRight-contour-DOwHqcRh.js                                0.08 kB │ gzip:   0.10 kB
dist/assets/arms_paddle-floating-shoulderLeft-3lWxfokr.js                                     0.08 kB │ gzip:   0.10 kB
dist/assets/arms_paddle-floating-shoulderLeft-B3NFH9l5.js                                     0.08 kB │ gzip:   0.10 kB
dist/assets/arms_paddle-floating-shoulderLeft-CqeEjE1b.js                                     0.08 kB │ gzip:   0.10 kB
dist/assets/arms_paddle-shoulderRight-contour-4f7RYULy.js                                     0.08 kB │ gzip:   0.10 kB
dist/assets/arms_paddle-shoulderRight-contour-BAutXKOl.js                                     0.08 kB │ gzip:   0.10 kB
dist/assets/arms_paddle-shoulderRight-contour-BeG806Fz.js                                     0.08 kB │ gzip:   0.10 kB
dist/assets/arms_paddle-shoulderRight-contour-BpQsX4HC.js                                     0.08 kB │ gzip:   0.10 kB
dist/assets/arms_paddle-shoulderRight-contour-CRSoljj4.js                                     0.08 kB │ gzip:   0.10 kB
dist/assets/arms_paddle-shoulderRight-contour-DD4i_itI.js                                     0.08 kB │ gzip:   0.10 kB
dist/assets/arms_paddle-shoulderRight-contour-DOwHqcRh.js                                     0.08 kB │ gzip:   0.10 kB
dist/assets/arms_paddle-shoulderRight-contour-DtPBdcJW.js                                     0.08 kB │ gzip:   0.10 kB
dist/assets/arms_paddle-shoulderRight-contour-VOphZ2OG.js                                     0.08 kB │ gzip:   0.10 kB
dist/assets/arms_short_plush-shoulderRight-contour-2ToVTiLx.js                                0.08 kB │ gzip:   0.10 kB
dist/assets/arms_short_plush-shoulderRight-contour-4f7RYULy.js                                0.08 kB │ gzip:   0.10 kB
dist/assets/arms_short_plush-shoulderRight-contour-B1rkOM52.js                                0.08 kB │ gzip:   0.10 kB
dist/assets/arms_short_plush-shoulderRight-contour-CvIMiarN.js                                0.08 kB │ gzip:   0.10 kB
dist/assets/arms_short_plush-shoulderRight-contour-DD4i_itI.js                                0.08 kB │ gzip:   0.10 kB
dist/assets/arms_short_plush-shoulderRight-contour-DOwHqcRh.js                                0.08 kB │ gzip:   0.10 kB
dist/assets/body_biped_peanut-hipLeft-background-BCsckg1a.js                                  0.08 kB │ gzip:   0.10 kB
dist/assets/body_biped_peanut-hipLeft-background-C50HTreq.js                                  0.08 kB │ gzip:   0.10 kB
dist/assets/body_biped_peanut-hipLeft-background-S_6VMN-u.js                                  0.08 kB │ gzip:   0.10 kB
dist/assets/body_biped_peanut-hipLeft-contour-BCsckg1a.js                                     0.08 kB │ gzip:   0.10 kB
dist/assets/body_biped_peanut-hipLeft-contour-C50HTreq.js                                     0.08 kB │ gzip:   0.10 kB
dist/assets/body_biped_peanut-hipLeft-contour-S_6VMN-u.js                                     0.08 kB │ gzip:   0.10 kB
dist/assets/body_biped_peanut-hipLeft-foreground-BCsckg1a.js                                  0.08 kB │ gzip:   0.10 kB
dist/assets/body_biped_peanut-hipLeft-foreground-C50HTreq.js                                  0.08 kB │ gzip:   0.10 kB
dist/assets/body_biped_peanut-hipLeft-foreground-S_6VMN-u.js                                  0.08 kB │ gzip:   0.10 kB
dist/assets/body_biped_tall-extraLeft-contour-C11qiYFr.js                                     0.08 kB │ gzip:   0.10 kB
dist/assets/body_biped_tall-extraLeft-contour-DmH8VSeT.js                                     0.08 kB │ gzip:   0.10 kB
dist/assets/body_biped_tall-extraLeft-contour-az2QTOTi.js                                     0.08 kB │ gzip:   0.10 kB
dist/assets/body_blob_round-extraLeft-contour-BnuyQnnf.js                                     0.08 kB │ gzip:   0.10 kB
dist/assets/body_blob_round-extraLeft-contour-CE8Flwgh.js                                     0.08 kB │ gzip:   0.10 kB
dist/assets/body_blob_round-extraLeft-contour-CegtcAzj.js                                     0.08 kB │ gzip:   0.10 kB
dist/assets/body_blob_wide-extraRight-contour-BDfzkpmc.js                                     0.08 kB │ gzip:   0.10 kB
dist/assets/body_blob_wide-extraRight-contour-jbg1ksDp.js                                     0.08 kB │ gzip:   0.10 kB
dist/assets/body_blob_wide-extraRight-contour-zyTIrjzJ.js                                     0.08 kB │ gzip:   0.10 kB
dist/assets/body_blob_wide-hipLeft-background-CMQ9QRLr.js                                     0.08 kB │ gzip:   0.10 kB
dist/assets/body_blob_wide-hipLeft-background-DLIs2PiT.js                                     0.08 kB │ gzip:   0.10 kB
dist/assets/body_blob_wide-hipLeft-background-pOIXmgLf.js                                     0.08 kB │ gzip:   0.10 kB
dist/assets/body_blob_wide-hipLeft-foreground-DLPQ9-IN.js                                     0.08 kB │ gzip:   0.10 kB
dist/assets/body_blob_wide-hipLeft-foreground-DaIOmVDY.js                                     0.08 kB │ gzip:   0.10 kB
dist/assets/body_blob_wide-hipLeft-foreground-GMoFrgfM.js                                     0.08 kB │ gzip:   0.10 kB
dist/assets/colorScheme_l_moonstone-spectrum-CqBAXssY.js                                      0.08 kB │ gzip:   0.10 kB
dist/assets/extra_moth_wings-biped-extraLeft-CY6P5r60.js                                      0.08 kB │ gzip:   0.10 kB
dist/assets/extra_moth_wings-biped-extraLeft-DWk4Wx0Z.js                                      0.08 kB │ gzip:   0.10 kB
dist/assets/extra_moth_wings-biped-extraLeft-wA7dhgVR.js                                      0.08 kB │ gzip:   0.10 kB
dist/assets/extra_moth_wings-biped-extraRight-B5DWGy-S.js                                     0.08 kB │ gzip:   0.10 kB
dist/assets/extra_moth_wings-biped-extraRight-BY6SqICJ.js                                     0.08 kB │ gzip:   0.10 kB
dist/assets/extra_moth_wings-biped-extraRight-CbozbS_B.js                                     0.08 kB │ gzip:   0.10 kB
dist/assets/extra_moth_wings-blob-extraRight-CLu6C31p.js                                      0.08 kB │ gzip:   0.10 kB
dist/assets/extra_moth_wings-blob-extraRight-D0gxrcYa.js                                      0.08 kB │ gzip:   0.10 kB
dist/assets/extra_moth_wings-blob-extraRight-DXOtIiH9.js                                      0.08 kB │ gzip:   0.10 kB
dist/assets/extra_moth_wings-extraLeft-contour-4oFn4p48.js                                    0.08 kB │ gzip:   0.10 kB
dist/assets/extra_moth_wings-extraLeft-contour-Bw5kxxNT.js                                    0.08 kB │ gzip:   0.10 kB
dist/assets/extra_moth_wings-extraLeft-contour-By0MK6mr.js                                    0.08 kB │ gzip:   0.10 kB
dist/assets/extra_moth_wings-extraLeft-contour-CvawPkY9.js                                    0.08 kB │ gzip:   0.10 kB
dist/assets/extra_moth_wings-extraLeft-contour-D0XLf5Lv.js                                    0.08 kB │ gzip:   0.10 kB
dist/assets/extra_moth_wings-extraLeft-contour-DQDpuF0g.js                                    0.08 kB │ gzip:   0.10 kB
dist/assets/extra_moth_wings-extraLeft-contour-Dgk_aj_a.js                                    0.08 kB │ gzip:   0.10 kB
dist/assets/extra_moth_wings-extraLeft-contour-Dv3V9rI8.js                                    0.08 kB │ gzip:   0.10 kB
dist/assets/extra_moth_wings-extraLeft-contour-YQONi8dv.js                                    0.08 kB │ gzip:   0.10 kB
dist/assets/extra_side_fins-biped-extraRight-CXP8AOlg.js                                      0.08 kB │ gzip:   0.10 kB
dist/assets/extra_side_fins-biped-extraRight-CgTf1Xen.js                                      0.08 kB │ gzip:   0.10 kB
dist/assets/extra_side_fins-biped-extraRight-DPwaAWEq.js                                      0.08 kB │ gzip:   0.10 kB
dist/assets/extra_side_fins-extraLeft-contour-4oFn4p48.js                                     0.08 kB │ gzip:   0.10 kB
dist/assets/extra_side_fins-extraLeft-contour-Bw5kxxNT.js                                     0.08 kB │ gzip:   0.10 kB
dist/assets/extra_side_fins-extraLeft-contour-By0MK6mr.js                                     0.08 kB │ gzip:   0.10 kB
dist/assets/extra_side_fins-extraLeft-contour-CvawPkY9.js                                     0.08 kB │ gzip:   0.10 kB
dist/assets/extra_side_fins-extraLeft-contour-D0XLf5Lv.js                                     0.08 kB │ gzip:   0.10 kB
dist/assets/extra_side_fins-extraLeft-contour-DQDpuF0g.js                                     0.08 kB │ gzip:   0.10 kB
dist/assets/extra_side_fins-extraLeft-contour-Dgk_aj_a.js                                     0.08 kB │ gzip:   0.10 kB
dist/assets/extra_side_fins-extraLeft-contour-Dv3V9rI8.js                                     0.08 kB │ gzip:   0.10 kB
dist/assets/extra_side_fins-extraLeft-contour-YQONi8dv.js                                     0.08 kB │ gzip:   0.10 kB
dist/assets/extra_soft_tentacles-extraLeft-contour-4oFn4p48.js                                0.08 kB │ gzip:   0.10 kB
dist/assets/extra_soft_tentacles-extraLeft-contour-Bw5kxxNT.js                                0.08 kB │ gzip:   0.10 kB
dist/assets/extra_soft_tentacles-extraLeft-contour-By0MK6mr.js                                0.08 kB │ gzip:   0.10 kB
dist/assets/extra_soft_tentacles-extraLeft-contour-CvawPkY9.js                                0.08 kB │ gzip:   0.10 kB
dist/assets/extra_soft_tentacles-extraLeft-contour-D0XLf5Lv.js                                0.08 kB │ gzip:   0.10 kB
dist/assets/extra_soft_tentacles-extraLeft-contour-DQDpuF0g.js                                0.08 kB │ gzip:   0.10 kB
dist/assets/extra_soft_tentacles-extraLeft-contour-Dgk_aj_a.js                                0.08 kB │ gzip:   0.10 kB
dist/assets/extra_soft_tentacles-extraLeft-contour-Dv3V9rI8.js                                0.08 kB │ gzip:   0.10 kB
dist/assets/extra_soft_tentacles-extraLeft-contour-YQONi8dv.js                                0.08 kB │ gzip:   0.10 kB
dist/assets/head_feline_round-neck-background-D4Z5SJjw.js                                     0.08 kB │ gzip:   0.09 kB
dist/assets/head_feline_round-neck-foreground-B2lpx20-.js                                     0.08 kB │ gzip:   0.09 kB
dist/assets/head_mushroom_cap-neck-background-BPknZMJM.js                                     0.08 kB │ gzip:   0.10 kB
dist/assets/head_mushroom_cap-neck-background-C7k4ewm6.js                                     0.08 kB │ gzip:   0.10 kB
dist/assets/head_mushroom_cap-neck-background-CoCqtU5P.js                                     0.08 kB │ gzip:   0.10 kB
dist/assets/head_mushroom_cap-neck-background-CxHWrnYC.js                                     0.08 kB │ gzip:   0.10 kB
dist/assets/head_mushroom_cap-neck-background-DAD1Jhdq.js                                     0.08 kB │ gzip:   0.10 kB
dist/assets/head_mushroom_cap-neck-background-DSug6EVB.js                                     0.08 kB │ gzip:   0.10 kB
dist/assets/head_mushroom_cap-neck-background-DUd8kygE.js                                     0.08 kB │ gzip:   0.10 kB
dist/assets/head_mushroom_cap-neck-background-DZhTlkL_.js                                     0.08 kB │ gzip:   0.10 kB
dist/assets/head_mushroom_cap-neck-background-DmpC2OA2.js                                     0.08 kB │ gzip:   0.10 kB
dist/assets/head_mushroom_cap-neck-background-DuX9z6tY.js                                     0.08 kB │ gzip:   0.10 kB
dist/assets/head_mushroom_cap-neck-background-zCp4dozN.js                                     0.08 kB │ gzip:   0.10 kB
dist/assets/head_mushroom_cap-neck-foreground-0JNYG-sZ.js                                     0.08 kB │ gzip:   0.10 kB
dist/assets/head_mushroom_cap-neck-foreground-78cBKKlj.js                                     0.08 kB │ gzip:   0.10 kB
dist/assets/head_mushroom_cap-neck-foreground-BBWg1Bz0.js                                     0.08 kB │ gzip:   0.10 kB
dist/assets/head_mushroom_cap-neck-foreground-Bq4eldrs.js                                     0.08 kB │ gzip:   0.10 kB
dist/assets/head_mushroom_cap-neck-foreground-CVURCPu2.js                                     0.08 kB │ gzip:   0.10 kB
dist/assets/head_mushroom_cap-neck-foreground-DDrAUiVB.js                                     0.08 kB │ gzip:   0.10 kB
dist/assets/head_mushroom_cap-neck-foreground-DJiF_a1R.js                                     0.08 kB │ gzip:   0.10 kB
dist/assets/head_mushroom_cap-neck-foreground-Dumvqtis.js                                     0.08 kB │ gzip:   0.10 kB
dist/assets/head_mushroom_cap-neck-foreground-X8Yr5mk2.js                                     0.08 kB │ gzip:   0.10 kB
dist/assets/head_mushroom_cap-neck-foreground-m2XgFOvr.js                                     0.08 kB │ gzip:   0.10 kB
dist/assets/head_mushroom_cap-neck-foreground-zvWY5Ryo.js                                     0.08 kB │ gzip:   0.10 kB
dist/assets/legs_shadow_tiptoe-biped-hipLeft-CGqbBzpG.js                                      0.08 kB │ gzip:   0.10 kB
dist/assets/legs_shadow_tiptoe-biped-hipLeft-DKUfhr02.js                                      0.08 kB │ gzip:   0.10 kB
dist/assets/legs_shadow_tiptoe-biped-hipLeft-YqFhc9d8.js                                      0.08 kB │ gzip:   0.10 kB
dist/assets/legs_shadow_tiptoe-biped-hipRight-D9KJNV9j.js                                     0.08 kB │ gzip:   0.10 kB
dist/assets/legs_shadow_tiptoe-biped-hipRight-DRmU7bbE.js                                     0.08 kB │ gzip:   0.10 kB
dist/assets/legs_shadow_tiptoe-biped-hipRight-fwr07gSE.js                                     0.08 kB │ gzip:   0.10 kB
dist/assets/legs_shadow_tiptoe-blob-hipRight-BOIwbJaR.js                                      0.08 kB │ gzip:   0.10 kB
dist/assets/legs_shadow_tiptoe-blob-hipRight-CbIAQmJd.js                                      0.08 kB │ gzip:   0.10 kB
dist/assets/legs_shadow_tiptoe-blob-hipRight-YFOsovJM.js                                      0.08 kB │ gzip:   0.10 kB
dist/assets/legs_shadow_tiptoe-hipLeft-background-Ded3EK1x.js                                 0.08 kB │ gzip:   0.10 kB
dist/assets/legs_shadow_tiptoe-hipLeft-background-LEiimCD5.js                                 0.08 kB │ gzip:   0.10 kB
dist/assets/legs_shadow_tiptoe-hipLeft-background-gigP8yRa.js                                 0.08 kB │ gzip:   0.10 kB
dist/assets/legs_shadow_tiptoe-hipLeft-foreground-UNorypPO.js                                 0.08 kB │ gzip:   0.10 kB
dist/assets/legs_shadow_tiptoe-hipLeft-foreground-ptFl08hL.js                                 0.08 kB │ gzip:   0.10 kB
dist/assets/legs_shadow_tiptoe-hipLeft-foreground-xUJ146eH.js                                 0.08 kB │ gzip:   0.10 kB
dist/assets/legs_stub_feet-floating-hipRight-COoE-w1B.js                                      0.08 kB │ gzip:   0.10 kB
dist/assets/legs_stub_feet-floating-hipRight-byIxINAE.js                                      0.08 kB │ gzip:   0.10 kB
dist/assets/legs_stub_feet-floating-hipRight-zs-Rp0rS.js                                      0.08 kB │ gzip:   0.10 kB
dist/assets/legs_stub_feet-hipLeft-background-Ded3EK1x.js                                     0.08 kB │ gzip:   0.10 kB
dist/assets/legs_stub_feet-hipLeft-background-LEiimCD5.js                                     0.08 kB │ gzip:   0.10 kB
dist/assets/legs_stub_feet-hipLeft-background-gigP8yRa.js                                     0.08 kB │ gzip:   0.10 kB
dist/assets/legs_stub_feet-hipLeft-foreground-UNorypPO.js                                     0.08 kB │ gzip:   0.10 kB
dist/assets/legs_stub_feet-hipLeft-foreground-ptFl08hL.js                                     0.08 kB │ gzip:   0.10 kB
dist/assets/legs_stub_feet-hipLeft-foreground-xUJ146eH.js                                     0.08 kB │ gzip:   0.10 kB
dist/assets/surfaceMaterial_r_crystal-fleece-hP4abUu7.js                                      0.08 kB │ gzip:   0.10 kB
dist/assets/surfaceMaterial_r_luminous-plush-z-GIwWQJ.js                                      0.08 kB │ gzip:   0.10 kB
dist/assets/tail_cat_long-tailRoot-background-CEX2b5Mj.js                                     0.08 kB │ gzip:   0.10 kB
dist/assets/tail_cat_long-tailRoot-background-D6vPZukH.js                                     0.08 kB │ gzip:   0.10 kB
dist/assets/tail_cat_long-tailRoot-background-Dp-CKzu9.js                                     0.08 kB │ gzip:   0.10 kB
dist/assets/tail_cat_long-tailRoot-foreground-CQEm6tlz.js                                     0.08 kB │ gzip:   0.10 kB
dist/assets/tail_cat_long-tailRoot-foreground-DlOT6LOd.js                                     0.08 kB │ gzip:   0.10 kB
dist/assets/tail_cat_long-tailRoot-foreground-t4dGM1vQ.js                                     0.08 kB │ gzip:   0.10 kB
dist/assets/tail_dog_long-tailRoot-background-C7B0ZCLW.js                                     0.08 kB │ gzip:   0.10 kB
dist/assets/tail_dog_long-tailRoot-background-CEX2b5Mj.js                                     0.08 kB │ gzip:   0.10 kB
dist/assets/tail_dog_long-tailRoot-background-D6vPZukH.js                                     0.08 kB │ gzip:   0.10 kB
dist/assets/tail_dog_long-tailRoot-foreground-CQEm6tlz.js                                     0.08 kB │ gzip:   0.10 kB
dist/assets/tail_dog_long-tailRoot-foreground-DvMMd2I5.js                                     0.08 kB │ gzip:   0.10 kB
dist/assets/tail_dog_long-tailRoot-foreground-t4dGM1vQ.js                                     0.08 kB │ gzip:   0.10 kB
dist/assets/tail_feline_curl-tailRoot-contour-DwP669Ow.js                                     0.08 kB │ gzip:   0.10 kB
dist/assets/tail_feline_long-tailRoot-contour-Cmrfz4gI.js                                     0.08 kB │ gzip:   0.10 kB
dist/assets/tail_feline_star_tip-tailRoot-contour-Cmrfz4gI.js                                 0.08 kB │ gzip:   0.10 kB
dist/assets/tail_fish_fan-tailRoot-background-4vo059JB.js                                     0.08 kB │ gzip:   0.10 kB
dist/assets/tail_fish_fan-tailRoot-background-8U0yg8LH.js                                     0.08 kB │ gzip:   0.10 kB
dist/assets/tail_fish_fan-tailRoot-background-CjR0QPAd.js                                     0.08 kB │ gzip:   0.10 kB
dist/assets/tail_fish_fan-tailRoot-background-CmZ5DxFN.js                                     0.08 kB │ gzip:   0.10 kB
dist/assets/tail_fish_fan-tailRoot-background-DYSc9sQr.js                                     0.08 kB │ gzip:   0.10 kB
dist/assets/tail_fish_fan-tailRoot-background-Kmk83-Yt.js                                     0.08 kB │ gzip:   0.10 kB
dist/assets/tail_fish_fan-tailRoot-foreground-B2kQOchp.js                                     0.08 kB │ gzip:   0.10 kB
dist/assets/tail_fish_fan-tailRoot-foreground-BYyONxEO.js                                     0.08 kB │ gzip:   0.10 kB
dist/assets/tail_fish_fan-tailRoot-foreground-CRJNLUj0.js                                     0.08 kB │ gzip:   0.10 kB
dist/assets/tail_fish_fan-tailRoot-foreground-CVCxT6fq.js                                     0.08 kB │ gzip:   0.10 kB
dist/assets/tail_fish_fan-tailRoot-foreground-DKf9Z_s7.js                                     0.08 kB │ gzip:   0.10 kB
dist/assets/tail_fish_fan-tailRoot-foreground-DhIUOWck.js                                     0.08 kB │ gzip:   0.10 kB
dist/assets/tail_mushroom_cluster-tailRoot-background-4vo059JB.js                             0.08 kB │ gzip:   0.10 kB
dist/assets/tail_mushroom_cluster-tailRoot-background-8U0yg8LH.js                             0.08 kB │ gzip:   0.10 kB
dist/assets/tail_mushroom_cluster-tailRoot-background-CjR0QPAd.js                             0.08 kB │ gzip:   0.10 kB
dist/assets/tail_mushroom_cluster-tailRoot-background-CmZ5DxFN.js                             0.08 kB │ gzip:   0.10 kB
dist/assets/tail_mushroom_cluster-tailRoot-background-DYSc9sQr.js                             0.08 kB │ gzip:   0.10 kB
dist/assets/tail_mushroom_cluster-tailRoot-background-Kmk83-Yt.js                             0.08 kB │ gzip:   0.10 kB
dist/assets/tail_mushroom_cluster-tailRoot-foreground-B2kQOchp.js                             0.08 kB │ gzip:   0.10 kB
dist/assets/tail_mushroom_cluster-tailRoot-foreground-BYyONxEO.js                             0.08 kB │ gzip:   0.10 kB
dist/assets/tail_mushroom_cluster-tailRoot-foreground-CRJNLUj0.js                             0.08 kB │ gzip:   0.10 kB
dist/assets/tail_mushroom_cluster-tailRoot-foreground-CVCxT6fq.js                             0.08 kB │ gzip:   0.10 kB
dist/assets/tail_mushroom_cluster-tailRoot-foreground-DKf9Z_s7.js                             0.08 kB │ gzip:   0.10 kB
dist/assets/tail_mushroom_cluster-tailRoot-foreground-DhIUOWck.js                             0.08 kB │ gzip:   0.10 kB
dist/assets/tail_soft_curl-tailRoot-background-4vo059JB.js                                    0.08 kB │ gzip:   0.10 kB
dist/assets/tail_soft_curl-tailRoot-background-8U0yg8LH.js                                    0.08 kB │ gzip:   0.10 kB
dist/assets/tail_soft_curl-tailRoot-background-CjR0QPAd.js                                    0.08 kB │ gzip:   0.10 kB
dist/assets/tail_soft_curl-tailRoot-background-CmZ5DxFN.js                                    0.08 kB │ gzip:   0.10 kB
dist/assets/tail_soft_curl-tailRoot-background-DYSc9sQr.js                                    0.08 kB │ gzip:   0.10 kB
dist/assets/tail_soft_curl-tailRoot-background-Kmk83-Yt.js                                    0.08 kB │ gzip:   0.10 kB
dist/assets/tail_soft_curl-tailRoot-foreground-B2kQOchp.js                                    0.08 kB │ gzip:   0.10 kB
dist/assets/tail_soft_curl-tailRoot-foreground-BYyONxEO.js                                    0.08 kB │ gzip:   0.10 kB
dist/assets/tail_soft_curl-tailRoot-foreground-CRJNLUj0.js                                    0.08 kB │ gzip:   0.10 kB
dist/assets/tail_soft_curl-tailRoot-foreground-CVCxT6fq.js                                    0.08 kB │ gzip:   0.10 kB
dist/assets/tail_soft_curl-tailRoot-foreground-DKf9Z_s7.js                                    0.08 kB │ gzip:   0.10 kB
dist/assets/tail_soft_curl-tailRoot-foreground-DhIUOWck.js                                    0.08 kB │ gzip:   0.10 kB
dist/assets/arms_long_noodle-blob-shoulderLeft-CPCpop6m.js                                    0.08 kB │ gzip:   0.10 kB
dist/assets/arms_long_noodle-blob-shoulderLeft-DUBgOWtz.js                                    0.08 kB │ gzip:   0.10 kB
dist/assets/arms_long_noodle-blob-shoulderLeft-GFEfUnhK.js                                    0.08 kB │ gzip:   0.10 kB
dist/assets/arms_paddle-floating-shoulderLeft-Bskqsj65.js                                     0.08 kB │ gzip:   0.10 kB
dist/assets/arms_paddle-floating-shoulderLeft-BzN5_R12.js                                     0.08 kB │ gzip:   0.10 kB
dist/assets/arms_paddle-floating-shoulderLeft-CIGr-JZO.js                                     0.08 kB │ gzip:   0.10 kB
dist/assets/arms_paddle-floating-shoulderRight-D9dTIxfe.js                                    0.08 kB │ gzip:   0.10 kB
dist/assets/arms_paddle-floating-shoulderRight-DQWAlxDz.js                                    0.08 kB │ gzip:   0.10 kB
dist/assets/arms_paddle-floating-shoulderRight-Dd7iXMRZ.js                                    0.08 kB │ gzip:   0.10 kB
dist/assets/arms_short_plush-blob-shoulderLeft-BEdYrb7g.js                                    0.08 kB │ gzip:   0.10 kB
dist/assets/arms_short_plush-blob-shoulderLeft-C8TX8tiS.js                                    0.08 kB │ gzip:   0.10 kB
dist/assets/arms_short_plush-blob-shoulderLeft-Ca9cg0Of.js                                    0.08 kB │ gzip:   0.10 kB
dist/assets/body_biped_peanut-hipRight-background-BL7D3MEf.js                                 0.08 kB │ gzip:   0.10 kB
dist/assets/body_biped_peanut-hipRight-background-BmSnvSic.js                                 0.08 kB │ gzip:   0.10 kB
dist/assets/body_biped_peanut-hipRight-background-DFIP2Pbw.js                                 0.08 kB │ gzip:   0.10 kB
dist/assets/body_biped_peanut-hipRight-contour-BL7D3MEf.js                                    0.08 kB │ gzip:   0.10 kB
dist/assets/body_biped_peanut-hipRight-contour-BmSnvSic.js                                    0.08 kB │ gzip:   0.10 kB
dist/assets/body_biped_peanut-hipRight-contour-DFIP2Pbw.js                                    0.08 kB │ gzip:   0.10 kB
dist/assets/body_biped_peanut-hipRight-foreground-BL7D3MEf.js                                 0.08 kB │ gzip:   0.10 kB
dist/assets/body_biped_peanut-hipRight-foreground-BmSnvSic.js                                 0.08 kB │ gzip:   0.10 kB
dist/assets/body_biped_peanut-hipRight-foreground-DFIP2Pbw.js                                 0.08 kB │ gzip:   0.10 kB
dist/assets/body_biped_peanut-tailRoot-contour-CFXS5dEr.js                                    0.08 kB │ gzip:   0.10 kB
dist/assets/body_biped_peanut-tailRoot-contour-CVkQnCZn.js                                    0.08 kB │ gzip:   0.10 kB
dist/assets/body_biped_peanut-tailRoot-contour-Cab_aQft.js                                    0.08 kB │ gzip:   0.10 kB
dist/assets/body_biped_tall-extraRight-contour-ByAwPSB2.js                                    0.08 kB │ gzip:   0.10 kB
dist/assets/body_biped_tall-extraRight-contour-CZFO2iMx.js                                    0.08 kB │ gzip:   0.10 kB
dist/assets/body_biped_tall-extraRight-contour-u6LSF-CP.js                                    0.08 kB │ gzip:   0.10 kB
dist/assets/body_blob_round-extraRight-contour-6edk7JDv.js                                    0.08 kB │ gzip:   0.10 kB
dist/assets/body_blob_round-extraRight-contour-BPTj14OW.js                                    0.08 kB │ gzip:   0.10 kB
dist/assets/body_blob_round-extraRight-contour-CA5fCdIH.js                                    0.08 kB │ gzip:   0.10 kB
dist/assets/body_blob_round-hipLeft-background-B5jJi2X8.js                                    0.08 kB │ gzip:   0.10 kB
dist/assets/body_blob_round-hipLeft-background-BExZOvzt.js                                    0.08 kB │ gzip:   0.10 kB
dist/assets/body_blob_round-hipLeft-background-CNkiHv8R.js                                    0.08 kB │ gzip:   0.10 kB
dist/assets/body_blob_round-hipLeft-foreground-CDSeomd7.js                                    0.08 kB │ gzip:   0.10 kB
dist/assets/body_blob_round-hipLeft-foreground-DbdFfubh.js                                    0.08 kB │ gzip:   0.10 kB
dist/assets/body_blob_round-hipLeft-foreground-hXY2WhOD.js                                    0.08 kB │ gzip:   0.10 kB
dist/assets/body_blob_wide-hipRight-background-BgmZKubU.js                                    0.08 kB │ gzip:   0.10 kB
dist/assets/body_blob_wide-hipRight-background-BlnXQyNt.js                                    0.08 kB │ gzip:   0.10 kB
dist/assets/body_blob_wide-hipRight-background-Dqw5xyBG.js                                    0.08 kB │ gzip:   0.10 kB
dist/assets/body_blob_wide-hipRight-foreground-BTmVftoj.js                                    0.08 kB │ gzip:   0.10 kB
dist/assets/body_blob_wide-hipRight-foreground-BjN85VDJ.js                                    0.08 kB │ gzip:   0.10 kB
dist/assets/body_blob_wide-hipRight-foreground-Dz9y0Csy.js                                    0.08 kB │ gzip:   0.10 kB
dist/assets/body_blob_wide-tailRoot-background-BE9dYkBY.js                                    0.08 kB │ gzip:   0.10 kB
dist/assets/body_blob_wide-tailRoot-background-BuMnU7BZ.js                                    0.08 kB │ gzip:   0.10 kB
dist/assets/body_blob_wide-tailRoot-background-DkR5xW9R.js                                    0.08 kB │ gzip:   0.10 kB
dist/assets/body_blob_wide-tailRoot-foreground-ChbcssE4.js                                    0.08 kB │ gzip:   0.10 kB
dist/assets/body_blob_wide-tailRoot-foreground-h9EevdrZ.js                                    0.08 kB │ gzip:   0.10 kB
dist/assets/body_blob_wide-tailRoot-foreground-zj5tBzkX.js                                    0.08 kB │ gzip:   0.10 kB
dist/assets/body_feline_sit_plush-neck-contour-CboPAvmc.js                                    0.08 kB │ gzip:   0.09 kB
dist/assets/body_feline_sit_round-neck-contour-CboPAvmc.js                                    0.08 kB │ gzip:   0.09 kB
dist/assets/body_floating_drop-hipLeft-contour-B_d3GXjw.js                                    0.08 kB │ gzip:   0.10 kB
dist/assets/body_floating_drop-hipLeft-contour-COjOB8fU.js                                    0.08 kB │ gzip:   0.10 kB
dist/assets/body_floating_drop-hipLeft-contour-klW67ehV.js                                    0.08 kB │ gzip:   0.10 kB
dist/assets/extra_moth_wings-biped-extraRight-B70U7pTN.js                                     0.08 kB │ gzip:   0.10 kB
dist/assets/extra_moth_wings-biped-extraRight-BKcsAET2.js                                     0.08 kB │ gzip:   0.10 kB
dist/assets/extra_moth_wings-biped-extraRight-zGj4FpW_.js                                     0.08 kB │ gzip:   0.10 kB
dist/assets/extra_moth_wings-extraRight-contour-7Lj34BOy.js                                   0.08 kB │ gzip:   0.10 kB
dist/assets/extra_moth_wings-extraRight-contour-B7yMZ61X.js                                   0.08 kB │ gzip:   0.10 kB
dist/assets/extra_moth_wings-extraRight-contour-BZaU7Yek.js                                   0.08 kB │ gzip:   0.10 kB
dist/assets/extra_moth_wings-extraRight-contour-C1NWhj0w.js                                   0.08 kB │ gzip:   0.10 kB
dist/assets/extra_moth_wings-extraRight-contour-CAMogQ62.js                                   0.08 kB │ gzip:   0.10 kB
dist/assets/extra_moth_wings-extraRight-contour-CInOSbTp.js                                   0.08 kB │ gzip:   0.10 kB
dist/assets/extra_moth_wings-extraRight-contour-Czr_83d2.js                                   0.08 kB │ gzip:   0.10 kB
dist/assets/extra_moth_wings-extraRight-contour-CzyGfbz2.js                                   0.08 kB │ gzip:   0.10 kB
dist/assets/extra_moth_wings-extraRight-contour-DtncCOsB.js                                   0.08 kB │ gzip:   0.10 kB
dist/assets/extra_side_fins-extraRight-contour-7Lj34BOy.js                                    0.08 kB │ gzip:   0.10 kB
dist/assets/extra_side_fins-extraRight-contour-B7yMZ61X.js                                    0.08 kB │ gzip:   0.10 kB
dist/assets/extra_side_fins-extraRight-contour-BZaU7Yek.js                                    0.08 kB │ gzip:   0.10 kB
dist/assets/extra_side_fins-extraRight-contour-C1NWhj0w.js                                    0.08 kB │ gzip:   0.10 kB
dist/assets/extra_side_fins-extraRight-contour-CAMogQ62.js                                    0.08 kB │ gzip:   0.10 kB
dist/assets/extra_side_fins-extraRight-contour-CInOSbTp.js                                    0.08 kB │ gzip:   0.10 kB
dist/assets/extra_side_fins-extraRight-contour-Czr_83d2.js                                    0.08 kB │ gzip:   0.10 kB
dist/assets/extra_side_fins-extraRight-contour-CzyGfbz2.js                                    0.08 kB │ gzip:   0.10 kB
dist/assets/extra_side_fins-extraRight-contour-DtncCOsB.js                                    0.08 kB │ gzip:   0.10 kB
dist/assets/extra_side_fins-floating-extraLeft-1a7WciYA.js                                    0.08 kB │ gzip:   0.10 kB
dist/assets/extra_side_fins-floating-extraLeft-CEqqoKyD.js                                    0.08 kB │ gzip:   0.10 kB
dist/assets/extra_side_fins-floating-extraLeft-DQACdwbK.js                                    0.08 kB │ gzip:   0.10 kB
dist/assets/extra_soft_tentacles-extraRight-contour-7Lj34BOy.js                               0.08 kB │ gzip:   0.10 kB
dist/assets/extra_soft_tentacles-extraRight-contour-B7yMZ61X.js                               0.08 kB │ gzip:   0.10 kB
dist/assets/extra_soft_tentacles-extraRight-contour-BZaU7Yek.js                               0.08 kB │ gzip:   0.10 kB
dist/assets/extra_soft_tentacles-extraRight-contour-C1NWhj0w.js                               0.08 kB │ gzip:   0.10 kB
dist/assets/extra_soft_tentacles-extraRight-contour-CAMogQ62.js                               0.08 kB │ gzip:   0.10 kB
dist/assets/extra_soft_tentacles-extraRight-contour-CInOSbTp.js                               0.08 kB │ gzip:   0.10 kB
dist/assets/extra_soft_tentacles-extraRight-contour-Czr_83d2.js                               0.08 kB │ gzip:   0.10 kB
dist/assets/extra_soft_tentacles-extraRight-contour-CzyGfbz2.js                               0.08 kB │ gzip:   0.10 kB
dist/assets/extra_soft_tentacles-extraRight-contour-DtncCOsB.js                               0.08 kB │ gzip:   0.10 kB
dist/assets/head_feline_tufted-neck-background-CMEGvXFF.js                                    0.08 kB │ gzip:   0.10 kB
dist/assets/head_feline_tufted-neck-foreground-B61H7pLX.js                                    0.08 kB │ gzip:   0.10 kB
dist/assets/legs_shadow_tiptoe-biped-hipRight-B_fxC_pi.js                                     0.08 kB │ gzip:   0.10 kB
dist/assets/legs_shadow_tiptoe-biped-hipRight-ChxTYm0Y.js                                     0.08 kB │ gzip:   0.10 kB
dist/assets/legs_shadow_tiptoe-biped-hipRight-D9BJ70PV.js                                     0.08 kB │ gzip:   0.10 kB
dist/assets/legs_shadow_tiptoe-hipRight-background-BSApzQgb.js                                0.08 kB │ gzip:   0.10 kB
dist/assets/legs_shadow_tiptoe-hipRight-background-CBq-HBlu.js                                0.08 kB │ gzip:   0.10 kB
dist/assets/legs_shadow_tiptoe-hipRight-background-CUs3HeS4.js                                0.08 kB │ gzip:   0.10 kB
dist/assets/legs_shadow_tiptoe-hipRight-foreground-CChNETqn.js                                0.08 kB │ gzip:   0.10 kB
dist/assets/legs_shadow_tiptoe-hipRight-foreground-Cv85FEHR.js                                0.08 kB │ gzip:   0.10 kB
dist/assets/legs_shadow_tiptoe-hipRight-foreground-DeTnkU0P.js                                0.08 kB │ gzip:   0.10 kB
dist/assets/legs_stub_feet-hipRight-background-BSApzQgb.js                                    0.08 kB │ gzip:   0.10 kB
dist/assets/legs_stub_feet-hipRight-background-CBq-HBlu.js                                    0.08 kB │ gzip:   0.10 kB
dist/assets/legs_stub_feet-hipRight-background-CUs3HeS4.js                                    0.08 kB │ gzip:   0.10 kB
dist/assets/legs_stub_feet-hipRight-foreground-CChNETqn.js                                    0.08 kB │ gzip:   0.10 kB
dist/assets/legs_stub_feet-hipRight-foreground-Cv85FEHR.js                                    0.08 kB │ gzip:   0.10 kB
dist/assets/legs_stub_feet-hipRight-foreground-DeTnkU0P.js                                    0.08 kB │ gzip:   0.10 kB
dist/assets/arms_long_noodle-blob-shoulderLeft-1aFFpL_p.js                                    0.08 kB │ gzip:   0.10 kB
dist/assets/arms_long_noodle-blob-shoulderLeft-BaPwpipG.js                                    0.08 kB │ gzip:   0.10 kB
dist/assets/arms_long_noodle-blob-shoulderLeft-CW2sWuMS.js                                    0.08 kB │ gzip:   0.10 kB
dist/assets/arms_long_noodle-blob-shoulderRight-B0CHsoQ8.js                                   0.08 kB │ gzip:   0.10 kB
dist/assets/arms_long_noodle-blob-shoulderRight-BKzWbwlW.js                                   0.08 kB │ gzip:   0.10 kB
dist/assets/arms_long_noodle-blob-shoulderRight-DJGzMZIu.js                                   0.08 kB │ gzip:   0.10 kB
dist/assets/arms_long_noodle-shoulderLeft-background-BY7Q190L.js                              0.08 kB │ gzip:   0.10 kB
dist/assets/arms_long_noodle-shoulderLeft-background-CEX43NDN.js                              0.08 kB │ gzip:   0.10 kB
dist/assets/arms_long_noodle-shoulderLeft-background-Cky2mpNU.js                              0.08 kB │ gzip:   0.10 kB
dist/assets/arms_long_noodle-shoulderLeft-background-CpIkgK4u.js                              0.08 kB │ gzip:   0.10 kB
dist/assets/arms_long_noodle-shoulderLeft-background-UqE7ZS0G.js                              0.08 kB │ gzip:   0.10 kB
dist/assets/arms_long_noodle-shoulderLeft-background-oQspzKxu.js                              0.08 kB │ gzip:   0.10 kB
dist/assets/arms_long_noodle-shoulderLeft-foreground-BAXDZiHm.js                              0.08 kB │ gzip:   0.10 kB
dist/assets/arms_long_noodle-shoulderLeft-foreground-D6DGFYBO.js                              0.08 kB │ gzip:   0.10 kB
dist/assets/arms_long_noodle-shoulderLeft-foreground-D6jUPKs4.js                              0.08 kB │ gzip:   0.10 kB
dist/assets/arms_long_noodle-shoulderLeft-foreground-DG1oQNte.js                              0.08 kB │ gzip:   0.10 kB
dist/assets/arms_long_noodle-shoulderLeft-foreground-DH1i100e.js                              0.08 kB │ gzip:   0.10 kB
dist/assets/arms_long_noodle-shoulderLeft-foreground-DXsArD8c.js                              0.08 kB │ gzip:   0.10 kB
dist/assets/arms_paddle-floating-shoulderRight-B3FCt0A3.js                                    0.08 kB │ gzip:   0.10 kB
dist/assets/arms_paddle-floating-shoulderRight-OZgP5Rsp.js                                    0.08 kB │ gzip:   0.10 kB
dist/assets/arms_paddle-floating-shoulderRight-WVwJe8MP.js                                    0.08 kB │ gzip:   0.10 kB
dist/assets/arms_paddle-shoulderLeft-background-2IPVzrTY.js                                   0.08 kB │ gzip:   0.10 kB
dist/assets/arms_paddle-shoulderLeft-background-B3kN2QDx.js                                   0.08 kB │ gzip:   0.10 kB
dist/assets/arms_paddle-shoulderLeft-background-CEX43NDN.js                                   0.08 kB │ gzip:   0.10 kB
dist/assets/arms_paddle-shoulderLeft-background-CMtkdLN_.js                                   0.08 kB │ gzip:   0.10 kB
dist/assets/arms_paddle-shoulderLeft-background-CpIkgK4u.js                                   0.08 kB │ gzip:   0.10 kB
dist/assets/arms_paddle-shoulderLeft-background-L0tE7_i9.js                                   0.08 kB │ gzip:   0.10 kB
dist/assets/arms_paddle-shoulderLeft-background-bK3n9ykY.js                                   0.08 kB │ gzip:   0.10 kB
dist/assets/arms_paddle-shoulderLeft-background-f17nkXcc.js                                   0.08 kB │ gzip:   0.10 kB
dist/assets/arms_paddle-shoulderLeft-background-oQspzKxu.js                                   0.08 kB │ gzip:   0.10 kB
dist/assets/arms_paddle-shoulderLeft-foreground-BCncJtIl.js                                   0.08 kB │ gzip:   0.10 kB
dist/assets/arms_paddle-shoulderLeft-foreground-Cp72Mk4R.js                                   0.08 kB │ gzip:   0.10 kB
dist/assets/arms_paddle-shoulderLeft-foreground-D6DGFYBO.js                                   0.08 kB │ gzip:   0.10 kB
dist/assets/arms_paddle-shoulderLeft-foreground-DG1oQNte.js                                   0.08 kB │ gzip:   0.10 kB
dist/assets/arms_paddle-shoulderLeft-foreground-DXsArD8c.js                                   0.08 kB │ gzip:   0.10 kB
dist/assets/arms_paddle-shoulderLeft-foreground-Dkbf5v3O.js                                   0.08 kB │ gzip:   0.10 kB
dist/assets/arms_paddle-shoulderLeft-foreground-Dm_28uQI.js                                   0.08 kB │ gzip:   0.10 kB
dist/assets/arms_paddle-shoulderLeft-foreground-aZ-jHEzm.js                                   0.08 kB │ gzip:   0.10 kB
dist/assets/arms_paddle-shoulderLeft-foreground-pfTomZYv.js                                   0.08 kB │ gzip:   0.10 kB
dist/assets/arms_short_plush-blob-shoulderLeft-BDBkZ4-d.js                                    0.08 kB │ gzip:   0.10 kB
dist/assets/arms_short_plush-blob-shoulderLeft-CmODRVK0.js                                    0.08 kB │ gzip:   0.10 kB
dist/assets/arms_short_plush-blob-shoulderLeft-DbD27sko.js                                    0.08 kB │ gzip:   0.10 kB
dist/assets/arms_short_plush-blob-shoulderRight-Bx-j8TL1.js                                   0.08 kB │ gzip:   0.10 kB
dist/assets/arms_short_plush-blob-shoulderRight-CwZGI8Bt.js                                   0.08 kB │ gzip:   0.10 kB
dist/assets/arms_short_plush-blob-shoulderRight-D6_mqGtS.js                                   0.08 kB │ gzip:   0.10 kB
dist/assets/arms_short_plush-shoulderLeft-background-BY7Q190L.js                              0.08 kB │ gzip:   0.10 kB
dist/assets/arms_short_plush-shoulderLeft-background-CEX43NDN.js                              0.08 kB │ gzip:   0.10 kB
dist/assets/arms_short_plush-shoulderLeft-background-Cky2mpNU.js                              0.08 kB │ gzip:   0.10 kB
dist/assets/arms_short_plush-shoulderLeft-background-CpIkgK4u.js                              0.08 kB │ gzip:   0.10 kB
dist/assets/arms_short_plush-shoulderLeft-background-UqE7ZS0G.js                              0.08 kB │ gzip:   0.10 kB
dist/assets/arms_short_plush-shoulderLeft-background-oQspzKxu.js                              0.08 kB │ gzip:   0.10 kB
dist/assets/arms_short_plush-shoulderLeft-foreground-BAXDZiHm.js                              0.08 kB │ gzip:   0.10 kB
dist/assets/arms_short_plush-shoulderLeft-foreground-D6DGFYBO.js                              0.08 kB │ gzip:   0.10 kB
dist/assets/arms_short_plush-shoulderLeft-foreground-D6jUPKs4.js                              0.08 kB │ gzip:   0.10 kB
dist/assets/arms_short_plush-shoulderLeft-foreground-DG1oQNte.js                              0.08 kB │ gzip:   0.10 kB
dist/assets/arms_short_plush-shoulderLeft-foreground-DH1i100e.js                              0.08 kB │ gzip:   0.10 kB
dist/assets/arms_short_plush-shoulderLeft-foreground-DXsArD8c.js                              0.08 kB │ gzip:   0.10 kB
dist/assets/body_biped_peanut-extraLeft-contour-BxAXMmpc.js                                   0.08 kB │ gzip:   0.10 kB
dist/assets/body_biped_peanut-extraLeft-contour-CYcdRrw5.js                                   0.08 kB │ gzip:   0.10 kB
dist/assets/body_biped_peanut-extraLeft-contour-DPwDlbVT.js                                   0.08 kB │ gzip:   0.10 kB
dist/assets/body_biped_tall-tailRoot-background-BA9Xu7p3.js                                   0.08 kB │ gzip:   0.10 kB
dist/assets/body_biped_tall-tailRoot-background-CD71pDIb.js                                   0.08 kB │ gzip:   0.10 kB
dist/assets/body_biped_tall-tailRoot-background-DV7YaBeF.js                                   0.08 kB │ gzip:   0.10 kB
dist/assets/body_biped_tall-tailRoot-foreground-BoR5UIHr.js                                   0.08 kB │ gzip:   0.10 kB
dist/assets/body_biped_tall-tailRoot-foreground-CYl_QaDZ.js                                   0.08 kB │ gzip:   0.10 kB
dist/assets/body_biped_tall-tailRoot-foreground-CuxPGfyJ.js                                   0.08 kB │ gzip:   0.10 kB
dist/assets/body_blob_round-hipRight-background-BD4UztPv.js                                   0.08 kB │ gzip:   0.10 kB
dist/assets/body_blob_round-hipRight-background-BrEISZVv.js                                   0.08 kB │ gzip:   0.10 kB
dist/assets/body_blob_round-hipRight-background-hmbkeMH3.js                                   0.08 kB │ gzip:   0.10 kB
dist/assets/body_blob_round-hipRight-foreground-CHruiB4R.js                                   0.08 kB │ gzip:   0.10 kB
dist/assets/body_blob_round-hipRight-foreground-CLZe1xva.js                                   0.08 kB │ gzip:   0.10 kB
dist/assets/body_blob_round-hipRight-foreground-Cli4usRR.js                                   0.08 kB │ gzip:   0.10 kB
dist/assets/body_blob_round-tailRoot-background-CMGaLdKc.js                                   0.08 kB │ gzip:   0.10 kB
dist/assets/body_blob_round-tailRoot-background-C_u5AUV2.js                                   0.08 kB │ gzip:   0.10 kB
dist/assets/body_blob_round-tailRoot-background-Cdfs08qY.js                                   0.08 kB │ gzip:   0.10 kB
dist/assets/body_blob_round-tailRoot-foreground-BaKk-j3o.js                                   0.08 kB │ gzip:   0.10 kB
dist/assets/body_blob_round-tailRoot-foreground-CeMLXlup.js                                   0.08 kB │ gzip:   0.10 kB
dist/assets/body_blob_round-tailRoot-foreground-D_1fOtws.js                                   0.08 kB │ gzip:   0.10 kB
dist/assets/body_blob_wide-extraLeft-background-Cq-IUjhT.js                                   0.08 kB │ gzip:   0.10 kB
dist/assets/body_blob_wide-extraLeft-background-D7Exq_9R.js                                   0.08 kB │ gzip:   0.10 kB
dist/assets/body_blob_wide-extraLeft-background-DiEeCMbW.js                                   0.08 kB │ gzip:   0.10 kB
dist/assets/body_blob_wide-extraLeft-foreground--mA1kP6y.js                                   0.08 kB │ gzip:   0.10 kB
dist/assets/body_blob_wide-extraLeft-foreground-BtAVf2IB.js                                   0.08 kB │ gzip:   0.10 kB
dist/assets/body_blob_wide-extraLeft-foreground-fe7TO4rn.js                                   0.08 kB │ gzip:   0.10 kB
dist/assets/body_blob_wide-shoulderLeft-contour-BYqb3M85.js                                   0.08 kB │ gzip:   0.10 kB
dist/assets/body_blob_wide-shoulderLeft-contour-DAbBD8cC.js                                   0.08 kB │ gzip:   0.10 kB
dist/assets/body_blob_wide-shoulderLeft-contour-DcP23r1s.js                                   0.08 kB │ gzip:   0.10 kB
dist/assets/body_floating_drop-hipRight-contour-35qIVWBq.js                                   0.08 kB │ gzip:   0.10 kB
dist/assets/body_floating_drop-hipRight-contour-CIKDKU9p.js                                   0.08 kB │ gzip:   0.10 kB
dist/assets/body_floating_drop-hipRight-contour-Dk9UE8As.js                                   0.08 kB │ gzip:   0.10 kB
dist/assets/body_floating_drop-tailRoot-contour-C2MC_sJJ.js                                   0.08 kB │ gzip:   0.10 kB
dist/assets/body_floating_drop-tailRoot-contour-DV84XMyb.js                                   0.08 kB │ gzip:   0.10 kB
dist/assets/body_floating_drop-tailRoot-contour-lvk7cZ17.js                                   0.08 kB │ gzip:   0.10 kB
dist/assets/extra_moth_wings-floating-extraLeft-CZsP7_dn.js                                   0.08 kB │ gzip:   0.10 kB
dist/assets/extra_moth_wings-floating-extraLeft-gbAn7RMV.js                                   0.08 kB │ gzip:   0.10 kB
dist/assets/extra_moth_wings-floating-extraLeft-nMoitqzJ.js                                   0.08 kB │ gzip:   0.10 kB
dist/assets/extra_side_fins-floating-extraLeft-CcVbv6Bv.js                                    0.08 kB │ gzip:   0.10 kB
dist/assets/extra_side_fins-floating-extraLeft-DZMxQ1Vd.js                                    0.08 kB │ gzip:   0.10 kB
dist/assets/extra_side_fins-floating-extraLeft-tDcsAk8Q.js                                    0.08 kB │ gzip:   0.10 kB
dist/assets/extra_side_fins-floating-extraRight-CTV6BTvK.js                                   0.08 kB │ gzip:   0.10 kB
dist/assets/extra_side_fins-floating-extraRight-b-uAQN8l.js                                   0.08 kB │ gzip:   0.10 kB
dist/assets/extra_side_fins-floating-extraRight-ceSxSsqR.js                                   0.08 kB │ gzip:   0.10 kB
dist/assets/extra_soft_tentacles-blob-extraLeft-BOXOE2vv.js                                   0.08 kB │ gzip:   0.10 kB
dist/assets/extra_soft_tentacles-blob-extraLeft-Chiax9iA.js                                   0.08 kB │ gzip:   0.10 kB
dist/assets/extra_soft_tentacles-blob-extraLeft-megdEeK7.js                                   0.08 kB │ gzip:   0.10 kB
dist/assets/headAppendage_l_floating-moon-charm-BKeyFKdq.js                                   0.08 kB │ gzip:   0.10 kB
dist/assets/legs_shadow_tiptoe-floating-hipLeft-9FQ5k7uL.js                                   0.08 kB │ gzip:   0.10 kB
dist/assets/legs_shadow_tiptoe-floating-hipLeft-cqvWzOlC.js                                   0.08 kB │ gzip:   0.10 kB
dist/assets/legs_shadow_tiptoe-floating-hipLeft-xtl7Rcb8.js                                   0.08 kB │ gzip:   0.10 kB
dist/assets/rolldown-runtime-D9-fqq9M.js                                                      0.08 kB │ gzip:   0.08 kB
dist/assets/tail_mushroom_cluster-blob-tailRoot-COLw5kC7.js                                   0.08 kB │ gzip:   0.10 kB
dist/assets/tail_mushroom_cluster-blob-tailRoot-D4FeNayD.js                                   0.08 kB │ gzip:   0.10 kB
dist/assets/arms_long_noodle-blob-shoulderRight-CQRKSwBR.js                                   0.08 kB │ gzip:   0.10 kB
dist/assets/arms_long_noodle-blob-shoulderRight-CTJpQhlU.js                                   0.08 kB │ gzip:   0.10 kB
dist/assets/arms_long_noodle-blob-shoulderRight-CTcuW2E0.js                                   0.08 kB │ gzip:   0.10 kB
dist/assets/arms_long_noodle-shoulderRight-background-Cy4bKHZ_.js                             0.08 kB │ gzip:   0.10 kB
dist/assets/arms_long_noodle-shoulderRight-background-Dp3HbO-N.js                             0.08 kB │ gzip:   0.10 kB
dist/assets/arms_long_noodle-shoulderRight-background-Ul-JjXut.js                             0.08 kB │ gzip:   0.10 kB
dist/assets/arms_long_noodle-shoulderRight-foreground-CR0wdUF-.js                             0.08 kB │ gzip:   0.10 kB
dist/assets/arms_long_noodle-shoulderRight-foreground-CqOBsxcT.js                             0.08 kB │ gzip:   0.10 kB
dist/assets/arms_long_noodle-shoulderRight-foreground-gVHK6DCs.js                             0.08 kB │ gzip:   0.10 kB
dist/assets/arms_paddle-shoulderRight-background-B89LkvbB.js                                  0.08 kB │ gzip:   0.10 kB
dist/assets/arms_paddle-shoulderRight-background-BhPJoTw0.js                                  0.08 kB │ gzip:   0.10 kB
dist/assets/arms_paddle-shoulderRight-background-Bs_oJhJt.js                                  0.08 kB │ gzip:   0.10 kB
dist/assets/arms_paddle-shoulderRight-background-CxD73f5Z.js                                  0.08 kB │ gzip:   0.10 kB
dist/assets/arms_paddle-shoulderRight-background-Cy4bKHZ_.js                                  0.08 kB │ gzip:   0.10 kB
dist/assets/arms_paddle-shoulderRight-background-D09hTQGl.js                                  0.08 kB │ gzip:   0.10 kB
dist/assets/arms_paddle-shoulderRight-background-Dp3HbO-N.js                                  0.08 kB │ gzip:   0.10 kB
dist/assets/arms_paddle-shoulderRight-background-Ul-JjXut.js                                  0.08 kB │ gzip:   0.10 kB
dist/assets/arms_paddle-shoulderRight-background-tiEryH9W.js                                  0.08 kB │ gzip:   0.10 kB
dist/assets/arms_paddle-shoulderRight-foreground-BMrFs94z.js                                  0.08 kB │ gzip:   0.10 kB
dist/assets/arms_paddle-shoulderRight-foreground-BjFkT20g.js                                  0.08 kB │ gzip:   0.10 kB
dist/assets/arms_paddle-shoulderRight-foreground-BxonVYz4.js                                  0.08 kB │ gzip:   0.10 kB
dist/assets/arms_paddle-shoulderRight-foreground-CR0wdUF-.js                                  0.08 kB │ gzip:   0.10 kB
dist/assets/arms_paddle-shoulderRight-foreground-CqOBsxcT.js                                  0.08 kB │ gzip:   0.10 kB
dist/assets/arms_paddle-shoulderRight-foreground-D1JNi3vd.js                                  0.08 kB │ gzip:   0.10 kB
dist/assets/arms_paddle-shoulderRight-foreground-DQPH_DHC.js                                  0.08 kB │ gzip:   0.10 kB
dist/assets/arms_paddle-shoulderRight-foreground-DrptLbh0.js                                  0.08 kB │ gzip:   0.10 kB
dist/assets/arms_paddle-shoulderRight-foreground-gVHK6DCs.js                                  0.08 kB │ gzip:   0.10 kB
dist/assets/arms_short_plush-blob-shoulderRight--tWtpTlj.js                                   0.08 kB │ gzip:   0.10 kB
dist/assets/arms_short_plush-blob-shoulderRight-CdgCJBbM.js                                   0.08 kB │ gzip:   0.10 kB
dist/assets/arms_short_plush-blob-shoulderRight-D-w4IM1Q.js                                   0.08 kB │ gzip:   0.10 kB
dist/assets/arms_short_plush-shoulderRight-background-BCu31yi5.js                             0.08 kB │ gzip:   0.10 kB
dist/assets/arms_short_plush-shoulderRight-background-Cy4bKHZ_.js                             0.08 kB │ gzip:   0.10 kB
dist/assets/arms_short_plush-shoulderRight-background-DKyQ2fey.js                             0.08 kB │ gzip:   0.10 kB
dist/assets/arms_short_plush-shoulderRight-background-DWGcFYYd.js                             0.08 kB │ gzip:   0.10 kB
dist/assets/arms_short_plush-shoulderRight-background-Dp3HbO-N.js                             0.08 kB │ gzip:   0.10 kB
dist/assets/arms_short_plush-shoulderRight-background-Ul-JjXut.js                             0.08 kB │ gzip:   0.10 kB
dist/assets/arms_short_plush-shoulderRight-foreground-03fU3ZVt.js                             0.08 kB │ gzip:   0.10 kB
dist/assets/arms_short_plush-shoulderRight-foreground-BHGFozUj.js                             0.08 kB │ gzip:   0.10 kB
dist/assets/arms_short_plush-shoulderRight-foreground-CR0wdUF-.js                             0.08 kB │ gzip:   0.10 kB
dist/assets/arms_short_plush-shoulderRight-foreground-CqOBsxcT.js                             0.08 kB │ gzip:   0.10 kB
dist/assets/arms_short_plush-shoulderRight-foreground-Dq3l2Ce0.js                             0.08 kB │ gzip:   0.10 kB
dist/assets/arms_short_plush-shoulderRight-foreground-gVHK6DCs.js                             0.08 kB │ gzip:   0.10 kB
dist/assets/body_biped_peanut-extraRight-contour-Bv1ctJ0X.js                                  0.08 kB │ gzip:   0.10 kB
dist/assets/body_biped_peanut-extraRight-contour-CxV6Iidw.js                                  0.08 kB │ gzip:   0.10 kB
dist/assets/body_biped_peanut-extraRight-contour-DYhswizW.js                                  0.08 kB │ gzip:   0.10 kB
dist/assets/body_biped_tall-extraLeft-background-8wN0HJN6.js                                  0.08 kB │ gzip:   0.10 kB
dist/assets/body_biped_tall-extraLeft-background-DI8-dLtV.js                                  0.08 kB │ gzip:   0.10 kB
dist/assets/body_biped_tall-extraLeft-background-DhT5nxDA.js                                  0.08 kB │ gzip:   0.10 kB
dist/assets/body_biped_tall-extraLeft-foreground-B2Wky4EK.js                                  0.08 kB │ gzip:   0.10 kB
dist/assets/body_biped_tall-extraLeft-foreground-C-NDRcuL.js                                  0.08 kB │ gzip:   0.10 kB
dist/assets/body_biped_tall-extraLeft-foreground-uYPw-Zo1.js                                  0.08 kB │ gzip:   0.10 kB
dist/assets/body_biped_tall-shoulderLeft-background-DS8iG-Wf.js                               0.08 kB │ gzip:   0.10 kB
dist/assets/body_biped_tall-shoulderLeft-background-Dq20quRb.js                               0.08 kB │ gzip:   0.10 kB
dist/assets/body_biped_tall-shoulderLeft-background-PLWUf8Xy.js                               0.08 kB │ gzip:   0.10 kB
dist/assets/body_biped_tall-shoulderLeft-contour-DS8iG-Wf.js                                  0.08 kB │ gzip:   0.10 kB
dist/assets/body_biped_tall-shoulderLeft-contour-Dq20quRb.js                                  0.08 kB │ gzip:   0.10 kB
dist/assets/body_biped_tall-shoulderLeft-contour-PLWUf8Xy.js                                  0.08 kB │ gzip:   0.10 kB
dist/assets/body_biped_tall-shoulderLeft-foreground-DS8iG-Wf.js                               0.08 kB │ gzip:   0.10 kB
dist/assets/body_biped_tall-shoulderLeft-foreground-Dq20quRb.js                               0.08 kB │ gzip:   0.10 kB
dist/assets/body_biped_tall-shoulderLeft-foreground-PLWUf8Xy.js                               0.08 kB │ gzip:   0.10 kB
dist/assets/body_blob_round-extraLeft-background-3Nl6U68y.js                                  0.08 kB │ gzip:   0.10 kB
dist/assets/body_blob_round-extraLeft-background-CbQsxGgR.js                                  0.08 kB │ gzip:   0.10 kB
dist/assets/body_blob_round-extraLeft-background-DTpMq6RT.js                                  0.08 kB │ gzip:   0.10 kB
dist/assets/body_blob_round-extraLeft-foreground-DyE47LHS.js                                  0.08 kB │ gzip:   0.10 kB
dist/assets/body_blob_round-extraLeft-foreground-R7e544ck.js                                  0.08 kB │ gzip:   0.10 kB
dist/assets/body_blob_round-extraLeft-foreground-U0Dq_Hhl.js                                  0.08 kB │ gzip:   0.10 kB
dist/assets/body_blob_round-shoulderLeft-contour-BTWfwCzp.js                                  0.08 kB │ gzip:   0.10 kB
dist/assets/body_blob_round-shoulderLeft-contour-CE2xwyHJ.js                                  0.08 kB │ gzip:   0.10 kB
dist/assets/body_blob_round-shoulderLeft-contour-CRsbeB3x.js                                  0.08 kB │ gzip:   0.10 kB
dist/assets/body_blob_wide-extraRight-background-BYgwhRy4.js                                  0.08 kB │ gzip:   0.10 kB
dist/assets/body_blob_wide-extraRight-background-BoihGGXA.js                                  0.08 kB │ gzip:   0.10 kB
dist/assets/body_blob_wide-extraRight-background-BzEMQ9Lj.js                                  0.08 kB │ gzip:   0.10 kB
dist/assets/body_blob_wide-extraRight-foreground-0xCBzgDo.js                                  0.08 kB │ gzip:   0.10 kB
dist/assets/body_blob_wide-extraRight-foreground-CCgYzNYr.js                                  0.08 kB │ gzip:   0.10 kB
dist/assets/body_blob_wide-extraRight-foreground-aMPp55u1.js                                  0.08 kB │ gzip:   0.10 kB
dist/assets/body_blob_wide-shoulderRight-contour-BoNv7nWF.js                                  0.08 kB │ gzip:   0.10 kB
dist/assets/body_blob_wide-shoulderRight-contour-CZ_PzTUE.js                                  0.08 kB │ gzip:   0.10 kB
dist/assets/body_blob_wide-shoulderRight-contour-tpfb7s78.js                                  0.08 kB │ gzip:   0.10 kB
dist/assets/body_floating_drop-extraLeft-contour-P5dSr_QA.js                                  0.08 kB │ gzip:   0.10 kB
dist/assets/body_floating_drop-extraLeft-contour-VnJ7vFfr.js                                  0.08 kB │ gzip:   0.10 kB
dist/assets/body_floating_drop-extraLeft-contour-vsfDsN3c.js                                  0.08 kB │ gzip:   0.10 kB
dist/assets/extra_moth_wings-extraLeft-background-2QshX-J7.js                                 0.08 kB │ gzip:   0.10 kB
dist/assets/extra_moth_wings-extraLeft-background-7YgHdXOL.js                                 0.08 kB │ gzip:   0.10 kB
dist/assets/extra_moth_wings-extraLeft-background-BDJ0Oe9E.js                                 0.08 kB │ gzip:   0.10 kB
dist/assets/extra_moth_wings-extraLeft-background-CCO9YaXk.js                                 0.08 kB │ gzip:   0.10 kB
dist/assets/extra_moth_wings-extraLeft-background-CdySATLs.js                                 0.08 kB │ gzip:   0.10 kB
dist/assets/extra_moth_wings-extraLeft-background-Dj-odHLG.js                                 0.08 kB │ gzip:   0.10 kB
dist/assets/extra_moth_wings-extraLeft-background-DvSa9tEV.js                                 0.08 kB │ gzip:   0.10 kB
dist/assets/extra_moth_wings-extraLeft-background-OgCcr7ns.js                                 0.08 kB │ gzip:   0.10 kB
dist/assets/extra_moth_wings-extraLeft-background-YgZ0KKKt.js                                 0.08 kB │ gzip:   0.10 kB
dist/assets/extra_moth_wings-extraLeft-foreground-BRLBr4qu.js                                 0.08 kB │ gzip:   0.10 kB
dist/assets/extra_moth_wings-extraLeft-foreground-Boir76QK.js                                 0.08 kB │ gzip:   0.10 kB
dist/assets/extra_moth_wings-extraLeft-foreground-Bq7WM2OD.js                                 0.08 kB │ gzip:   0.10 kB
dist/assets/extra_moth_wings-extraLeft-foreground-C1qbHBvY.js                                 0.08 kB │ gzip:   0.10 kB
dist/assets/extra_moth_wings-extraLeft-foreground-C2j8NGJX.js                                 0.08 kB │ gzip:   0.10 kB
dist/assets/extra_moth_wings-extraLeft-foreground-C_TCH8mb.js                                 0.08 kB │ gzip:   0.10 kB
dist/assets/extra_moth_wings-extraLeft-foreground-CzGLsSGe.js                                 0.08 kB │ gzip:   0.10 kB
dist/assets/extra_moth_wings-extraLeft-foreground-DZWYO1SP.js                                 0.08 kB │ gzip:   0.10 kB
dist/assets/extra_moth_wings-extraLeft-foreground-lTkxVrmE.js                                 0.08 kB │ gzip:   0.10 kB
dist/assets/extra_moth_wings-floating-extraLeft-Bb6WUzF-.js                                   0.08 kB │ gzip:   0.10 kB
dist/assets/extra_moth_wings-floating-extraLeft-CEi8_STG.js                                   0.08 kB │ gzip:   0.10 kB
dist/assets/extra_moth_wings-floating-extraLeft-Ml6onc2H.js                                   0.08 kB │ gzip:   0.10 kB
dist/assets/extra_moth_wings-floating-extraRight-BRVFmVGs.js                                  0.08 kB │ gzip:   0.10 kB
dist/assets/extra_moth_wings-floating-extraRight-Bj2obDVG.js                                  0.08 kB │ gzip:   0.10 kB
dist/assets/extra_moth_wings-floating-extraRight-BmtyniH7.js                                  0.08 kB │ gzip:   0.10 kB
dist/assets/extra_side_fins-extraLeft-background-2QshX-J7.js                                  0.08 kB │ gzip:   0.10 kB
dist/assets/extra_side_fins-extraLeft-background-7YgHdXOL.js                                  0.08 kB │ gzip:   0.10 kB
dist/assets/extra_side_fins-extraLeft-background-BDJ0Oe9E.js                                  0.08 kB │ gzip:   0.10 kB
dist/assets/extra_side_fins-extraLeft-background-CCO9YaXk.js                                  0.08 kB │ gzip:   0.10 kB
dist/assets/extra_side_fins-extraLeft-background-CdySATLs.js                                  0.08 kB │ gzip:   0.10 kB
dist/assets/extra_side_fins-extraLeft-background-Dj-odHLG.js                                  0.08 kB │ gzip:   0.10 kB
dist/assets/extra_side_fins-extraLeft-background-DvSa9tEV.js                                  0.08 kB │ gzip:   0.10 kB
dist/assets/extra_side_fins-extraLeft-background-OgCcr7ns.js                                  0.08 kB │ gzip:   0.10 kB
dist/assets/extra_side_fins-extraLeft-background-YgZ0KKKt.js                                  0.08 kB │ gzip:   0.10 kB
dist/assets/extra_side_fins-extraLeft-foreground-BRLBr4qu.js                                  0.08 kB │ gzip:   0.10 kB
dist/assets/extra_side_fins-extraLeft-foreground-Boir76QK.js                                  0.08 kB │ gzip:   0.10 kB
dist/assets/extra_side_fins-extraLeft-foreground-Bq7WM2OD.js                                  0.08 kB │ gzip:   0.10 kB
dist/assets/extra_side_fins-extraLeft-foreground-C1qbHBvY.js                                  0.08 kB │ gzip:   0.10 kB
dist/assets/extra_side_fins-extraLeft-foreground-C2j8NGJX.js                                  0.08 kB │ gzip:   0.10 kB
dist/assets/extra_side_fins-extraLeft-foreground-C_TCH8mb.js                                  0.08 kB │ gzip:   0.10 kB
dist/assets/extra_side_fins-extraLeft-foreground-CzGLsSGe.js                                  0.08 kB │ gzip:   0.10 kB
dist/assets/extra_side_fins-extraLeft-foreground-DZWYO1SP.js                                  0.08 kB │ gzip:   0.10 kB
dist/assets/extra_side_fins-extraLeft-foreground-lTkxVrmE.js                                  0.08 kB │ gzip:   0.10 kB
dist/assets/extra_side_fins-floating-extraRight-Bmb6zJvh.js                                   0.08 kB │ gzip:   0.10 kB
dist/assets/extra_side_fins-floating-extraRight-CW4Nox32.js                                   0.08 kB │ gzip:   0.10 kB
dist/assets/extra_side_fins-floating-extraRight-TT4Wilpf.js                                   0.08 kB │ gzip:   0.10 kB
dist/assets/extra_soft_tentacles-biped-extraLeft-COYZdLKH.js                                  0.08 kB │ gzip:   0.10 kB
dist/assets/extra_soft_tentacles-biped-extraLeft-DGHdMPyL.js                                  0.08 kB │ gzip:   0.10 kB
dist/assets/extra_soft_tentacles-biped-extraLeft-Kz5BtTGF.js                                  0.08 kB │ gzip:   0.10 kB
dist/assets/extra_soft_tentacles-blob-extraLeft-0TeFc9NJ.js                                   0.08 kB │ gzip:   0.10 kB
dist/assets/extra_soft_tentacles-blob-extraLeft-C_kLQXzC.js                                   0.08 kB │ gzip:   0.10 kB
dist/assets/extra_soft_tentacles-blob-extraLeft-CgWXLPCP.js                                   0.08 kB │ gzip:   0.10 kB
dist/assets/extra_soft_tentacles-blob-extraRight-C6TpxDyQ.js                                  0.08 kB │ gzip:   0.10 kB
dist/assets/extra_soft_tentacles-blob-extraRight-C9JN5tKt.js                                  0.08 kB │ gzip:   0.10 kB
dist/assets/extra_soft_tentacles-blob-extraRight-CVOXLJYR.js                                  0.08 kB │ gzip:   0.10 kB
dist/assets/extra_soft_tentacles-extraLeft-background-2QshX-J7.js                             0.08 kB │ gzip:   0.10 kB
dist/assets/extra_soft_tentacles-extraLeft-background-7YgHdXOL.js                             0.08 kB │ gzip:   0.10 kB
dist/assets/extra_soft_tentacles-extraLeft-background-BDJ0Oe9E.js                             0.08 kB │ gzip:   0.10 kB
dist/assets/extra_soft_tentacles-extraLeft-background-CCO9YaXk.js                             0.08 kB │ gzip:   0.10 kB
dist/assets/extra_soft_tentacles-extraLeft-background-CdySATLs.js                             0.08 kB │ gzip:   0.10 kB
dist/assets/extra_soft_tentacles-extraLeft-background-Dj-odHLG.js                             0.08 kB │ gzip:   0.10 kB
dist/assets/extra_soft_tentacles-extraLeft-background-DvSa9tEV.js                             0.08 kB │ gzip:   0.10 kB
dist/assets/extra_soft_tentacles-extraLeft-background-OgCcr7ns.js                             0.08 kB │ gzip:   0.10 kB
dist/assets/extra_soft_tentacles-extraLeft-background-YgZ0KKKt.js                             0.08 kB │ gzip:   0.10 kB
dist/assets/extra_soft_tentacles-extraLeft-foreground-BRLBr4qu.js                             0.08 kB │ gzip:   0.10 kB
dist/assets/extra_soft_tentacles-extraLeft-foreground-Boir76QK.js                             0.08 kB │ gzip:   0.10 kB
dist/assets/extra_soft_tentacles-extraLeft-foreground-Bq7WM2OD.js                             0.08 kB │ gzip:   0.10 kB
dist/assets/extra_soft_tentacles-extraLeft-foreground-C1qbHBvY.js                             0.08 kB │ gzip:   0.10 kB
dist/assets/extra_soft_tentacles-extraLeft-foreground-C2j8NGJX.js                             0.08 kB │ gzip:   0.10 kB
dist/assets/extra_soft_tentacles-extraLeft-foreground-C_TCH8mb.js                             0.08 kB │ gzip:   0.10 kB
dist/assets/extra_soft_tentacles-extraLeft-foreground-CzGLsSGe.js                             0.08 kB │ gzip:   0.10 kB
dist/assets/extra_soft_tentacles-extraLeft-foreground-DZWYO1SP.js                             0.08 kB │ gzip:   0.10 kB
dist/assets/extra_soft_tentacles-extraLeft-foreground-lTkxVrmE.js                             0.08 kB │ gzip:   0.10 kB
dist/assets/headAppendage_l_floating-moon-charm-CGRg2Pr8.js                                   0.08 kB │ gzip:   0.10 kB
dist/assets/legs_shadow_tiptoe-floating-hipLeft-BdGNcAlw.js                                   0.08 kB │ gzip:   0.10 kB
dist/assets/legs_shadow_tiptoe-floating-hipLeft-DsZ7XP5i.js                                   0.08 kB │ gzip:   0.10 kB
dist/assets/legs_shadow_tiptoe-floating-hipLeft-DuosRklx.js                                   0.08 kB │ gzip:   0.10 kB
dist/assets/legs_shadow_tiptoe-floating-hipRight-Bt7nBoRf.js                                  0.08 kB │ gzip:   0.10 kB
dist/assets/legs_shadow_tiptoe-floating-hipRight-UfwS9k9c.js                                  0.08 kB │ gzip:   0.10 kB
dist/assets/legs_shadow_tiptoe-floating-hipRight-b245ZgT7.js                                  0.08 kB │ gzip:   0.10 kB
dist/assets/tail_feline_curl-tailRoot-background-BaAzRfoy.js                                  0.08 kB │ gzip:   0.10 kB
dist/assets/tail_feline_curl-tailRoot-foreground-B7lv-bxK.js                                  0.08 kB │ gzip:   0.10 kB
dist/assets/tail_feline_long-tailRoot-background-BTbqWGI3.js                                  0.08 kB │ gzip:   0.10 kB
dist/assets/tail_feline_long-tailRoot-foreground-DGSo9ASZ.js                                  0.08 kB │ gzip:   0.10 kB
dist/assets/tail_mushroom_cluster-biped-tailRoot-MnsNEM83.js                                  0.08 kB │ gzip:   0.10 kB
dist/assets/tail_mushroom_cluster-biped-tailRoot-aUpxklaU.js                                  0.08 kB │ gzip:   0.10 kB
dist/assets/tail_mushroom_cluster-blob-tailRoot-VMolyqwJ.js                                   0.08 kB │ gzip:   0.10 kB
dist/assets/tail_mushroom_cluster-blob-tailRoot-u_g8tQva.js                                   0.08 kB │ gzip:   0.10 kB
dist/assets/arms_long_noodle-shoulderLeft-background-BJqhQnmJ.js                              0.08 kB │ gzip:   0.10 kB
dist/assets/arms_long_noodle-shoulderLeft-background-DFQFvqcY.js                              0.08 kB │ gzip:   0.10 kB
dist/assets/arms_long_noodle-shoulderLeft-background-TTMCK2qB.js                              0.08 kB │ gzip:   0.10 kB
dist/assets/arms_long_noodle-shoulderLeft-contour-BJqhQnmJ.js                                 0.08 kB │ gzip:   0.10 kB
dist/assets/arms_long_noodle-shoulderLeft-contour-DFQFvqcY.js                                 0.08 kB │ gzip:   0.10 kB
dist/assets/arms_long_noodle-shoulderLeft-contour-TTMCK2qB.js                                 0.08 kB │ gzip:   0.10 kB
dist/assets/arms_long_noodle-shoulderLeft-foreground-BJqhQnmJ.js                              0.08 kB │ gzip:   0.10 kB
dist/assets/arms_long_noodle-shoulderLeft-foreground-DFQFvqcY.js                              0.08 kB │ gzip:   0.10 kB
dist/assets/arms_long_noodle-shoulderLeft-foreground-TTMCK2qB.js                              0.08 kB │ gzip:   0.10 kB
dist/assets/arms_short_plush-shoulderLeft-background-B8ZanRI2.js                              0.08 kB │ gzip:   0.10 kB
dist/assets/arms_short_plush-shoulderLeft-background-CMaf3oHi.js                              0.08 kB │ gzip:   0.10 kB
dist/assets/arms_short_plush-shoulderLeft-background-Ct55VF6t.js                              0.08 kB │ gzip:   0.10 kB
dist/assets/arms_short_plush-shoulderLeft-contour-B8ZanRI2.js                                 0.08 kB │ gzip:   0.10 kB
dist/assets/arms_short_plush-shoulderLeft-contour-CMaf3oHi.js                                 0.08 kB │ gzip:   0.10 kB
dist/assets/arms_short_plush-shoulderLeft-contour-Ct55VF6t.js                                 0.08 kB │ gzip:   0.10 kB
dist/assets/arms_short_plush-shoulderLeft-foreground-B8ZanRI2.js                              0.08 kB │ gzip:   0.10 kB
dist/assets/arms_short_plush-shoulderLeft-foreground-CMaf3oHi.js                              0.08 kB │ gzip:   0.10 kB
dist/assets/arms_short_plush-shoulderLeft-foreground-Ct55VF6t.js                              0.08 kB │ gzip:   0.10 kB
dist/assets/body_biped_peanut-tailRoot-background-B-IUCcdH.js                                 0.08 kB │ gzip:   0.10 kB
dist/assets/body_biped_peanut-tailRoot-background-BgvLVlX1.js                                 0.08 kB │ gzip:   0.10 kB
dist/assets/body_biped_peanut-tailRoot-background-CQZnJGn9.js                                 0.08 kB │ gzip:   0.10 kB
dist/assets/body_biped_peanut-tailRoot-foreground-DbDwCev8.js                                 0.08 kB │ gzip:   0.10 kB
dist/assets/body_biped_peanut-tailRoot-foreground-DrlHMGPH.js                                 0.08 kB │ gzip:   0.10 kB
dist/assets/body_biped_peanut-tailRoot-foreground-lRsDQrJa.js                                 0.08 kB │ gzip:   0.10 kB
dist/assets/body_biped_tall-extraRight-background-Bo84e68D.js                                 0.08 kB │ gzip:   0.10 kB
dist/assets/body_biped_tall-extraRight-background-DDMq3WTt.js                                 0.08 kB │ gzip:   0.10 kB
dist/assets/body_biped_tall-extraRight-background-DoaY6GEf.js                                 0.08 kB │ gzip:   0.10 kB
dist/assets/body_biped_tall-extraRight-foreground-84mFfMhB.js                                 0.08 kB │ gzip:   0.10 kB
dist/assets/body_biped_tall-extraRight-foreground-B4_-9s6v.js                                 0.08 kB │ gzip:   0.10 kB
dist/assets/body_biped_tall-extraRight-foreground-C9xH1MUe.js                                 0.08 kB │ gzip:   0.10 kB
dist/assets/body_biped_tall-shoulderRight-background-BIpyAXie.js                              0.08 kB │ gzip:   0.10 kB
dist/assets/body_biped_tall-shoulderRight-background-BfE5HyL3.js                              0.08 kB │ gzip:   0.10 kB
dist/assets/body_biped_tall-shoulderRight-background-C6yMWz7m.js                              0.08 kB │ gzip:   0.10 kB
dist/assets/body_biped_tall-shoulderRight-contour-BIpyAXie.js                                 0.08 kB │ gzip:   0.10 kB
dist/assets/body_biped_tall-shoulderRight-contour-BfE5HyL3.js                                 0.08 kB │ gzip:   0.10 kB
dist/assets/body_biped_tall-shoulderRight-contour-C6yMWz7m.js                                 0.08 kB │ gzip:   0.10 kB
dist/assets/body_biped_tall-shoulderRight-foreground-BIpyAXie.js                              0.08 kB │ gzip:   0.10 kB
dist/assets/body_biped_tall-shoulderRight-foreground-BfE5HyL3.js                              0.08 kB │ gzip:   0.10 kB
dist/assets/body_biped_tall-shoulderRight-foreground-C6yMWz7m.js                              0.08 kB │ gzip:   0.10 kB
dist/assets/body_blob_round-extraRight-background-9NeXm5ks.js                                 0.08 kB │ gzip:   0.10 kB
dist/assets/body_blob_round-extraRight-background-Czu8dVQt.js                                 0.08 kB │ gzip:   0.10 kB
dist/assets/body_blob_round-extraRight-background-fheW8Soz.js                                 0.08 kB │ gzip:   0.10 kB
dist/assets/body_blob_round-extraRight-foreground-B6fIRo2y.js                                 0.08 kB │ gzip:   0.10 kB
dist/assets/body_blob_round-extraRight-foreground-BSLP6bNG.js                                 0.08 kB │ gzip:   0.10 kB
dist/assets/body_blob_round-extraRight-foreground-DjyZN8rG.js                                 0.08 kB │ gzip:   0.10 kB
dist/assets/body_blob_round-shoulderRight-contour-BNRyT-8Z.js                                 0.08 kB │ gzip:   0.10 kB
dist/assets/body_blob_round-shoulderRight-contour-C-eziOyZ.js                                 0.08 kB │ gzip:   0.10 kB
dist/assets/body_blob_round-shoulderRight-contour-CIY6Riw5.js                                 0.08 kB │ gzip:   0.10 kB
dist/assets/body_feline_sit_plush-neck-background-Coz174w_.js                                 0.08 kB │ gzip:   0.10 kB
dist/assets/body_feline_sit_plush-neck-foreground-DRFtExzS.js                                 0.08 kB │ gzip:   0.10 kB
dist/assets/body_feline_sit_round-neck-background-DHh-X2tF.js                                 0.08 kB │ gzip:   0.10 kB
dist/assets/body_feline_sit_round-neck-foreground-Z-IL7QAf.js                                 0.08 kB │ gzip:   0.10 kB
dist/assets/body_floating_drop-extraRight-contour-BspeqcRQ.js                                 0.08 kB │ gzip:   0.10 kB
dist/assets/body_floating_drop-extraRight-contour-D5vZqLT1.js                                 0.08 kB │ gzip:   0.10 kB
dist/assets/body_floating_drop-extraRight-contour-LO1EzO93.js                                 0.08 kB │ gzip:   0.10 kB
dist/assets/body_floating_drop-hipLeft-background-BPErhNq9.js                                 0.08 kB │ gzip:   0.10 kB
dist/assets/body_floating_drop-hipLeft-background-CBN4v3Py.js                                 0.08 kB │ gzip:   0.10 kB
dist/assets/body_floating_drop-hipLeft-background-DzvVgsQs.js                                 0.08 kB │ gzip:   0.10 kB
dist/assets/body_floating_drop-hipLeft-foreground-B1I6VYkm.js                                 0.08 kB │ gzip:   0.10 kB
dist/assets/body_floating_drop-hipLeft-foreground-BM4Uos8W.js                                 0.08 kB │ gzip:   0.10 kB
dist/assets/body_floating_drop-hipLeft-foreground-CCp-scvR.js                                 0.08 kB │ gzip:   0.10 kB
dist/assets/extra_moth_wings-extraRight-background-1olijTlx.js                                0.08 kB │ gzip:   0.10 kB
dist/assets/extra_moth_wings-extraRight-background-BXWh9Gie.js                                0.08 kB │ gzip:   0.10 kB
dist/assets/extra_moth_wings-extraRight-background-BkpDj087.js                                0.08 kB │ gzip:   0.10 kB
dist/assets/extra_moth_wings-extraRight-background-CUOaJW9K.js                                0.08 kB │ gzip:   0.10 kB
dist/assets/extra_moth_wings-extraRight-background-D-itLf6n.js                                0.08 kB │ gzip:   0.10 kB
dist/assets/extra_moth_wings-extraRight-background-DINkEYtK.js                                0.08 kB │ gzip:   0.10 kB
dist/assets/extra_moth_wings-extraRight-background-D_-o8uNK.js                                0.08 kB │ gzip:   0.10 kB
dist/assets/extra_moth_wings-extraRight-background-Yx8kvWLU.js                                0.08 kB │ gzip:   0.10 kB
dist/assets/extra_moth_wings-extraRight-background-owKokWVi.js                                0.08 kB │ gzip:   0.10 kB
dist/assets/extra_moth_wings-extraRight-foreground-B7I_xn1k.js                                0.08 kB │ gzip:   0.10 kB
dist/assets/extra_moth_wings-extraRight-foreground-D0PbvZZc.js                                0.08 kB │ gzip:   0.10 kB
dist/assets/extra_moth_wings-extraRight-foreground-DZ403NAw.js                                0.08 kB │ gzip:   0.10 kB
dist/assets/extra_moth_wings-extraRight-foreground-DaG3HpGL.js                                0.08 kB │ gzip:   0.10 kB
dist/assets/extra_moth_wings-extraRight-foreground-DkIZQsLD.js                                0.08 kB │ gzip:   0.10 kB
dist/assets/extra_moth_wings-extraRight-foreground-Fj8umdPa.js                                0.08 kB │ gzip:   0.10 kB
dist/assets/extra_moth_wings-extraRight-foreground-I8y3e3vu.js                                0.08 kB │ gzip:   0.10 kB
dist/assets/extra_moth_wings-extraRight-foreground-UkcovJab.js                                0.08 kB │ gzip:   0.10 kB
dist/assets/extra_moth_wings-extraRight-foreground-l59fkuNO.js                                0.08 kB │ gzip:   0.10 kB
dist/assets/extra_moth_wings-floating-extraRight-BjkTcGeN.js                                  0.08 kB │ gzip:   0.10 kB
dist/assets/extra_moth_wings-floating-extraRight-Bt1OUw0J.js                                  0.08 kB │ gzip:   0.10 kB
dist/assets/extra_moth_wings-floating-extraRight-ClkZfPGA.js                                  0.08 kB │ gzip:   0.10 kB
dist/assets/extra_side_fins-extraRight-background-1olijTlx.js                                 0.08 kB │ gzip:   0.10 kB
dist/assets/extra_side_fins-extraRight-background-BXWh9Gie.js                                 0.08 kB │ gzip:   0.10 kB
dist/assets/extra_side_fins-extraRight-background-BkpDj087.js                                 0.08 kB │ gzip:   0.10 kB
dist/assets/extra_side_fins-extraRight-background-CUOaJW9K.js                                 0.08 kB │ gzip:   0.10 kB
dist/assets/extra_side_fins-extraRight-background-D-itLf6n.js                                 0.08 kB │ gzip:   0.10 kB
dist/assets/extra_side_fins-extraRight-background-DINkEYtK.js                                 0.08 kB │ gzip:   0.10 kB
dist/assets/extra_side_fins-extraRight-background-D_-o8uNK.js                                 0.08 kB │ gzip:   0.10 kB
dist/assets/extra_side_fins-extraRight-background-Yx8kvWLU.js                                 0.08 kB │ gzip:   0.10 kB
dist/assets/extra_side_fins-extraRight-background-owKokWVi.js                                 0.08 kB │ gzip:   0.10 kB
dist/assets/extra_side_fins-extraRight-foreground-B7I_xn1k.js                                 0.08 kB │ gzip:   0.10 kB
dist/assets/extra_side_fins-extraRight-foreground-D0PbvZZc.js                                 0.08 kB │ gzip:   0.10 kB
dist/assets/extra_side_fins-extraRight-foreground-DZ403NAw.js                                 0.08 kB │ gzip:   0.10 kB
dist/assets/extra_side_fins-extraRight-foreground-DaG3HpGL.js                                 0.08 kB │ gzip:   0.10 kB
dist/assets/extra_side_fins-extraRight-foreground-DkIZQsLD.js                                 0.08 kB │ gzip:   0.10 kB
dist/assets/extra_side_fins-extraRight-foreground-Fj8umdPa.js                                 0.08 kB │ gzip:   0.10 kB
dist/assets/extra_side_fins-extraRight-foreground-I8y3e3vu.js                                 0.08 kB │ gzip:   0.10 kB
dist/assets/extra_side_fins-extraRight-foreground-UkcovJab.js                                 0.08 kB │ gzip:   0.10 kB
dist/assets/extra_side_fins-extraRight-foreground-l59fkuNO.js                                 0.08 kB │ gzip:   0.10 kB
dist/assets/extra_soft_tentacles-biped-extraLeft-BbWdoByK.js                                  0.08 kB │ gzip:   0.10 kB
dist/assets/extra_soft_tentacles-biped-extraLeft-CF6-oue2.js                                  0.08 kB │ gzip:   0.10 kB
dist/assets/extra_soft_tentacles-biped-extraLeft-DQIO01jZ.js                                  0.08 kB │ gzip:   0.10 kB
dist/assets/extra_soft_tentacles-biped-extraRight-CWRLWPkA.js                                 0.08 kB │ gzip:   0.10 kB
dist/assets/extra_soft_tentacles-biped-extraRight-Cu1qUc0X.js                                 0.08 kB │ gzip:   0.10 kB
dist/assets/extra_soft_tentacles-biped-extraRight-DYH5SJbi.js                                 0.08 kB │ gzip:   0.10 kB
dist/assets/extra_soft_tentacles-blob-extraRight-CFumjx0W.js                                  0.08 kB │ gzip:   0.10 kB
dist/assets/extra_soft_tentacles-blob-extraRight-DiPWrjae.js                                  0.08 kB │ gzip:   0.10 kB
dist/assets/extra_soft_tentacles-blob-extraRight-ZSCx5v_V.js                                  0.08 kB │ gzip:   0.10 kB
dist/assets/extra_soft_tentacles-extraRight-background-1olijTlx.js                            0.08 kB │ gzip:   0.10 kB
dist/assets/extra_soft_tentacles-extraRight-background-BXWh9Gie.js                            0.08 kB │ gzip:   0.10 kB
dist/assets/extra_soft_tentacles-extraRight-background-BkpDj087.js                            0.08 kB │ gzip:   0.10 kB
dist/assets/extra_soft_tentacles-extraRight-background-CUOaJW9K.js                            0.08 kB │ gzip:   0.10 kB
dist/assets/extra_soft_tentacles-extraRight-background-D-itLf6n.js                            0.08 kB │ gzip:   0.10 kB
dist/assets/extra_soft_tentacles-extraRight-background-DINkEYtK.js                            0.08 kB │ gzip:   0.10 kB
dist/assets/extra_soft_tentacles-extraRight-background-D_-o8uNK.js                            0.08 kB │ gzip:   0.10 kB
dist/assets/extra_soft_tentacles-extraRight-background-Yx8kvWLU.js                            0.08 kB │ gzip:   0.10 kB
dist/assets/extra_soft_tentacles-extraRight-background-owKokWVi.js                            0.08 kB │ gzip:   0.10 kB
dist/assets/extra_soft_tentacles-extraRight-foreground-B7I_xn1k.js                            0.08 kB │ gzip:   0.10 kB
dist/assets/extra_soft_tentacles-extraRight-foreground-D0PbvZZc.js                            0.08 kB │ gzip:   0.10 kB
dist/assets/extra_soft_tentacles-extraRight-foreground-DZ403NAw.js                            0.08 kB │ gzip:   0.10 kB
dist/assets/extra_soft_tentacles-extraRight-foreground-DaG3HpGL.js                            0.08 kB │ gzip:   0.10 kB
dist/assets/extra_soft_tentacles-extraRight-foreground-DkIZQsLD.js                            0.08 kB │ gzip:   0.10 kB
dist/assets/extra_soft_tentacles-extraRight-foreground-Fj8umdPa.js                            0.08 kB │ gzip:   0.10 kB
dist/assets/extra_soft_tentacles-extraRight-foreground-I8y3e3vu.js                            0.08 kB │ gzip:   0.10 kB
dist/assets/extra_soft_tentacles-extraRight-foreground-UkcovJab.js                            0.08 kB │ gzip:   0.10 kB
dist/assets/extra_soft_tentacles-extraRight-foreground-l59fkuNO.js                            0.08 kB │ gzip:   0.10 kB
dist/assets/legs_shadow_tiptoe-floating-hipRight--ImyypYE.js                                  0.08 kB │ gzip:   0.10 kB
dist/assets/legs_shadow_tiptoe-floating-hipRight-4zXMRItu.js                                  0.08 kB │ gzip:   0.10 kB
dist/assets/legs_shadow_tiptoe-floating-hipRight-AH-tIVTt.js                                  0.08 kB │ gzip:   0.10 kB
dist/assets/tail_mushroom_cluster-biped-tailRoot-BOt7mtUl.js                                  0.08 kB │ gzip:   0.10 kB
dist/assets/tail_mushroom_cluster-biped-tailRoot-BycjYH4D.js                                  0.08 kB │ gzip:   0.10 kB
dist/assets/arms_long_noodle-floating-shoulderLeft-BC-s4XU4.js                                0.08 kB │ gzip:   0.10 kB
dist/assets/arms_long_noodle-floating-shoulderLeft-C4FBFa4t.js                                0.08 kB │ gzip:   0.10 kB
dist/assets/arms_long_noodle-floating-shoulderLeft-CgcLcbbm.js                                0.08 kB │ gzip:   0.10 kB
dist/assets/arms_long_noodle-shoulderRight-background-DFbxAgc5.js                             0.08 kB │ gzip:   0.10 kB
dist/assets/arms_long_noodle-shoulderRight-background-DHL2eR89.js                             0.08 kB │ gzip:   0.10 kB
dist/assets/arms_long_noodle-shoulderRight-background-Dhq0PwSC.js                             0.08 kB │ gzip:   0.10 kB
dist/assets/arms_long_noodle-shoulderRight-contour-BykagiSQ.js                                0.08 kB │ gzip:   0.10 kB
dist/assets/arms_long_noodle-shoulderRight-contour-C4xfE7KB.js                                0.08 kB │ gzip:   0.10 kB
dist/assets/arms_long_noodle-shoulderRight-contour-DFbxAgc5.js                                0.08 kB │ gzip:   0.10 kB
dist/assets/arms_long_noodle-shoulderRight-contour-DHL2eR89.js                                0.08 kB │ gzip:   0.10 kB
dist/assets/arms_long_noodle-shoulderRight-contour-Dhq0PwSC.js                                0.08 kB │ gzip:   0.10 kB
dist/assets/arms_long_noodle-shoulderRight-contour-uxj118Mj.js                                0.08 kB │ gzip:   0.10 kB
dist/assets/arms_long_noodle-shoulderRight-foreground-DFbxAgc5.js                             0.08 kB │ gzip:   0.10 kB
dist/assets/arms_long_noodle-shoulderRight-foreground-DHL2eR89.js                             0.08 kB │ gzip:   0.10 kB
dist/assets/arms_long_noodle-shoulderRight-foreground-Dhq0PwSC.js                             0.08 kB │ gzip:   0.10 kB
dist/assets/arms_short_plush-floating-shoulderLeft-CBdJw3c-.js                                0.08 kB │ gzip:   0.10 kB
dist/assets/arms_short_plush-floating-shoulderLeft-DHFEtErF.js                                0.08 kB │ gzip:   0.10 kB
dist/assets/arms_short_plush-floating-shoulderLeft-jZ3NT2VZ.js                                0.08 kB │ gzip:   0.10 kB
dist/assets/arms_short_plush-shoulderRight-background-C6Ldbpvi.js                             0.08 kB │ gzip:   0.10 kB
dist/assets/arms_short_plush-shoulderRight-background-DzdmkhGM.js                             0.08 kB │ gzip:   0.10 kB
dist/assets/arms_short_plush-shoulderRight-background-eH3sz8YL.js                             0.08 kB │ gzip:   0.10 kB
dist/assets/arms_short_plush-shoulderRight-contour-C6Ldbpvi.js                                0.08 kB │ gzip:   0.10 kB
dist/assets/arms_short_plush-shoulderRight-contour-DzdmkhGM.js                                0.08 kB │ gzip:   0.10 kB
dist/assets/arms_short_plush-shoulderRight-contour-eH3sz8YL.js                                0.08 kB │ gzip:   0.10 kB
dist/assets/arms_short_plush-shoulderRight-foreground-C6Ldbpvi.js                             0.08 kB │ gzip:   0.10 kB
dist/assets/arms_short_plush-shoulderRight-foreground-DzdmkhGM.js                             0.08 kB │ gzip:   0.10 kB
dist/assets/arms_short_plush-shoulderRight-foreground-eH3sz8YL.js                             0.08 kB │ gzip:   0.10 kB
dist/assets/body_biped_peanut-extraLeft-background-BSe74paC.js                                0.08 kB │ gzip:   0.10 kB
dist/assets/body_biped_peanut-extraLeft-background-CloXkbRk.js                                0.08 kB │ gzip:   0.10 kB
dist/assets/body_biped_peanut-extraLeft-background-DyCQRshz.js                                0.08 kB │ gzip:   0.10 kB
dist/assets/body_biped_peanut-extraLeft-foreground-32zoERSk.js                                0.08 kB │ gzip:   0.10 kB
dist/assets/body_biped_peanut-extraLeft-foreground-B9Ry_gQZ.js                                0.08 kB │ gzip:   0.10 kB
dist/assets/body_biped_peanut-extraLeft-foreground-CGAlSgT5.js                                0.08 kB │ gzip:   0.10 kB
dist/assets/body_biped_peanut-shoulderLeft-background-BAP9iCyI.js                             0.08 kB │ gzip:   0.10 kB
dist/assets/body_biped_peanut-shoulderLeft-background-CLVZUggo.js                             0.08 kB │ gzip:   0.10 kB
dist/assets/body_biped_peanut-shoulderLeft-background-Drsj1amv.js                             0.08 kB │ gzip:   0.10 kB
dist/assets/body_biped_peanut-shoulderLeft-contour-BAP9iCyI.js                                0.08 kB │ gzip:   0.10 kB
dist/assets/body_biped_peanut-shoulderLeft-contour-CLVZUggo.js                                0.08 kB │ gzip:   0.10 kB
dist/assets/body_biped_peanut-shoulderLeft-contour-Drsj1amv.js                                0.08 kB │ gzip:   0.10 kB
dist/assets/body_biped_peanut-shoulderLeft-foreground-BAP9iCyI.js                             0.08 kB │ gzip:   0.10 kB
dist/assets/body_biped_peanut-shoulderLeft-foreground-CLVZUggo.js                             0.08 kB │ gzip:   0.10 kB
dist/assets/body_biped_peanut-shoulderLeft-foreground-Drsj1amv.js                             0.08 kB │ gzip:   0.10 kB
dist/assets/body_blob_wide-shoulderLeft-background-B4qy4-DD.js                                0.08 kB │ gzip:   0.10 kB
dist/assets/body_blob_wide-shoulderLeft-background-CIOiUxFj.js                                0.08 kB │ gzip:   0.10 kB
dist/assets/body_blob_wide-shoulderLeft-background-D8F0Y6o_.js                                0.08 kB │ gzip:   0.10 kB
dist/assets/body_blob_wide-shoulderLeft-foreground-BkBf0PiV.js                                0.08 kB │ gzip:   0.10 kB
dist/assets/body_blob_wide-shoulderLeft-foreground-D1WelPSQ.js                                0.08 kB │ gzip:   0.10 kB
dist/assets/body_blob_wide-shoulderLeft-foreground-DxW89mpD.js                                0.08 kB │ gzip:   0.10 kB
dist/assets/body_feline_sit_plush-tailRoot-contour-DtCjiBRw.js                                0.08 kB │ gzip:   0.10 kB
dist/assets/body_feline_sit_round-tailRoot-contour-CRVZ_LZ-.js                                0.08 kB │ gzip:   0.10 kB
dist/assets/body_floating_drop-hipRight-background-BFSa4950.js                                0.08 kB │ gzip:   0.10 kB
dist/assets/body_floating_drop-hipRight-background-CoV49CA8.js                                0.08 kB │ gzip:   0.10 kB
dist/assets/body_floating_drop-hipRight-background-GjiWXKjP.js                                0.08 kB │ gzip:   0.10 kB
dist/assets/body_floating_drop-hipRight-foreground-CdbCjbKx.js                                0.08 kB │ gzip:   0.10 kB
dist/assets/body_floating_drop-hipRight-foreground-D9Zd805m.js                                0.08 kB │ gzip:   0.10 kB
dist/assets/body_floating_drop-hipRight-foreground-W97Xtl0Q.js                                0.08 kB │ gzip:   0.10 kB
dist/assets/body_floating_drop-tailRoot-background-BAqOels1.js                                0.08 kB │ gzip:   0.10 kB
dist/assets/body_floating_drop-tailRoot-background-DNbm1hIq.js                                0.08 kB │ gzip:   0.10 kB
dist/assets/body_floating_drop-tailRoot-background-DSSRec4o.js                                0.08 kB │ gzip:   0.10 kB
dist/assets/body_floating_drop-tailRoot-foreground-BmmiRufj.js                                0.08 kB │ gzip:   0.10 kB
dist/assets/body_floating_drop-tailRoot-foreground-CX9L-YKk.js                                0.08 kB │ gzip:   0.10 kB
dist/assets/body_floating_drop-tailRoot-foreground-D9iqF8dO.js                                0.08 kB │ gzip:   0.10 kB
dist/assets/extra_soft_tentacles-biped-extraRight-91wpDyL0.js                                 0.08 kB │ gzip:   0.10 kB
dist/assets/extra_soft_tentacles-biped-extraRight-BxxyTyYn.js                                 0.08 kB │ gzip:   0.10 kB
dist/assets/extra_soft_tentacles-biped-extraRight-CWTVEjDD.js                                 0.08 kB │ gzip:   0.10 kB
dist/assets/arms_long_noodle-floating-shoulderLeft-B4Ao4wyP.js                                0.09 kB │ gzip:   0.10 kB
dist/assets/arms_long_noodle-floating-shoulderLeft-C5BJqXeq.js                                0.09 kB │ gzip:   0.10 kB
dist/assets/arms_long_noodle-floating-shoulderLeft-Tx3j9fcc.js                                0.09 kB │ gzip:   0.10 kB
dist/assets/arms_long_noodle-floating-shoulderRight-BgbvgH89.js                               0.09 kB │ gzip:   0.10 kB
dist/assets/arms_long_noodle-floating-shoulderRight-BoHBhijZ.js                               0.09 kB │ gzip:   0.10 kB
dist/assets/arms_long_noodle-floating-shoulderRight-W20KJn_g.js                               0.09 kB │ gzip:   0.10 kB
dist/assets/arms_short_plush-floating-shoulderLeft-BPEYJSLJ.js                                0.09 kB │ gzip:   0.10 kB
dist/assets/arms_short_plush-floating-shoulderLeft-Bv5m0xDI.js                                0.09 kB │ gzip:   0.10 kB
dist/assets/arms_short_plush-floating-shoulderLeft-Cwd2LTi9.js                                0.09 kB │ gzip:   0.10 kB
dist/assets/arms_short_plush-floating-shoulderRight-B4Jg3T7C.js                               0.09 kB │ gzip:   0.10 kB
dist/assets/arms_short_plush-floating-shoulderRight-DbDdhCyP.js                               0.09 kB │ gzip:   0.10 kB
dist/assets/arms_short_plush-floating-shoulderRight-b56Idmgk.js                               0.09 kB │ gzip:   0.10 kB
dist/assets/body_biped_peanut-extraRight-background-CufZcUrP.js                               0.09 kB │ gzip:   0.10 kB
dist/assets/body_biped_peanut-extraRight-background-DLetXW-F.js                               0.09 kB │ gzip:   0.10 kB
dist/assets/body_biped_peanut-extraRight-background-bgVwwCqO.js                               0.09 kB │ gzip:   0.10 kB
dist/assets/body_biped_peanut-extraRight-foreground-Bea23Iyf.js                               0.09 kB │ gzip:   0.10 kB
dist/assets/body_biped_peanut-extraRight-foreground-CQFvQqI5.js                               0.09 kB │ gzip:   0.10 kB
dist/assets/body_biped_peanut-extraRight-foreground-HFDEgzGb.js                               0.09 kB │ gzip:   0.10 kB
dist/assets/body_biped_peanut-shoulderRight-background-DVGhO_xy.js                            0.09 kB │ gzip:   0.10 kB
dist/assets/body_biped_peanut-shoulderRight-background-DXKQEtTS.js                            0.09 kB │ gzip:   0.10 kB
dist/assets/body_biped_peanut-shoulderRight-background-N8jsalqQ.js                            0.09 kB │ gzip:   0.10 kB
dist/assets/body_biped_peanut-shoulderRight-contour-DVGhO_xy.js                               0.09 kB │ gzip:   0.10 kB
dist/assets/body_biped_peanut-shoulderRight-contour-DXKQEtTS.js                               0.09 kB │ gzip:   0.10 kB
dist/assets/body_biped_peanut-shoulderRight-contour-N8jsalqQ.js                               0.09 kB │ gzip:   0.10 kB
dist/assets/body_biped_peanut-shoulderRight-foreground-DVGhO_xy.js                            0.09 kB │ gzip:   0.10 kB
dist/assets/body_biped_peanut-shoulderRight-foreground-DXKQEtTS.js                            0.09 kB │ gzip:   0.10 kB
dist/assets/body_biped_peanut-shoulderRight-foreground-N8jsalqQ.js                            0.09 kB │ gzip:   0.10 kB
dist/assets/body_blob_round-shoulderLeft-background-BtOy81Yv.js                               0.09 kB │ gzip:   0.10 kB
dist/assets/body_blob_round-shoulderLeft-background-CjcNnZ2W.js                               0.09 kB │ gzip:   0.10 kB
dist/assets/body_blob_round-shoulderLeft-background-KzA1yAlJ.js                               0.09 kB │ gzip:   0.10 kB
dist/assets/body_blob_round-shoulderLeft-foreground-Beg9iAJP.js                               0.09 kB │ gzip:   0.10 kB
dist/assets/body_blob_round-shoulderLeft-foreground-CLF-lPlP.js                               0.09 kB │ gzip:   0.10 kB
dist/assets/body_blob_round-shoulderLeft-foreground-DodtALAx.js                               0.09 kB │ gzip:   0.10 kB
dist/assets/body_blob_wide-shoulderRight-background-B8uZ3BGq.js                               0.09 kB │ gzip:   0.10 kB
dist/assets/body_blob_wide-shoulderRight-background-PWXcW5Ui.js                               0.09 kB │ gzip:   0.10 kB
dist/assets/body_blob_wide-shoulderRight-background-fF-RsBgX.js                               0.09 kB │ gzip:   0.10 kB
dist/assets/body_blob_wide-shoulderRight-foreground-BtXMWQBq.js                               0.09 kB │ gzip:   0.10 kB
dist/assets/body_blob_wide-shoulderRight-foreground-C-8jUSQM.js                               0.09 kB │ gzip:   0.10 kB
dist/assets/body_blob_wide-shoulderRight-foreground-DAub2_nt.js                               0.09 kB │ gzip:   0.10 kB
dist/assets/body_floating_drop-extraLeft-background-B23phNUo.js                               0.09 kB │ gzip:   0.10 kB
dist/assets/body_floating_drop-extraLeft-background-BhIvrgny.js                               0.09 kB │ gzip:   0.10 kB
dist/assets/body_floating_drop-extraLeft-background-CQm5Zejk.js                               0.09 kB │ gzip:   0.10 kB
dist/assets/body_floating_drop-extraLeft-foreground-BKKwf9qx.js                               0.09 kB │ gzip:   0.10 kB
dist/assets/body_floating_drop-extraLeft-foreground-COiLhXrm.js                               0.09 kB │ gzip:   0.10 kB
dist/assets/body_floating_drop-extraLeft-foreground-DjulFRPu.js                               0.09 kB │ gzip:   0.10 kB
dist/assets/body_floating_drop-shoulderLeft-contour-CRizUq45.js                               0.09 kB │ gzip:   0.10 kB
dist/assets/body_floating_drop-shoulderLeft-contour-Csf4KXOi.js                               0.09 kB │ gzip:   0.10 kB
dist/assets/body_floating_drop-shoulderLeft-contour-xLcit2uJ.js                               0.09 kB │ gzip:   0.10 kB
dist/assets/extra_soft_tentacles-floating-extraLeft-BCQowg7W.js                               0.09 kB │ gzip:   0.10 kB
dist/assets/extra_soft_tentacles-floating-extraLeft-CvJsaXgD.js                               0.09 kB │ gzip:   0.10 kB
dist/assets/extra_soft_tentacles-floating-extraLeft-Dt0aQg86.js                               0.09 kB │ gzip:   0.10 kB
dist/assets/arms_long_noodle-floating-shoulderRight-BgHIdsHp.js                               0.09 kB │ gzip:   0.10 kB
dist/assets/arms_long_noodle-floating-shoulderRight-BtLCN0Wj.js                               0.09 kB │ gzip:   0.10 kB
dist/assets/arms_long_noodle-floating-shoulderRight-S0raYw4y.js                               0.09 kB │ gzip:   0.10 kB
dist/assets/arms_short_plush-floating-shoulderRight-0hma6dHB.js                               0.09 kB │ gzip:   0.10 kB
dist/assets/arms_short_plush-floating-shoulderRight-DSljohpn.js                               0.09 kB │ gzip:   0.10 kB
dist/assets/arms_short_plush-floating-shoulderRight-D_L30Ceq.js                               0.09 kB │ gzip:   0.10 kB
dist/assets/body_blob_round-shoulderRight-background-BV7uQkgQ.js                              0.09 kB │ gzip:   0.10 kB
dist/assets/body_blob_round-shoulderRight-background-CkRXnwc4.js                              0.09 kB │ gzip:   0.10 kB
dist/assets/body_blob_round-shoulderRight-background-Cpe9udO6.js                              0.09 kB │ gzip:   0.10 kB
dist/assets/body_blob_round-shoulderRight-foreground-Ca9A_o7T.js                              0.09 kB │ gzip:   0.10 kB
dist/assets/body_blob_round-shoulderRight-foreground-CvAaBtPh.js                              0.09 kB │ gzip:   0.10 kB
dist/assets/body_blob_round-shoulderRight-foreground-QqxtiiRT.js                              0.09 kB │ gzip:   0.10 kB
dist/assets/body_floating_drop-extraRight-background-Cd6mEGN9.js                              0.09 kB │ gzip:   0.10 kB
dist/assets/body_floating_drop-extraRight-background-Cxj4IUFM.js                              0.09 kB │ gzip:   0.10 kB
dist/assets/body_floating_drop-extraRight-background-Rbk6WF_x.js                              0.09 kB │ gzip:   0.10 kB
dist/assets/body_floating_drop-extraRight-foreground-CGjj1FIj.js                              0.09 kB │ gzip:   0.10 kB
dist/assets/body_floating_drop-extraRight-foreground-DkVfAuBg.js                              0.09 kB │ gzip:   0.10 kB
dist/assets/body_floating_drop-extraRight-foreground-GubaE5mM.js                              0.09 kB │ gzip:   0.10 kB
dist/assets/body_floating_drop-shoulderRight-contour-6t2-PHcX.js                              0.09 kB │ gzip:   0.10 kB
dist/assets/body_floating_drop-shoulderRight-contour-B61LAFKf.js                              0.09 kB │ gzip:   0.10 kB
dist/assets/body_floating_drop-shoulderRight-contour-Bd_W2B7F.js                              0.09 kB │ gzip:   0.10 kB
dist/assets/extra_soft_tentacles-floating-extraLeft-BHIkW8JH.js                               0.09 kB │ gzip:   0.10 kB
dist/assets/extra_soft_tentacles-floating-extraLeft-CY-WpYnX.js                               0.09 kB │ gzip:   0.10 kB
dist/assets/extra_soft_tentacles-floating-extraLeft-D9pplEIu.js                               0.09 kB │ gzip:   0.10 kB
dist/assets/extra_soft_tentacles-floating-extraRight-CS9_EBKy.js                              0.09 kB │ gzip:   0.10 kB
dist/assets/extra_soft_tentacles-floating-extraRight-CmE8ytjr.js                              0.09 kB │ gzip:   0.10 kB
dist/assets/extra_soft_tentacles-floating-extraRight-DihSlBXR.js                              0.09 kB │ gzip:   0.10 kB
dist/assets/tail_feline_star_tip-tailRoot-background-BQGy6md3.js                              0.09 kB │ gzip:   0.10 kB
dist/assets/tail_feline_star_tip-tailRoot-foreground-NnwStoBx.js                              0.09 kB │ gzip:   0.10 kB
dist/assets/arms_long_noodle-shoulderRight-background-CdbeXiZE.js                             0.09 kB │ gzip:   0.10 kB
dist/assets/arms_long_noodle-shoulderRight-background-DleMKe7v.js                             0.09 kB │ gzip:   0.10 kB
dist/assets/arms_long_noodle-shoulderRight-background-mjE51ZnC.js                             0.09 kB │ gzip:   0.10 kB
dist/assets/arms_long_noodle-shoulderRight-foreground-8xKaBvj-.js                             0.09 kB │ gzip:   0.10 kB
dist/assets/arms_long_noodle-shoulderRight-foreground-BUGiObLf.js                             0.09 kB │ gzip:   0.10 kB
dist/assets/arms_long_noodle-shoulderRight-foreground-CuR8AvbX.js                             0.09 kB │ gzip:   0.10 kB
dist/assets/body_feline_sit_plush-tailRoot-background-Da5pvZSk.js                             0.09 kB │ gzip:   0.10 kB
dist/assets/body_feline_sit_plush-tailRoot-foreground-ChqLLnK8.js                             0.09 kB │ gzip:   0.10 kB
dist/assets/body_feline_sit_round-tailRoot-background-ChxBo8hE.js                             0.09 kB │ gzip:   0.10 kB
dist/assets/body_feline_sit_round-tailRoot-foreground-XTFC6Rj8.js                             0.09 kB │ gzip:   0.10 kB
dist/assets/extra_soft_tentacles-floating-extraRight-D3AHpqxy.js                              0.09 kB │ gzip:   0.10 kB
dist/assets/extra_soft_tentacles-floating-extraRight-DepIrhxa.js                              0.09 kB │ gzip:   0.10 kB
dist/assets/extra_soft_tentacles-floating-extraRight-Dx_kC2Zx.js                              0.09 kB │ gzip:   0.10 kB
dist/assets/body_floating_drop-shoulderLeft-background-Dfb4DDPL.js                            0.09 kB │ gzip:   0.11 kB
dist/assets/body_floating_drop-shoulderLeft-background-Dw12o8wB.js                            0.09 kB │ gzip:   0.11 kB
dist/assets/body_floating_drop-shoulderLeft-background-bOr40q0t.js                            0.09 kB │ gzip:   0.11 kB
dist/assets/body_floating_drop-shoulderLeft-foreground-BwtgODhF.js                            0.09 kB │ gzip:   0.10 kB
dist/assets/body_floating_drop-shoulderLeft-foreground-DEy68E9-.js                            0.09 kB │ gzip:   0.10 kB
dist/assets/body_floating_drop-shoulderLeft-foreground-DaydoutT.js                            0.09 kB │ gzip:   0.10 kB
dist/assets/body_floating_drop-shoulderRight-background-BfKEwVAp.js                           0.09 kB │ gzip:   0.11 kB
dist/assets/body_floating_drop-shoulderRight-background-ClJeBMCo.js                           0.09 kB │ gzip:   0.11 kB
dist/assets/body_floating_drop-shoulderRight-background-Ds4U2Gn1.js                           0.09 kB │ gzip:   0.11 kB
dist/assets/body_floating_drop-shoulderRight-foreground-BCRIJtW6.js                           0.09 kB │ gzip:   0.10 kB
dist/assets/body_floating_drop-shoulderRight-foreground-Bd4N0ssU.js                           0.09 kB │ gzip:   0.10 kB
dist/assets/body_floating_drop-shoulderRight-foreground-COVd8JfE.js                           0.09 kB │ gzip:   0.10 kB
dist/assets/color_deep_sea_coral-2YWvFboC.js                                                  0.16 kB │ gzip:   0.16 kB
dist/assets/color_deep_sea_coral-BVAiWXGR.js                                                  0.16 kB │ gzip:   0.16 kB
dist/assets/color_deep_sea_coral-Biqq361w.js                                                  0.16 kB │ gzip:   0.16 kB
dist/assets/color_deep_sea_coral-CCqppm0h.js                                                  0.16 kB │ gzip:   0.16 kB
dist/assets/color_deep_sea_coral-CxuWUv_N.js                                                  0.16 kB │ gzip:   0.16 kB
dist/assets/color_fungal_amber-2YWvFboC.js                                                    0.16 kB │ gzip:   0.16 kB
dist/assets/color_fungal_amber-BVAiWXGR.js                                                    0.16 kB │ gzip:   0.16 kB
dist/assets/color_fungal_amber-Biqq361w.js                                                    0.16 kB │ gzip:   0.16 kB
dist/assets/color_fungal_amber-CCqppm0h.js                                                    0.16 kB │ gzip:   0.16 kB
dist/assets/color_fungal_amber-CxuWUv_N.js                                                    0.16 kB │ gzip:   0.16 kB
dist/assets/color_shadow_violet-2YWvFboC.js                                                   0.16 kB │ gzip:   0.16 kB
dist/assets/color_shadow_violet-BVAiWXGR.js                                                   0.16 kB │ gzip:   0.16 kB
dist/assets/color_shadow_violet-Biqq361w.js                                                   0.16 kB │ gzip:   0.16 kB
dist/assets/color_shadow_violet-CCqppm0h.js                                                   0.16 kB │ gzip:   0.16 kB
dist/assets/color_shadow_violet-CxuWUv_N.js                                                   0.16 kB │ gzip:   0.16 kB
dist/assets/effect_none-2YWvFboC.js                                                           0.16 kB │ gzip:   0.16 kB
dist/assets/effect_none-BVAiWXGR.js                                                           0.16 kB │ gzip:   0.16 kB
dist/assets/effect_none-Biqq361w.js                                                           0.16 kB │ gzip:   0.16 kB
dist/assets/effect_none-CCqppm0h.js                                                           0.16 kB │ gzip:   0.16 kB
dist/assets/effect_none-CxuWUv_N.js                                                           0.16 kB │ gzip:   0.16 kB
dist/assets/extra_appendage_none-Biqq361w.js                                                  0.16 kB │ gzip:   0.16 kB
dist/assets/extra_appendage_none-CxuWUv_N.js                                                  0.16 kB │ gzip:   0.16 kB
dist/assets/head_appendage_none-2YWvFboC.js                                                   0.16 kB │ gzip:   0.16 kB
dist/assets/head_appendage_none-BVAiWXGR.js                                                   0.16 kB │ gzip:   0.16 kB
dist/assets/head_appendage_none-Biqq361w.js                                                   0.16 kB │ gzip:   0.16 kB
dist/assets/head_appendage_none-CCqppm0h.js                                                   0.16 kB │ gzip:   0.16 kB
dist/assets/head_appendage_none-CxuWUv_N.js                                                   0.16 kB │ gzip:   0.16 kB
dist/assets/tail_none-Biqq361w.js                                                             0.16 kB │ gzip:   0.16 kB
dist/assets/tail_none-CxuWUv_N.js                                                             0.16 kB │ gzip:   0.16 kB
dist/assets/effect_feline_none-B51bLCzG.js                                                    0.34 kB │ gzip:   0.16 kB
dist/assets/effect_n_none-B51bLCzG.js                                                         0.34 kB │ gzip:   0.16 kB
dist/assets/oral_feline_none-B51bLCzG.js                                                      0.34 kB │ gzip:   0.16 kB
dist/assets/tail-KQQUAMMN.js                                                                  0.71 kB │ gzip:   0.59 kB
dist/assets/neck-CEbYnFdF.js                                                                  0.79 kB │ gzip:   0.65 kB
dist/assets/v09Preview-CDMgaLap.js                                                            0.84 kB │ gzip:   0.53 kB
dist/assets/hip-back-CEnxMOjc.js                                                              1.34 kB │ gzip:   0.30 kB
dist/assets/hip-back-CpFwHT6U.js                                                              1.34 kB │ gzip:   0.30 kB
dist/assets/hip-back-D7CEnbK-.js                                                              1.34 kB │ gzip:   0.30 kB
dist/assets/hip-back-Dotf1rFX.js                                                              1.34 kB │ gzip:   0.30 kB
dist/assets/hip-back-DzSxV-Ew.js                                                              1.34 kB │ gzip:   0.30 kB
dist/assets/hip-back-aesywRd9.js                                                              1.34 kB │ gzip:   0.30 kB
dist/assets/hip-back-mx1sCya2.js                                                              1.34 kB │ gzip:   0.30 kB
dist/assets/hip-back-oY8jaqwB.js                                                              1.34 kB │ gzip:   0.30 kB
dist/assets/hip-back-y1LYBIFD.js                                                              1.34 kB │ gzip:   0.30 kB
dist/assets/neck-back-CEnxMOjc.js                                                             1.34 kB │ gzip:   0.30 kB
dist/assets/neck-back-CpFwHT6U.js                                                             1.34 kB │ gzip:   0.30 kB
dist/assets/neck-back-D7CEnbK-.js                                                             1.34 kB │ gzip:   0.30 kB
dist/assets/neck-back-Dotf1rFX.js                                                             1.34 kB │ gzip:   0.30 kB
dist/assets/neck-back-DzSxV-Ew.js                                                             1.34 kB │ gzip:   0.30 kB
dist/assets/neck-back-aesywRd9.js                                                             1.34 kB │ gzip:   0.30 kB
dist/assets/neck-back-mx1sCya2.js                                                             1.34 kB │ gzip:   0.30 kB
dist/assets/neck-back-oY8jaqwB.js                                                             1.34 kB │ gzip:   0.30 kB
dist/assets/neck-back-y1LYBIFD.js                                                             1.34 kB │ gzip:   0.30 kB
dist/assets/shoulder-back-CEnxMOjc.js                                                         1.34 kB │ gzip:   0.30 kB
dist/assets/shoulder-back-CpFwHT6U.js                                                         1.34 kB │ gzip:   0.30 kB
dist/assets/shoulder-back-D7CEnbK-.js                                                         1.34 kB │ gzip:   0.30 kB
dist/assets/shoulder-back-Dotf1rFX.js                                                         1.34 kB │ gzip:   0.30 kB
dist/assets/shoulder-back-DzSxV-Ew.js                                                         1.34 kB │ gzip:   0.30 kB
dist/assets/shoulder-back-aesywRd9.js                                                         1.34 kB │ gzip:   0.30 kB
dist/assets/shoulder-back-mx1sCya2.js                                                         1.34 kB │ gzip:   0.30 kB
dist/assets/shoulder-back-oY8jaqwB.js                                                         1.34 kB │ gzip:   0.30 kB
dist/assets/shoulder-back-y1LYBIFD.js                                                         1.34 kB │ gzip:   0.30 kB
dist/assets/extra-back-BMkWIGNY.js                                                            1.54 kB │ gzip:   0.53 kB
dist/assets/extra-back-BcH1HeDX.js                                                            1.54 kB │ gzip:   0.53 kB
dist/assets/extra-back-BkjG6AJl.js                                                            1.54 kB │ gzip:   0.53 kB
dist/assets/extra-back-CjnZXaps.js                                                            1.54 kB │ gzip:   0.53 kB
dist/assets/extra-back-CsfH7rnL.js                                                            1.54 kB │ gzip:   0.53 kB
dist/assets/extra-back-DUvOBpnf.js                                                            1.54 kB │ gzip:   0.53 kB
dist/assets/extra-back-DjjgNEtz.js                                                            1.54 kB │ gzip:   0.53 kB
dist/assets/extra-back-JM_kpqmL.js                                                            1.54 kB │ gzip:   0.53 kB
dist/assets/extra-back-Z8wkpY-J.js                                                            1.54 kB │ gzip:   0.53 kB
dist/assets/tail-back-BMkWIGNY.js                                                             1.54 kB │ gzip:   0.53 kB
dist/assets/tail-back-BcH1HeDX.js                                                             1.54 kB │ gzip:   0.53 kB
dist/assets/tail-back-BkjG6AJl.js                                                             1.54 kB │ gzip:   0.53 kB
dist/assets/tail-back-CjnZXaps.js                                                             1.54 kB │ gzip:   0.53 kB
dist/assets/tail-back-CsfH7rnL.js                                                             1.54 kB │ gzip:   0.53 kB
dist/assets/tail-back-DUvOBpnf.js                                                             1.54 kB │ gzip:   0.53 kB
dist/assets/tail-back-DjjgNEtz.js                                                             1.54 kB │ gzip:   0.53 kB
dist/assets/tail-back-JM_kpqmL.js                                                             1.54 kB │ gzip:   0.53 kB
dist/assets/tail-back-Z8wkpY-J.js                                                             1.54 kB │ gzip:   0.53 kB
dist/assets/extra-front-Bv1MwR_j.js                                                           1.54 kB │ gzip:   0.54 kB
dist/assets/extra-front-BzHUnxqz.js                                                           1.54 kB │ gzip:   0.54 kB
dist/assets/extra-front-Cd_jSsDh.js                                                           1.54 kB │ gzip:   0.54 kB
dist/assets/extra-front-Cj4CMvl8.js                                                           1.54 kB │ gzip:   0.54 kB
dist/assets/extra-front-DFqeuK23.js                                                           1.54 kB │ gzip:   0.54 kB
dist/assets/extra-front-DPDGPNBS.js                                                           1.54 kB │ gzip:   0.54 kB
dist/assets/extra-front-DRaud-v_.js                                                           1.54 kB │ gzip:   0.54 kB
dist/assets/extra-front-Dt9xr4NL.js                                                           1.54 kB │ gzip:   0.54 kB
dist/assets/extra-front-UFD5xwA5.js                                                           1.54 kB │ gzip:   0.54 kB
dist/assets/hip-front-Bv1MwR_j.js                                                             1.54 kB │ gzip:   0.54 kB
dist/assets/hip-front-BzHUnxqz.js                                                             1.54 kB │ gzip:   0.54 kB
dist/assets/hip-front-Cd_jSsDh.js                                                             1.54 kB │ gzip:   0.54 kB
dist/assets/hip-front-Cj4CMvl8.js                                                             1.54 kB │ gzip:   0.54 kB
dist/assets/hip-front-DFqeuK23.js                                                             1.54 kB │ gzip:   0.54 kB
dist/assets/hip-front-DPDGPNBS.js                                                             1.54 kB │ gzip:   0.54 kB
dist/assets/hip-front-DRaud-v_.js                                                             1.54 kB │ gzip:   0.54 kB
dist/assets/hip-front-Dt9xr4NL.js                                                             1.54 kB │ gzip:   0.54 kB
dist/assets/hip-front-UFD5xwA5.js                                                             1.54 kB │ gzip:   0.54 kB
dist/assets/neck-front-Bv1MwR_j.js                                                            1.54 kB │ gzip:   0.54 kB
dist/assets/neck-front-BzHUnxqz.js                                                            1.54 kB │ gzip:   0.54 kB
dist/assets/neck-front-Cd_jSsDh.js                                                            1.54 kB │ gzip:   0.54 kB
dist/assets/neck-front-Cj4CMvl8.js                                                            1.54 kB │ gzip:   0.54 kB
dist/assets/neck-front-DFqeuK23.js                                                            1.54 kB │ gzip:   0.54 kB
dist/assets/neck-front-DPDGPNBS.js                                                            1.54 kB │ gzip:   0.54 kB
dist/assets/neck-front-DRaud-v_.js                                                            1.54 kB │ gzip:   0.54 kB
dist/assets/neck-front-Dt9xr4NL.js                                                            1.54 kB │ gzip:   0.54 kB
dist/assets/neck-front-UFD5xwA5.js                                                            1.54 kB │ gzip:   0.54 kB
dist/assets/shoulder-front-Bv1MwR_j.js                                                        1.54 kB │ gzip:   0.54 kB
dist/assets/shoulder-front-BzHUnxqz.js                                                        1.54 kB │ gzip:   0.54 kB
dist/assets/shoulder-front-Cd_jSsDh.js                                                        1.54 kB │ gzip:   0.54 kB
dist/assets/shoulder-front-Cj4CMvl8.js                                                        1.54 kB │ gzip:   0.54 kB
dist/assets/shoulder-front-DFqeuK23.js                                                        1.54 kB │ gzip:   0.54 kB
dist/assets/shoulder-front-DPDGPNBS.js                                                        1.54 kB │ gzip:   0.54 kB
dist/assets/shoulder-front-DRaud-v_.js                                                        1.54 kB │ gzip:   0.54 kB
dist/assets/shoulder-front-Dt9xr4NL.js                                                        1.54 kB │ gzip:   0.54 kB
dist/assets/shoulder-front-UFD5xwA5.js                                                        1.54 kB │ gzip:   0.54 kB
dist/assets/tail-front-Bv1MwR_j.js                                                            1.54 kB │ gzip:   0.54 kB
dist/assets/tail-front-BzHUnxqz.js                                                            1.54 kB │ gzip:   0.54 kB
dist/assets/tail-front-Cd_jSsDh.js                                                            1.54 kB │ gzip:   0.54 kB
dist/assets/tail-front-Cj4CMvl8.js                                                            1.54 kB │ gzip:   0.54 kB
dist/assets/tail-front-DFqeuK23.js                                                            1.54 kB │ gzip:   0.54 kB
dist/assets/tail-front-DPDGPNBS.js                                                            1.54 kB │ gzip:   0.54 kB
dist/assets/tail-front-DRaud-v_.js                                                            1.54 kB │ gzip:   0.54 kB
dist/assets/tail-front-Dt9xr4NL.js                                                            1.54 kB │ gzip:   0.54 kB
dist/assets/tail-front-UFD5xwA5.js                                                            1.54 kB │ gzip:   0.54 kB
dist/assets/tail-back-CgDX4MH8.js                                                             1.60 kB │ gzip:   0.96 kB
dist/assets/tail-front-yTxh2qRS.js                                                            1.68 kB │ gzip:   1.00 kB
dist/assets/neck-back-GSCuzlE2.js                                                             1.73 kB │ gzip:   1.04 kB
dist/assets/neck-front-DpQGr7Ib.js                                                            1.75 kB │ gzip:   0.99 kB
dist/assets/tail-CCnSEZeD.js                                                                  1.94 kB │ gzip:   0.95 kB
dist/assets/neck-BXnCTVz0.js                                                                  1.96 kB │ gzip:   0.94 kB
dist/assets/legs_n_tabby-ankle-DQ1QUAkG.js                                                    3.70 kB │ gzip:   1.64 kB
dist/assets/legs_n_cream-sock-C-obX5dH.js                                                     3.71 kB │ gzip:   1.64 kB
dist/assets/legs_n_round-pad-CLuQhTk_.js                                                      3.71 kB │ gzip:   1.64 kB
dist/assets/legs_n_pale-pad-DBis4gQN.js                                                       3.72 kB │ gzip:   1.65 kB
dist/assets/legs_r_pebble-glow-D9Oe1ehe.js                                                    3.78 kB │ gzip:   1.69 kB
dist/assets/legs_r_crystal-toe-UveWlk0A.js                                                    3.78 kB │ gzip:   1.69 kB
dist/assets/legs_r_plume-ankle-PQY_ovPo.js                                                    3.79 kB │ gzip:   1.70 kB
dist/assets/legs_l_comet-hindpaws-rTeXraHD.js                                                 3.80 kB │ gzip:   1.70 kB
dist/assets/legs_n_fluffy-ankle-DxKwruf6.js                                                   3.81 kB │ gzip:   1.71 kB
dist/assets/legs_n_soft-toe-kXzz5VZQ.js                                                       3.81 kB │ gzip:   1.71 kB
dist/assets/legs_n_dark-pad-CfOXtWw0.js                                                       3.82 kB │ gzip:   1.72 kB
dist/assets/legs_r_hopper-pad-C4IU2GgX.js                                                     3.82 kB │ gzip:   1.73 kB
dist/assets/legs_n_plain-sock-CskdP1uj.js                                                     3.84 kB │ gzip:   1.73 kB
dist/assets/oralRegion-BQxrECFY.js                                                            3.90 kB │ gzip:   1.81 kB
dist/assets/production-UxsS5qLY.js                                                            4.41 kB │ gzip:   1.84 kB
dist/assets/legacyAcceptance-CQPXvCpV.js                                                      4.49 kB │ gzip:   1.90 kB
dist/assets/pattern_n_tiny-spots-DfEXRpKS.js                                                  4.69 kB │ gzip:   2.40 kB
dist/assets/effect_r_star-trail-DTB2ribf.js                                                   4.78 kB │ gzip:   2.47 kB
dist/assets/oralDetail_n_tiny-tooth-CyfTRlHX.js                                               4.82 kB │ gzip:   2.46 kB
dist/assets/oralDetail_r_pearl-tooth-WuzqegiI.js                                              4.82 kB │ gzip:   2.46 kB
dist/assets/oralDetail_n_soft-gum-Drs0dYa4.js                                                 4.84 kB │ gzip:   2.45 kB
dist/assets/oralDetail_n_tiny-lip-ChgXq3fw.js                                                 4.84 kB │ gzip:   2.47 kB
dist/assets/oralDetail_r_gold-fang-Qduq0m5e.js                                                4.86 kB │ gzip:   2.48 kB
dist/assets/oralDetail_n_cream-fang-BgH0zQ6l.js                                               4.86 kB │ gzip:   2.45 kB
dist/assets/oralDetail_n_double-tooth-B0-ILReb.js                                             4.86 kB │ gzip:   2.48 kB
dist/assets/oralDetail_r_glow-whisker-root-Ms3Q9osv.js                                        4.86 kB │ gzip:   2.46 kB
dist/assets/effect_n_soft-bokeh-Bg3z_8a9.js                                                   5.06 kB │ gzip:   2.67 kB
dist/assets/effect_n_tiny-dust-DLnfkw1L.js                                                    5.06 kB │ gzip:   2.66 kB
dist/assets/pattern_r_heart-dapple-CZIcFp-5.js                                                5.09 kB │ gzip:   2.74 kB
dist/assets/eyesRegion-D33cvEEM.js                                                            5.10 kB │ gzip:   2.83 kB
dist/assets/pattern_n_forehead-mark-C_UGQZhd.js                                               5.23 kB │ gzip:   2.93 kB
dist/assets/pattern_r_moon-swirl-Cm9sSHcZ.js                                                  5.26 kB │ gzip:   2.93 kB
dist/assets/pattern_r_constellation-DhcQOoBK.js                                               5.40 kB │ gzip:   2.96 kB
dist/assets/v09Acceptance-C2nwVVs7.js                                                        12.31 kB │ gzip:   4.86 kB
dist/assets/synthetic-B2pPBEzg.js                                                            17.92 kB │ gzip:   5.50 kB
dist/assets/catalogReport-CiFJobiN.js                                                        18.75 kB │ gzip:   5.73 kB
dist/assets/main-B5edM6Mz.js                                                                 42.91 kB │ gzip:  13.13 kB
dist/assets/tokens-CmIYZRqk.js                                                               71.04 kB │ gzip:  17.95 kB
dist/assets/e9ec104f13c2fcc2559cfddb648f3e5af18daf910a890d4c3c7ed80aecb6fb21-k0gL5jFn.js    137.98 kB │ gzip:  27.13 kB
dist/assets/client-CG2mEkH1.js                                                              181.75 kB │ gzip:  57.16 kB
dist/assets/src-Bkoogz8N.js                                                                 256.31 kB │ gzip:  68.29 kB
dist/assets/PreviewCanvas-CVx9hrKq.js                                                       632.84 kB │ gzip:  57.79 kB
dist/assets/catalog-CVdn_xdM.js                                                           1,291.25 kB │ gzip: 184.87 kB

✓ built in 19.23s
[plugin builtin:vite-reporter] 
(!) Some chunks are larger than 500 kB after minification. Consider:
- Using dynamic import() to code-split the application
- Use build.rolldownOptions.output.codeSplitting to improve chunking: https://rolldown.rs/reference/OutputOptions.codeSplitting
- Adjust chunk size limit for this warning via build.chunkSizeWarningLimit.
[33m[PLUGIN_TIMINGS] [0mYour build spent 86% of 19.2s inside plugin hooks (16.5s).
Measured inside the callback, so queue time is excluded and time the callback itself awaited is not:
  - qmonster-content-resources writeBundle (75%, 14.3s, 1 call)
Those rows are 75% of the build; the rest of the 86% is below.
Not measurable — 4 hooks whose calls overlap, so elapsed time covers work other calls were doing. Profile with `node --cpu-prof`:
  - vite:asset load (3242 calls)
  - vite:build-html transform (7 calls)
  - vite:css transform (5 calls)
  … and 1 more
See https://rolldown.rs/reference/InputOptions.checks#plugintimings for more details.


> qmonster-creator@0.1.0 test:production-smoke:prebuilt
> playwright test --config=playwright.production.config.ts --workers=1

[WebServer] (node:54256) Warning: The 'NO_COLOR' env is ignored due to the 'FORCE_COLOR' env being set.
[WebServer] (Use `node --trace-warnings ...` to show where the warning was created)
[WebServer] (node:7640) Warning: The 'NO_COLOR' env is ignored due to the 'FORCE_COLOR' env being set.
[WebServer] (Use `node --trace-warnings ...` to show where the warning was created)
[WebServer] (node:14140) Warning: The 'NO_COLOR' env is ignored due to the 'FORCE_COLOR' env being set.
[WebServer] (Use `node --trace-warnings ...` to show where the warning was created)

Running 3 tests using 1 worker
(node:51364) Warning: The 'NO_COLOR' env is ignored due to the 'FORCE_COLOR' env being set.
(Use `node --trace-warnings ...` to show where the warning was created)
Historical v0.8 replay PNG: 9bc20b5a768a0968dcd1c9cb3dc840b2294b4c928527437ad48a3380ade9114a
·Single-frame ImageBitmap lifecycle: { created: 26, closed: 26, duplicateCloses: 0 }
·Creator and catalog-report active identity: e9ec104f13c2fcc2559cfddb648f3e5af18daf910a890d4c3c7ed80aecb6fb21
·
  3 passed (12.9s)
